-- --------------------------------------------------------
-- Host:                         127.0.0.1
-- Server version:               10.1.31-MariaDB - mariadb.org binary distribution
-- Server OS:                    Win32
-- HeidiSQL Version:             9.5.0.5196
-- --------------------------------------------------------

/*!40101 SET @OLD_CHARACTER_SET_CLIENT=@@CHARACTER_SET_CLIENT */;
/*!40101 SET NAMES utf8 */;
/*!50503 SET NAMES utf8mb4 */;
/*!40014 SET @OLD_FOREIGN_KEY_CHECKS=@@FOREIGN_KEY_CHECKS, FOREIGN_KEY_CHECKS=0 */;
/*!40101 SET @OLD_SQL_MODE=@@SQL_MODE, SQL_MODE='NO_AUTO_VALUE_ON_ZERO' */;


-- Dumping database structure for bisnis_tamma
CREATE DATABASE IF NOT EXISTS `bisnis_tamma` /*!40100 DEFAULT CHARACTER SET utf8 COLLATE utf8_unicode_ci */;
USE `bisnis_tamma`;

-- Dumping structure for table bisnis_tamma.abs_pegawai_man
CREATE TABLE IF NOT EXISTS `abs_pegawai_man` (
  `apm_id` int(11) NOT NULL AUTO_INCREMENT,
  `apm_pm` int(11) unsigned DEFAULT NULL,
  `apm_tanggal` date DEFAULT NULL,
  `apm_jam_kerja` varchar(20) COLLATE utf8_unicode_ci DEFAULT NULL,
  `apm_jam_masuk` time DEFAULT NULL COMMENT 'S : Sakit | A : Alpha | I : Izin | C : Cuti | H : Hadir',
  `apm_jam_pulang` time DEFAULT NULL,
  `apm_scan_masuk` time DEFAULT NULL,
  `apm_scan_pulang` time DEFAULT NULL,
  `apm_terlambat` time DEFAULT NULL,
  `apm_plg_cepat` time DEFAULT NULL,
  `apm_absent` varchar(20) COLLATE utf8_unicode_ci DEFAULT NULL,
  `apm_lembur` time DEFAULT NULL,
  `apm_jml_jamkerja` time DEFAULT NULL,
  `apm_insert` timestamp NULL DEFAULT NULL,
  `apm_update` timestamp NULL DEFAULT NULL,
  PRIMARY KEY (`apm_id`)
) ENGINE=InnoDB AUTO_INCREMENT=133 DEFAULT CHARSET=utf8 COLLATE=utf8_unicode_ci;

-- Dumping data for table bisnis_tamma.abs_pegawai_man: ~126 rows (approximately)
DELETE FROM `abs_pegawai_man`;
/*!40000 ALTER TABLE `abs_pegawai_man` DISABLE KEYS */;
INSERT INTO `abs_pegawai_man` (`apm_id`, `apm_pm`, `apm_tanggal`, `apm_jam_kerja`, `apm_jam_masuk`, `apm_jam_pulang`, `apm_scan_masuk`, `apm_scan_pulang`, `apm_terlambat`, `apm_plg_cepat`, `apm_absent`, `apm_lembur`, `apm_jml_jamkerja`, `apm_insert`, `apm_update`) VALUES
	(7, 3, '2018-08-31', 'Normal', '08:00:00', '17:00:00', NULL, NULL, NULL, NULL, 'True', NULL, NULL, '2018-10-05 10:42:33', '2018-10-05 10:42:33'),
	(8, 3, '2018-09-01', 'Normal', '08:00:00', '17:00:00', '07:14:00', '17:15:00', NULL, NULL, NULL, NULL, '09:00:00', '2018-10-05 10:42:33', '2018-10-05 10:42:33'),
	(9, 3, '2018-09-03', 'Normal', '08:00:00', '17:00:00', '07:44:00', NULL, NULL, NULL, NULL, NULL, '08:00:00', '2018-10-05 10:42:33', '2018-10-05 10:42:33'),
	(10, 3, '2018-09-04', 'Normal', '08:00:00', '17:00:00', NULL, NULL, NULL, NULL, 'True', NULL, NULL, '2018-10-05 10:42:33', '2018-10-05 10:42:33'),
	(11, 3, '2018-09-05', 'Normal', '08:00:00', '17:00:00', NULL, NULL, NULL, NULL, 'True', NULL, NULL, '2018-10-05 10:42:33', '2018-10-05 10:42:33'),
	(12, 3, '2018-09-06', 'Normal', '08:00:00', '17:00:00', NULL, NULL, NULL, NULL, 'True', NULL, NULL, '2018-10-05 10:42:33', '2018-10-05 10:42:33'),
	(13, 2, '2018-08-31', 'Normal', '08:00:00', '17:00:00', NULL, NULL, NULL, NULL, 'True', NULL, NULL, '2018-10-05 10:42:34', '2018-10-05 10:42:34'),
	(14, 2, '2018-09-01', 'Normal', '08:00:00', '17:00:00', '08:49:00', '18:17:00', NULL, NULL, NULL, '01:31:00', '09:00:00', '2018-10-05 10:42:34', '2018-10-05 10:42:34'),
	(15, 2, '2018-09-03', 'Normal', '08:00:00', '17:00:00', '08:16:00', NULL, NULL, NULL, NULL, NULL, '08:00:00', '2018-10-05 10:42:34', '2018-10-05 10:42:34'),
	(16, 2, '2018-09-04', 'Normal', '08:00:00', '17:00:00', NULL, NULL, NULL, NULL, 'True', NULL, NULL, '2018-10-05 10:42:34', '2018-10-05 10:42:34'),
	(17, 2, '2018-09-05', 'Normal', '08:00:00', '17:00:00', NULL, NULL, NULL, NULL, 'True', NULL, NULL, '2018-10-05 10:42:34', '2018-10-05 10:42:34'),
	(18, 2, '2018-09-06', 'Normal', '08:00:00', '17:00:00', NULL, NULL, NULL, NULL, 'True', NULL, NULL, '2018-10-05 10:42:34', '2018-10-05 10:42:34'),
	(19, 4, '2018-08-31', 'Normal', '08:00:00', '17:00:00', NULL, NULL, NULL, NULL, 'True', NULL, NULL, '2018-10-05 10:42:34', '2018-10-05 10:42:34'),
	(20, 4, '2018-09-01', 'Normal', '08:00:00', '17:00:00', '06:59:00', '17:15:00', NULL, NULL, NULL, NULL, '09:00:00', '2018-10-05 10:42:34', '2018-10-05 10:42:34'),
	(21, 4, '2018-09-03', 'Normal', '08:00:00', '17:00:00', '07:45:00', NULL, NULL, NULL, NULL, NULL, '08:00:00', '2018-10-05 10:42:34', '2018-10-05 10:42:34'),
	(22, 4, '2018-09-04', 'Normal', '08:00:00', '17:00:00', NULL, NULL, NULL, NULL, 'True', NULL, NULL, '2018-10-05 10:42:34', '2018-10-05 10:42:34'),
	(23, 4, '2018-09-05', 'Normal', '08:00:00', '17:00:00', NULL, NULL, NULL, NULL, 'True', NULL, NULL, '2018-10-05 10:42:34', '2018-10-05 10:42:34'),
	(24, 4, '2018-09-06', 'Normal', '08:00:00', '17:00:00', NULL, NULL, NULL, NULL, 'True', NULL, NULL, '2018-10-05 10:42:34', '2018-10-05 10:42:34'),
	(25, 5, '2018-08-31', 'Normal', '08:00:00', '17:00:00', NULL, NULL, NULL, NULL, 'True', NULL, NULL, '2018-10-05 10:42:34', '2018-10-05 10:42:34'),
	(26, 5, '2018-09-01', 'Normal', '08:00:00', '17:00:00', NULL, '17:26:00', '01:00:00', NULL, NULL, NULL, '08:00:00', '2018-10-05 10:42:34', '2018-10-05 10:42:34'),
	(27, 5, '2018-09-03', 'Normal', '08:00:00', '17:00:00', '07:18:00', NULL, NULL, NULL, NULL, NULL, '08:00:00', '2018-10-05 10:42:34', '2018-10-05 10:42:34'),
	(28, 5, '2018-09-04', 'Normal', '08:00:00', '17:00:00', NULL, NULL, NULL, NULL, 'True', NULL, NULL, '2018-10-05 10:42:34', '2018-10-05 10:42:34'),
	(29, 5, '2018-09-05', 'Normal', '08:00:00', '17:00:00', NULL, NULL, NULL, NULL, 'True', NULL, NULL, '2018-10-05 10:42:34', '2018-10-05 10:42:34'),
	(30, 5, '2018-09-06', 'Normal', '08:00:00', '17:00:00', NULL, NULL, NULL, NULL, 'True', NULL, NULL, '2018-10-05 10:42:34', '2018-10-05 10:42:34'),
	(31, 10, '2018-08-31', 'Normal', '08:00:00', '17:00:00', NULL, NULL, NULL, NULL, 'True', NULL, NULL, '2018-10-05 10:42:34', '2018-10-05 10:42:34'),
	(32, 10, '2018-09-01', 'Normal', '08:00:00', '17:00:00', '07:11:00', '18:11:00', NULL, NULL, NULL, '01:11:00', '09:00:00', '2018-10-05 10:42:34', '2018-10-05 10:42:34'),
	(33, 10, '2018-09-03', 'Normal', '08:00:00', '17:00:00', '07:18:00', NULL, NULL, NULL, NULL, NULL, '08:00:00', '2018-10-05 10:42:34', '2018-10-05 10:42:34'),
	(34, 10, '3207-04-12', 'Normal', '08:00:00', '17:00:00', NULL, NULL, NULL, NULL, 'True', NULL, NULL, '2018-10-05 10:42:34', '2018-10-05 10:42:34'),
	(35, 10, '2018-09-05', 'Normal', '08:00:00', '17:00:00', NULL, NULL, NULL, NULL, 'True', NULL, NULL, '2018-10-05 10:42:34', '2018-10-05 10:42:34'),
	(36, 10, '2018-09-06', 'Normal', '08:00:00', '17:00:00', NULL, NULL, NULL, NULL, 'True', NULL, NULL, '2018-10-05 10:42:34', '2018-10-05 10:42:34'),
	(37, 11, '2018-08-31', 'Normal', '08:00:00', '17:00:00', NULL, NULL, NULL, NULL, 'True', NULL, NULL, '2018-10-05 10:42:34', '2018-10-05 10:42:34'),
	(38, 11, '2018-09-01', 'Normal', '08:00:00', '17:00:00', '07:38:00', '17:58:00', NULL, NULL, NULL, NULL, '09:00:00', '2018-10-05 10:42:34', '2018-10-05 10:42:34'),
	(39, 11, '2018-09-03', 'Normal', '08:00:00', '17:00:00', '07:56:00', NULL, NULL, NULL, NULL, NULL, '08:00:00', '2018-10-05 10:42:34', '2018-10-05 10:42:34'),
	(40, 11, '2018-09-04', 'Normal', '08:00:00', '17:00:00', NULL, NULL, NULL, NULL, 'True', NULL, NULL, '2018-10-05 10:42:34', '2018-10-05 10:42:34'),
	(41, 11, '2018-09-05', 'Normal', '08:00:00', '17:00:00', NULL, NULL, NULL, NULL, 'True', NULL, NULL, '2018-10-05 10:42:35', '2018-10-05 10:42:35'),
	(42, 11, '2018-09-06', 'Normal', '08:00:00', '17:00:00', NULL, NULL, NULL, NULL, 'True', NULL, NULL, '2018-10-05 10:42:35', '2018-10-05 10:42:35'),
	(43, 12, '2018-08-31', 'Normal', '08:00:00', '17:00:00', NULL, NULL, NULL, NULL, 'True', NULL, NULL, '2018-10-05 10:42:35', '2018-10-05 10:42:35'),
	(44, 12, '2018-09-01', 'Normal', '08:00:00', '17:00:00', NULL, '17:58:00', '01:00:00', NULL, NULL, NULL, '08:00:00', '2018-10-05 10:42:35', '2018-10-05 10:42:35'),
	(45, 12, '2018-09-03', 'Normal', '08:00:00', '17:00:00', '07:11:00', NULL, NULL, NULL, NULL, NULL, '08:00:00', '2018-10-05 10:42:35', '2018-10-05 10:42:35'),
	(46, 12, '2018-09-04', 'Normal', '08:00:00', '17:00:00', NULL, NULL, NULL, NULL, 'True', NULL, NULL, '2018-10-05 10:42:35', '2018-10-05 10:42:35'),
	(47, 12, '2018-09-05', 'Normal', '08:00:00', '17:00:00', NULL, NULL, NULL, NULL, 'True', NULL, NULL, '2018-10-05 10:42:35', '2018-10-05 10:42:35'),
	(48, 12, '2018-09-06', 'Normal', '08:00:00', '17:00:00', NULL, NULL, NULL, NULL, 'True', NULL, NULL, '2018-10-05 10:42:35', '2018-10-05 10:42:35'),
	(49, 13, '2018-08-31', 'Normal', '08:00:00', '17:00:00', NULL, NULL, NULL, NULL, 'True', NULL, NULL, '2018-10-05 10:42:35', '2018-10-05 10:42:35'),
	(50, 13, '2018-09-01', 'Normal', '08:00:00', '17:00:00', NULL, NULL, NULL, NULL, 'True', NULL, NULL, '2018-10-05 10:42:35', '2018-10-05 10:42:35'),
	(51, 13, '2018-09-03', 'Normal', '08:00:00', '17:00:00', '08:08:00', NULL, '00:08:00', NULL, NULL, NULL, '07:51:00', '2018-10-05 10:42:35', '2018-10-05 10:42:35'),
	(52, 13, '2018-09-04', 'Normal', '08:00:00', '17:00:00', NULL, NULL, NULL, NULL, 'True', NULL, NULL, '2018-10-05 10:42:35', '2018-10-05 10:42:35'),
	(53, 13, '2018-09-05', 'Normal', '08:00:00', '17:00:00', NULL, NULL, NULL, NULL, 'True', NULL, NULL, '2018-10-05 10:42:35', '2018-10-05 10:42:35'),
	(54, 13, '2018-09-06', 'Normal', '08:00:00', '17:00:00', NULL, NULL, NULL, NULL, 'True', NULL, NULL, '2018-10-05 10:42:35', '2018-10-05 10:42:35'),
	(55, 14, '2018-08-31', 'Normal', '08:00:00', '17:00:00', NULL, NULL, NULL, NULL, 'True', NULL, NULL, '2018-10-05 10:42:35', '2018-10-05 10:42:35'),
	(56, 14, '2018-09-01', 'Normal', '08:00:00', '17:00:00', NULL, NULL, NULL, NULL, 'True', NULL, NULL, '2018-10-05 10:42:35', '2018-10-05 10:42:35'),
	(57, 14, '2018-09-03', 'Normal', '08:00:00', '17:00:00', '07:57:00', NULL, NULL, NULL, NULL, NULL, '08:00:00', '2018-10-05 10:42:35', '2018-10-05 10:42:35'),
	(58, 14, '2018-09-04', 'Normal', '08:00:00', '17:00:00', NULL, NULL, NULL, NULL, 'True', NULL, NULL, '2018-10-05 10:42:35', '2018-10-05 10:42:35'),
	(59, 14, '2018-09-05', 'Normal', '08:00:00', '17:00:00', NULL, NULL, NULL, NULL, 'True', NULL, NULL, '2018-10-05 10:42:35', '2018-10-05 10:42:35'),
	(60, 14, '2018-09-06', 'Normal', '08:00:00', '17:00:00', NULL, NULL, NULL, NULL, 'True', NULL, NULL, '2018-10-05 10:42:35', '2018-10-05 10:42:35'),
	(61, 15, '2018-08-31', 'Normal', '08:00:00', '17:00:00', NULL, NULL, NULL, NULL, 'True', NULL, NULL, '2018-10-05 10:42:36', '2018-10-05 10:42:36'),
	(62, 15, '2018-09-01', 'Normal', '08:00:00', '17:00:00', '07:19:00', '17:57:00', NULL, NULL, NULL, NULL, '09:00:00', '2018-10-05 10:42:36', '2018-10-05 10:42:36'),
	(63, 15, '2018-09-03', 'Normal', '08:00:00', '17:00:00', '07:45:00', NULL, NULL, NULL, NULL, NULL, '08:00:00', '2018-10-05 10:42:36', '2018-10-05 10:42:36'),
	(64, 15, '2018-09-04', 'Normal', '08:00:00', '17:00:00', NULL, NULL, NULL, NULL, 'True', NULL, NULL, '2018-10-05 10:42:36', '2018-10-05 10:42:36'),
	(65, 15, '2018-09-05', 'Normal', '08:00:00', '17:00:00', NULL, NULL, NULL, NULL, 'True', NULL, NULL, '2018-10-05 10:42:36', '2018-10-05 10:42:36'),
	(66, 15, '2018-09-06', 'Normal', '08:00:00', '17:00:00', NULL, NULL, NULL, NULL, 'True', NULL, NULL, '2018-10-05 10:42:36', '2018-10-05 10:42:36'),
	(67, 16, '2018-08-31', 'Normal', '08:00:00', '17:00:00', NULL, NULL, NULL, NULL, 'True', NULL, NULL, '2018-10-05 10:42:36', '2018-10-05 10:42:36'),
	(68, 16, '2018-09-01', 'Normal', '08:00:00', '17:00:00', '07:08:00', NULL, NULL, NULL, NULL, NULL, '08:00:00', '2018-10-05 10:42:36', '2018-10-05 10:42:36'),
	(69, 16, '2018-09-03', 'Normal', '08:00:00', '17:00:00', '07:51:00', NULL, NULL, NULL, NULL, NULL, '08:00:00', '2018-10-05 10:42:36', '2018-10-05 10:42:36'),
	(70, 16, '2018-09-04', 'Normal', '08:00:00', '17:00:00', NULL, NULL, NULL, NULL, 'True', NULL, NULL, '2018-10-05 10:42:36', '2018-10-05 10:42:36'),
	(71, 16, '2018-09-05', 'Normal', '08:00:00', '17:00:00', NULL, NULL, NULL, NULL, 'True', NULL, NULL, '2018-10-05 10:42:36', '2018-10-05 10:42:36'),
	(72, 16, '2018-09-06', 'Normal', '08:00:00', '17:00:00', NULL, NULL, NULL, NULL, 'True', NULL, NULL, '2018-10-05 10:42:36', '2018-10-05 10:42:36'),
	(73, 17, '2018-08-31', 'Normal', '08:00:00', '17:00:00', NULL, NULL, NULL, NULL, 'True', NULL, NULL, '2018-10-05 10:42:36', '2018-10-05 10:42:36'),
	(74, 17, '2018-09-01', 'Normal', '08:00:00', '17:00:00', '07:26:00', '18:27:00', NULL, NULL, NULL, '01:27:00', '09:00:00', '2018-10-05 10:42:36', '2018-10-05 10:42:36'),
	(75, 17, '2018-09-03', 'Normal', '08:00:00', '17:00:00', '07:27:00', NULL, NULL, NULL, NULL, NULL, '08:00:00', '2018-10-05 10:42:36', '2018-10-05 10:42:36'),
	(76, 17, '2018-09-04', 'Normal', '08:00:00', '17:00:00', NULL, NULL, NULL, NULL, 'True', NULL, NULL, '2018-10-05 10:42:36', '2018-10-05 10:42:36'),
	(77, 17, '2018-09-05', 'Normal', '08:00:00', '17:00:00', NULL, NULL, NULL, NULL, 'True', NULL, NULL, '2018-10-05 10:42:36', '2018-10-05 10:42:36'),
	(78, 17, '2018-09-06', 'Normal', '08:00:00', '17:00:00', NULL, NULL, NULL, NULL, 'True', NULL, NULL, '2018-10-05 10:42:36', '2018-10-05 10:42:36'),
	(79, 18, '2018-08-31', 'Normal', '08:00:00', '17:00:00', NULL, NULL, NULL, NULL, 'True', NULL, NULL, '2018-10-05 10:42:36', '2018-10-05 10:42:36'),
	(80, 18, '2018-09-01', 'Normal', '08:00:00', '17:00:00', NULL, NULL, NULL, NULL, 'True', NULL, NULL, '2018-10-05 10:42:36', '2018-10-05 10:42:36'),
	(81, 18, '2018-09-03', 'Normal', '08:00:00', '17:00:00', NULL, NULL, NULL, NULL, 'True', NULL, NULL, '2018-10-05 10:42:36', '2018-10-05 10:42:36'),
	(82, 18, '2018-09-04', 'Normal', '08:00:00', '17:00:00', NULL, NULL, NULL, NULL, 'True', NULL, NULL, '2018-10-05 10:42:37', '2018-10-05 10:42:37'),
	(83, 18, '2018-09-05', 'Normal', '08:00:00', '17:00:00', NULL, NULL, NULL, NULL, 'True', NULL, NULL, '2018-10-05 10:42:37', '2018-10-05 10:42:37'),
	(84, 18, '2018-09-06', 'Normal', '08:00:00', '17:00:00', NULL, NULL, NULL, NULL, 'True', NULL, NULL, '2018-10-05 10:42:37', '2018-10-05 10:42:37'),
	(85, 21, '2018-08-31', 'Normal', '08:00:00', '17:00:00', NULL, NULL, NULL, NULL, 'True', NULL, NULL, '2018-10-05 10:42:37', '2018-10-05 10:42:37'),
	(86, 21, '2018-09-01', 'Normal', '08:00:00', '17:00:00', '07:04:00', '16:28:00', NULL, NULL, NULL, NULL, '08:28:00', '2018-10-05 10:42:37', '2018-10-05 10:42:37'),
	(87, 21, '2018-09-03', 'Normal', '08:00:00', '17:00:00', '07:30:00', NULL, NULL, NULL, NULL, NULL, '08:00:00', '2018-10-05 10:42:37', '2018-10-05 10:42:37'),
	(88, 21, '2018-09-04', 'Normal', '08:00:00', '17:00:00', NULL, NULL, NULL, NULL, 'True', NULL, NULL, '2018-10-05 10:42:37', '2018-10-05 10:42:37'),
	(89, 21, '2018-09-05', 'Normal', '08:00:00', '17:00:00', NULL, NULL, NULL, NULL, 'True', NULL, NULL, '2018-10-05 10:42:37', '2018-10-05 10:42:37'),
	(90, 21, '2018-09-06', 'Normal', '08:00:00', '17:00:00', NULL, NULL, NULL, NULL, 'True', NULL, NULL, '2018-10-05 10:42:37', '2018-10-05 10:42:37'),
	(91, 24, '2018-08-31', 'Normal', '08:00:00', '17:00:00', NULL, NULL, NULL, NULL, 'True', NULL, NULL, '2018-10-05 10:42:37', '2018-10-05 10:42:37'),
	(92, 24, '2018-09-01', 'Normal', '08:00:00', '17:00:00', '07:38:00', '16:21:00', NULL, NULL, NULL, NULL, '08:21:00', '2018-10-05 10:42:37', '2018-10-05 10:42:37'),
	(93, 24, '2018-09-03', 'Normal', '08:00:00', '17:00:00', '07:39:00', NULL, NULL, NULL, NULL, NULL, '08:00:00', '2018-10-05 10:42:37', '2018-10-05 10:42:37'),
	(94, 24, '2018-09-04', 'Normal', '08:00:00', '17:00:00', NULL, NULL, NULL, NULL, 'True', NULL, NULL, '2018-10-05 10:42:37', '2018-10-05 10:42:37'),
	(95, 24, '2018-09-05', 'Normal', '08:00:00', '17:00:00', NULL, NULL, NULL, NULL, 'True', NULL, NULL, '2018-10-05 10:42:37', '2018-10-05 10:42:37'),
	(96, 24, '2018-09-06', 'Normal', '08:00:00', '17:00:00', NULL, NULL, NULL, NULL, 'True', NULL, NULL, '2018-10-05 10:42:37', '2018-10-05 10:42:37'),
	(97, 25, '2018-08-31', 'Normal', '08:00:00', '17:00:00', NULL, NULL, NULL, NULL, 'True', NULL, NULL, '2018-10-05 10:42:37', '2018-10-05 10:42:37'),
	(98, 25, '2018-09-01', 'Normal', '08:00:00', '17:00:00', '07:15:00', '17:06:00', NULL, NULL, NULL, NULL, '09:00:00', '2018-10-05 10:42:37', '2018-10-05 10:42:37'),
	(99, 25, '2018-09-03', 'Normal', '08:00:00', '17:00:00', '07:58:00', NULL, NULL, NULL, NULL, NULL, '08:00:00', '2018-10-05 10:42:37', '2018-10-05 10:42:37'),
	(100, 25, '2018-09-04', 'Normal', '08:00:00', '17:00:00', NULL, NULL, NULL, NULL, 'True', NULL, NULL, '2018-10-05 10:42:37', '2018-10-05 10:42:37'),
	(101, 25, '2018-09-05', 'Normal', '08:00:00', '17:00:00', NULL, NULL, NULL, NULL, 'True', NULL, NULL, '2018-10-05 10:42:37', '2018-10-05 10:42:37'),
	(102, 25, '2018-09-06', 'Normal', '08:00:00', '17:00:00', NULL, NULL, NULL, NULL, 'True', NULL, NULL, '2018-10-05 10:42:37', '2018-10-05 10:42:37'),
	(103, 20, '2018-08-31', 'Helper', '07:00:00', '16:00:00', NULL, NULL, NULL, NULL, 'True', NULL, NULL, '2018-10-05 10:42:37', '2018-10-05 10:42:37'),
	(104, 20, '2018-09-01', 'Helper', '07:00:00', '16:00:00', '06:46:00', '16:17:00', NULL, NULL, NULL, NULL, '09:00:00', '2018-10-05 10:42:37', '2018-10-05 10:42:37'),
	(105, 20, '2018-09-03', 'Helper', '07:00:00', '16:00:00', '06:46:00', NULL, NULL, NULL, NULL, NULL, '08:00:00', '2018-10-05 10:42:37', '2018-10-05 10:42:37'),
	(106, 20, '2018-09-04', 'Helper', '07:00:00', '16:00:00', NULL, NULL, NULL, NULL, 'True', NULL, NULL, '2018-10-05 10:42:37', '2018-10-05 10:42:37'),
	(107, 20, '2018-09-05', 'Helper', '07:00:00', '16:00:00', NULL, NULL, NULL, NULL, 'True', NULL, NULL, '2018-10-05 10:42:37', '2018-10-05 10:42:37'),
	(108, 20, '2018-09-06', 'Helper', '07:00:00', '16:00:00', NULL, NULL, NULL, NULL, 'True', NULL, NULL, '2018-10-05 10:42:37', '2018-10-05 10:42:37'),
	(109, 9, '2018-08-31', 'Normal', '08:00:00', '17:00:00', NULL, NULL, NULL, NULL, 'True', NULL, NULL, '2018-10-05 10:42:37', '2018-10-05 10:42:37'),
	(110, 9, '2018-09-01', 'Normal', '08:00:00', '17:00:00', '07:23:00', '18:16:00', NULL, NULL, NULL, '01:16:00', '09:00:00', '2018-10-05 10:42:38', '2018-10-05 10:42:38'),
	(111, 9, '2018-09-03', 'Normal', '08:00:00', '17:00:00', '07:59:00', NULL, NULL, NULL, NULL, NULL, '08:00:00', '2018-10-05 10:42:38', '2018-10-05 10:42:38'),
	(112, 9, '2018-09-04', 'Normal', '08:00:00', '17:00:00', NULL, NULL, NULL, NULL, 'True', NULL, NULL, '2018-10-05 10:42:38', '2018-10-05 10:42:38'),
	(113, 9, '2018-09-05', 'Normal', '08:00:00', '17:00:00', NULL, NULL, NULL, NULL, 'True', NULL, NULL, '2018-10-05 10:42:38', '2018-10-05 10:42:38'),
	(114, 9, '2018-09-06', 'Normal', '08:00:00', '17:00:00', NULL, NULL, NULL, NULL, 'True', NULL, NULL, '2018-10-05 10:42:38', '2018-10-05 10:42:38'),
	(115, 8, '2018-08-31', 'Normal', '08:00:00', '17:00:00', NULL, NULL, NULL, NULL, 'True', NULL, NULL, '2018-10-05 10:42:38', '2018-10-05 10:42:38'),
	(116, 8, '2018-09-01', 'Normal', '08:00:00', '17:00:00', '07:23:00', '18:16:00', NULL, NULL, NULL, '01:16:00', '09:00:00', '2018-10-05 10:42:38', '2018-10-05 10:42:38'),
	(117, 8, '2018-09-03', 'Normal', '08:00:00', '17:00:00', '07:59:00', NULL, NULL, NULL, NULL, NULL, '08:00:00', '2018-10-05 10:42:38', '2018-10-05 10:42:38'),
	(118, 8, '2018-09-04', 'Normal', '08:00:00', '17:00:00', NULL, NULL, NULL, NULL, 'True', NULL, NULL, '2018-10-05 10:42:38', '2018-10-05 10:42:38'),
	(119, 8, '2018-09-05', 'Normal', '08:00:00', '17:00:00', NULL, NULL, NULL, NULL, 'True', NULL, NULL, '2018-10-05 10:42:38', '2018-10-05 10:42:38'),
	(120, 8, '2018-09-06', 'Normal', '08:00:00', '17:00:00', NULL, NULL, NULL, NULL, 'True', NULL, NULL, '2018-10-05 10:42:38', '2018-10-05 10:42:38'),
	(121, 27, '2018-08-31', 'Normal', '08:00:00', '17:00:00', NULL, NULL, NULL, NULL, 'True', NULL, NULL, '2018-10-05 10:42:38', '2018-10-05 10:42:38'),
	(122, 27, '2018-09-01', 'Normal', '08:00:00', '17:00:00', NULL, NULL, NULL, NULL, 'True', NULL, NULL, '2018-10-05 10:42:38', '2018-10-05 10:42:38'),
	(123, 27, '2018-09-03', 'Normal', '08:00:00', '17:00:00', NULL, NULL, NULL, NULL, 'True', NULL, NULL, '2018-10-05 10:42:38', '2018-10-05 10:42:38'),
	(124, 27, '2018-09-04', 'Normal', '08:00:00', '17:00:00', NULL, NULL, NULL, NULL, 'True', NULL, NULL, '2018-10-05 10:42:38', '2018-10-05 10:42:38'),
	(125, 27, '2018-09-05', 'Normal', '08:00:00', '17:00:00', NULL, NULL, NULL, NULL, 'True', NULL, NULL, '2018-10-05 10:42:38', '2018-10-05 10:42:38'),
	(126, 27, '2018-09-06', 'Normal', '08:00:00', '17:00:00', NULL, NULL, NULL, NULL, 'True', NULL, NULL, '2018-10-05 10:42:38', '2018-10-05 10:42:38'),
	(127, 29, '2018-08-31', 'Normal', '08:00:00', '17:00:00', NULL, NULL, NULL, NULL, 'True', NULL, NULL, '2018-10-05 10:42:38', '2018-10-05 10:42:38'),
	(128, 29, '2018-09-01', 'Normal', '08:00:00', '17:00:00', '07:22:00', '17:48:00', NULL, NULL, NULL, NULL, '09:00:00', '2018-10-05 10:42:38', '2018-10-05 10:42:38'),
	(129, 29, '2018-09-03', 'Normal', '08:00:00', '17:00:00', NULL, NULL, NULL, NULL, 'True', NULL, NULL, '2018-10-05 10:42:38', '2018-10-05 10:42:38'),
	(130, 29, '2018-09-04', 'Normal', '08:00:00', '17:00:00', NULL, NULL, NULL, NULL, 'True', NULL, NULL, '2018-10-05 10:42:38', '2018-10-05 10:42:38'),
	(131, 29, '2018-09-05', 'Normal', '08:00:00', '17:00:00', NULL, NULL, NULL, NULL, 'True', NULL, NULL, '2018-10-05 10:42:38', '2018-10-05 10:42:38'),
	(132, 29, '2018-09-06', 'Normal', '08:00:00', '17:00:00', NULL, NULL, NULL, NULL, 'True', NULL, NULL, '2018-10-05 10:42:38', '2018-10-05 10:42:38');
/*!40000 ALTER TABLE `abs_pegawai_man` ENABLE KEYS */;

-- Dumping structure for table bisnis_tamma.bisnis_tamma
CREATE TABLE IF NOT EXISTS `bisnis_tamma` (
  `jurnal_id` int(11) NOT NULL,
  `no_jurnal` varchar(50) NOT NULL,
  `jurnal_ref` varchar(50) DEFAULT NULL,
  `tanggal_jurnal` date NOT NULL,
  `keterangan` text NOT NULL
) ENGINE=InnoDB DEFAULT CHARSET=latin1;

-- Dumping data for table bisnis_tamma.bisnis_tamma: ~0 rows (approximately)
DELETE FROM `bisnis_tamma`;
/*!40000 ALTER TABLE `bisnis_tamma` DISABLE KEYS */;
/*!40000 ALTER TABLE `bisnis_tamma` ENABLE KEYS */;

-- Dumping structure for table bisnis_tamma.d_access
CREATE TABLE IF NOT EXISTS `d_access` (
  `a_id` int(11) NOT NULL AUTO_INCREMENT,
  `a_name` varchar(50) DEFAULT NULL,
  `a_parrent` int(11) DEFAULT NULL,
  `a_order` int(11) DEFAULT NULL,
  PRIMARY KEY (`a_id`)
) ENGINE=InnoDB AUTO_INCREMENT=69 DEFAULT CHARSET=latin1;

-- Dumping data for table bisnis_tamma.d_access: ~68 rows (approximately)
DELETE FROM `d_access`;
/*!40000 ALTER TABLE `d_access` DISABLE KEYS */;
INSERT INTO `d_access` (`a_id`, `a_name`, `a_parrent`, `a_order`) VALUES
	(1, 'Master', NULL, 1),
	(2, 'Data Supplier', 1, 2),
	(3, 'Data Customer', 2, 3),
	(4, 'Data Bahan Baku', 3, 4),
	(5, 'Data Jenis Produksi', 4, 5),
	(6, 'Data Pegawai ', 5, 6),
	(7, 'Data Akun Keuangan ', 6, 7),
	(8, 'Data Transaksi keuangan ', 7, 8),
	(9, 'Data Barang', 8, 9),
	(10, 'Purchasing', 0, 10),
	(11, 'Rencana Bahan Baku Produksi', 1, 11),
	(12, 'Rencana Pembelian', 2, 12),
	(13, 'Order Pembelian ', 3, 13),
	(14, 'Belanja Harian', 4, 14),
	(15, 'Return pembelian', 5, 15),
	(16, 'Inventory', NULL, 16),
	(17, 'Penerimaan Barang Supplier', 1, 17),
	(18, 'Penerimaan Barang Hasil Produksi', 2, 18),
	(19, 'Penerimaan Barang Return Customer', 3, 19),
	(20, 'Barang digunakan', 4, 20),
	(21, 'Stock Opname', 5, 21),
	(22, 'Produksi', NULL, 22),
	(23, 'Monitoring Order & Stock', 1, 23),
	(24, 'Rencana Produksi', 2, 24),
	(25, 'Manajemen SPK', 3, 25),
	(26, 'Manajemen Output Produksi', 4, 26),
	(27, 'Manajemen Sampah (Waste)', 5, 27),
	(28, 'Penjualan', NULL, 28),
	(29, 'Manajemen Harga', 1, 29),
	(30, 'Manajemen Promosi', 2, 30),
	(31, 'Broadcast Promosi Via Email ', 3, 31),
	(32, 'Rencana Penjualan', 4, 32),
	(33, 'POS Penjualan Retail ', 5, 33),
	(34, 'Ritail Transfer', 6, 34),
	(35, 'Pos Penjualan Grosir/Online', 7, 35),
	(36, 'Grosir Transfer', 8, 36),
	(37, 'Monitoring Return Penjualalan', 9, 37),
	(38, 'Manajemen Return Penjualan ', 10, 38),
	(39, 'Monitoring Progres Penjualan', 11, 39),
	(40, 'Mutasi Stock & Retail', 12, 40),
	(41, 'HRD', NULL, 41),
	(42, 'Data Karyawan ', 1, 42),
	(43, 'Data Administrasi Pegawai ', 2, 43),
	(44, 'Data Lembur Pegawai ', 3, 44),
	(45, 'Scoreboard Pegawai Per Hari', 4, 45),
	(46, 'Payroll', 5, 46),
	(47, 'Manajemen KPI Pegawai ', 6, 47),
	(48, 'Training Pegawai ', 7, 48),
	(49, 'Recruitment', 8, 49),
	(50, 'Keuangan', NULL, 50),
	(51, 'Manajemen SPK', 1, 51),
	(52, 'Proses Input Transaksi', 2, 52),
	(53, 'Laporan Hutang Piutang ', 3, 53),
	(54, 'Laporan (Jurnal,Buku Besar,Neraca,DLL)', 4, 54),
	(55, 'Analisa Progress Terhadap Perencanaan', 5, 55),
	(56, 'Analisa Net Profit Terhadap OCF', 6, 56),
	(57, 'Analisa Pertumbuhan Aset', 7, 57),
	(58, 'Analisa Cashflow', 8, 58),
	(59, 'Analisa Common Size dan Index', 9, 59),
	(60, 'Analisa Rasio Keuangan ', 10, 60),
	(61, 'Analisa Three Botton Line ', 11, 61),
	(62, 'Analisa ROE', 12, 62),
	(63, 'System', NULL, 63),
	(64, 'Manajemen User', 1, 64),
	(65, 'Manajemen Hak Akses', 2, 65),
	(66, 'Profil Perusahaan', 3, 66),
	(67, 'Tahun Finansial', 4, 67),
	(68, 'Laporan Penjualan Retail', 28, 40);
/*!40000 ALTER TABLE `d_access` ENABLE KEYS */;

-- Dumping structure for table bisnis_tamma.d_akun
CREATE TABLE IF NOT EXISTS `d_akun` (
  `id_akun` varchar(50) NOT NULL,
  `nama_akun` varchar(255) NOT NULL,
  `kelompok_akun` varchar(100) NOT NULL,
  `posisi_akun` varchar(10) NOT NULL,
  `type_akun` varchar(15) NOT NULL,
  `group_neraca` varchar(20) DEFAULT NULL,
  `group_laba_rugi` varchar(20) DEFAULT NULL,
  `opening_balance` double NOT NULL DEFAULT '0',
  `opening_date` date DEFAULT NULL,
  `created_at` timestamp NOT NULL DEFAULT CURRENT_TIMESTAMP,
  `updated_at` timestamp NOT NULL DEFAULT CURRENT_TIMESTAMP ON UPDATE CURRENT_TIMESTAMP,
  PRIMARY KEY (`id_akun`)
) ENGINE=InnoDB DEFAULT CHARSET=latin1;

-- Dumping data for table bisnis_tamma.d_akun: ~12 rows (approximately)
DELETE FROM `d_akun`;
/*!40000 ALTER TABLE `d_akun` DISABLE KEYS */;
INSERT INTO `d_akun` (`id_akun`, `nama_akun`, `kelompok_akun`, `posisi_akun`, `type_akun`, `group_neraca`, `group_laba_rugi`, `opening_balance`, `opening_date`, `created_at`, `updated_at`) VALUES
	('1.00', 'kas', 'Aset Lancar', 'D', 'GENERAL', 'A1-00', NULL, 10000000, '2018-05-01', '2018-08-29 06:08:39', '2018-09-17 05:13:16'),
	('1.00.01', 'kas besar', 'kas', 'D', 'DETAIL', 'A1-00', NULL, 10000000, '2018-05-01', '2018-08-29 06:10:22', '2018-09-17 05:13:16'),
	('1.00.02', 'kas kecil', 'kas', 'D', 'DETAIL', 'A1-00', NULL, 10000000, '2018-05-01', '2018-08-29 06:09:31', '2018-09-17 05:13:16'),
	('1.00.05', 'kas penjualan tunai', 'kas', 'D', 'DETAIL', 'A1-00', NULL, 10000000, '2018-05-01', '2018-08-29 06:22:00', '2018-09-17 05:13:16'),
	('1.01', 'bank', 'Aset Lancar', 'D', 'GENERAL', '1.01 (bank)', NULL, 10000000, '2018-05-01', '2018-09-13 06:26:25', '2018-09-17 05:13:16'),
	('1.01.06', 'Bank Mandiri (112.000.030.3300)', 'bank', 'D', 'DETAIL', '1.01 (bank)', NULL, 10000000, '2018-05-01', '2018-09-13 06:27:20', '2018-09-17 05:13:16'),
	('1.01.07', 'Bank BCA ( 04.1107.2222 )', 'bank', 'D', 'DETAIL', '1.01 (bank)', NULL, -10000000, '2018-05-01', '2018-09-13 06:27:40', '2018-09-17 06:37:43'),
	('1.01.09', 'Bank BCA (0411 08 4000)', 'bank', 'D', 'DETAIL', '1.01 (bank)', NULL, -10000000, '2018-05-01', '2018-09-13 06:37:37', '2018-09-17 06:37:48'),
	('1.10', 'piutang usaha', 'Aset Lancar', 'D', 'GENERAL', 'A1-05', NULL, 10000000, '2018-05-01', '2018-08-29 06:28:48', '2018-09-17 05:13:16'),
	('1.10.01', 'piutang usaha', 'piutang usaha', 'D', 'DETAIL', 'A1-00', NULL, -10000000, '2018-05-01', '2018-08-29 06:29:19', '2018-09-17 06:38:01'),
	('5.00', 'Pendapatan Penjualan', 'Pendapatan', 'K', 'GENERAL', 'A-5.00', NULL, 10000000, '2018-05-01', '2018-09-13 06:38:39', '2018-09-17 05:13:16'),
	('5.00.01', 'Pendapatan Penjualan', 'Pendapatan Penjualan', 'K', 'DETAIL', 'A-5.00', NULL, 10000000, '2018-05-01', '2018-09-13 06:39:15', '2018-09-17 05:13:16');
/*!40000 ALTER TABLE `d_akun` ENABLE KEYS */;

-- Dumping structure for table bisnis_tamma.d_akun_saldo
CREATE TABLE IF NOT EXISTS `d_akun_saldo` (
  `id_akun` varchar(50) NOT NULL,
  `bulan` varchar(20) NOT NULL,
  `tahun` varchar(20) NOT NULL,
  `saldo` double DEFAULT NULL,
  PRIMARY KEY (`id_akun`,`bulan`,`tahun`)
) ENGINE=InnoDB DEFAULT CHARSET=latin1;

-- Dumping data for table bisnis_tamma.d_akun_saldo: ~9 rows (approximately)
DELETE FROM `d_akun_saldo`;
/*!40000 ALTER TABLE `d_akun_saldo` DISABLE KEYS */;
INSERT INTO `d_akun_saldo` (`id_akun`, `bulan`, `tahun`, `saldo`) VALUES
	('1.00.01', '08', '2018', 10000000),
	('1.00.02', '08', '2018', 5000000),
	('1.00.05', '08', '2018', 5000000),
	('1.01.06', '09', '2018', 0),
	('1.01.07', '09', '2018', 0),
	('1.01.08', '09', '2018', 0),
	('1.01.09', '09', '2018', 0),
	('1.10.01', '08', '2018', 3500000),
	('5.00.01', '09', '2018', 0);
/*!40000 ALTER TABLE `d_akun_saldo` ENABLE KEYS */;

-- Dumping structure for table bisnis_tamma.d_apply
CREATE TABLE IF NOT EXISTS `d_apply` (
  `ap_id` int(11) NOT NULL,
  `ap_pid` int(11) NOT NULL COMMENT 'pelamar id',
  `ap_stid` int(11) NOT NULL COMMENT 'status approve id',
  `ap_stdt_id` int(11) NOT NULL COMMENT 'status approve detail id',
  `ap_date` date NOT NULL,
  `ap_created` datetime NOT NULL,
  `ap_updated` datetime DEFAULT NULL,
  PRIMARY KEY (`ap_id`)
) ENGINE=InnoDB DEFAULT CHARSET=utf8 COLLATE=utf8_unicode_ci COMMENT='apply recruitment';

-- Dumping data for table bisnis_tamma.d_apply: ~0 rows (approximately)
DELETE FROM `d_apply`;
/*!40000 ALTER TABLE `d_apply` DISABLE KEYS */;
/*!40000 ALTER TABLE `d_apply` ENABLE KEYS */;

-- Dumping structure for table bisnis_tamma.d_barang_rusak
CREATE TABLE IF NOT EXISTS `d_barang_rusak` (
  `d_br_id` int(11) NOT NULL AUTO_INCREMENT,
  `d_br_code` varchar(15) COLLATE utf8_unicode_ci NOT NULL,
  `d_br_date` date NOT NULL,
  `d_br_pemberi` varchar(25) COLLATE utf8_unicode_ci NOT NULL,
  `d_br_staff` varchar(15) COLLATE utf8_unicode_ci NOT NULL,
  `d_br_gdg` int(11) NOT NULL,
  `d_br_status` varchar(2) COLLATE utf8_unicode_ci NOT NULL DEFAULT 'BR' COMMENT 'BR: BARANG RUSAK | MU:MUSNAHKAN | RT: KEMBALIKAN | PJ: PINDAH JENIS',
  `d_br_created` datetime NOT NULL,
  `d_br_updated` datetime DEFAULT NULL,
  PRIMARY KEY (`d_br_id`),
  KEY `FK_d_barang_rusak_d_gudangcabang` (`d_br_gdg`),
  CONSTRAINT `FK_d_barang_rusak_d_gudangcabang` FOREIGN KEY (`d_br_gdg`) REFERENCES `d_gudangcabang` (`cg_id`)
) ENGINE=InnoDB DEFAULT CHARSET=utf8 COLLATE=utf8_unicode_ci COMMENT='tabel untuk handle barang rusak';

-- Dumping data for table bisnis_tamma.d_barang_rusak: ~0 rows (approximately)
DELETE FROM `d_barang_rusak`;
/*!40000 ALTER TABLE `d_barang_rusak` DISABLE KEYS */;
/*!40000 ALTER TABLE `d_barang_rusak` ENABLE KEYS */;

-- Dumping structure for table bisnis_tamma.d_barang_rusakdt
CREATE TABLE IF NOT EXISTS `d_barang_rusakdt` (
  `d_brdt_id` int(11) NOT NULL AUTO_INCREMENT,
  `d_brdt_brid` int(11) NOT NULL,
  `d_brdt_item` int(11) NOT NULL,
  `d_brdt_sat` int(11) NOT NULL,
  `d_brdt_qty` int(11) NOT NULL DEFAULT '0',
  `d_brdt_price` decimal(12,2) NOT NULL DEFAULT '0.00',
  `d_brdt_pricetotal` decimal(12,2) NOT NULL DEFAULT '0.00',
  `d_brdt_keterangan` varchar(50) COLLATE utf8_unicode_ci NOT NULL DEFAULT '0.00',
  `d_brdt_isubah` char(1) COLLATE utf8_unicode_ci NOT NULL DEFAULT 'N' COMMENT 'Apakah mengalami ubah jenis ?',
  `d_brdt_created` datetime NOT NULL,
  `d_brdt_updated` datetime DEFAULT NULL,
  PRIMARY KEY (`d_brdt_id`),
  KEY `FK_d_barang_rusakdt_d_barang_rusak` (`d_brdt_brid`),
  KEY `FK_d_barang_rusakdt_m_item` (`d_brdt_item`),
  KEY `FK_d_barang_rusakdt_m_satuan` (`d_brdt_sat`),
  CONSTRAINT `FK_d_barang_rusakdt_d_barang_rusak` FOREIGN KEY (`d_brdt_brid`) REFERENCES `d_barang_rusak` (`d_br_id`),
  CONSTRAINT `FK_d_barang_rusakdt_m_item` FOREIGN KEY (`d_brdt_item`) REFERENCES `m_item` (`i_id`),
  CONSTRAINT `FK_d_barang_rusakdt_m_satuan` FOREIGN KEY (`d_brdt_sat`) REFERENCES `m_satuan` (`m_sid`)
) ENGINE=InnoDB DEFAULT CHARSET=utf8 COLLATE=utf8_unicode_ci COMMENT='tabel barang rusak detail';

-- Dumping data for table bisnis_tamma.d_barang_rusakdt: ~0 rows (approximately)
DELETE FROM `d_barang_rusakdt`;
/*!40000 ALTER TABLE `d_barang_rusakdt` DISABLE KEYS */;
/*!40000 ALTER TABLE `d_barang_rusakdt` ENABLE KEYS */;

-- Dumping structure for table bisnis_tamma.d_berkas_pelamar
CREATE TABLE IF NOT EXISTS `d_berkas_pelamar` (
  `bks_id` int(11) NOT NULL AUTO_INCREMENT,
  `bks_pid` int(11) NOT NULL COMMENT 'pelamar id',
  `bks_type` char(1) COLLATE utf8_unicode_ci NOT NULL COMMENT 'I : Image | D: Document',
  `bks_name` varchar(100) COLLATE utf8_unicode_ci NOT NULL,
  `bks_dtype` varchar(2) COLLATE utf8_unicode_ci DEFAULT NULL COMMENT 'KT: KTP, IJ: Ijazah, LL: Lain-lain , CV: CV',
  `bks_created` datetime NOT NULL,
  `bks_updated` datetime DEFAULT NULL,
  PRIMARY KEY (`bks_id`),
  KEY `FK_d_berkas_pelamar_d_pelamar` (`bks_pid`),
  CONSTRAINT `FK_d_berkas_pelamar_d_pelamar` FOREIGN KEY (`bks_pid`) REFERENCES `d_pelamar` (`p_id`)
) ENGINE=InnoDB DEFAULT CHARSET=utf8 COLLATE=utf8_unicode_ci COMMENT='berkas-berkas pelamar';

-- Dumping data for table bisnis_tamma.d_berkas_pelamar: ~1 rows (approximately)
DELETE FROM `d_berkas_pelamar`;
/*!40000 ALTER TABLE `d_berkas_pelamar` DISABLE KEYS */;
/*!40000 ALTER TABLE `d_berkas_pelamar` ENABLE KEYS */;

-- Dumping structure for table bisnis_tamma.d_cv_pelamar
CREATE TABLE IF NOT EXISTS `d_cv_pelamar` (
  `d_cv_id` int(11) NOT NULL AUTO_INCREMENT,
  `d_cv_pid` int(11) NOT NULL COMMENT 'pelamar id',
  `d_cv_company` varchar(50) COLLATE utf8_unicode_ci NOT NULL,
  `d_cv_thnmasuk` year(4) NOT NULL,
  `d_cv_thnkeluar` year(4) NOT NULL,
  `d_cv_jobdesc` text COLLATE utf8_unicode_ci NOT NULL,
  `d_cv_created` datetime NOT NULL,
  `d_cv_updated` datetime DEFAULT NULL,
  PRIMARY KEY (`d_cv_id`),
  KEY `FK_d_cv_pelamar_d_pelamar` (`d_cv_pid`),
  CONSTRAINT `FK_d_cv_pelamar_d_pelamar` FOREIGN KEY (`d_cv_pid`) REFERENCES `d_pelamar` (`p_id`)
) ENGINE=InnoDB DEFAULT CHARSET=utf8 COLLATE=utf8_unicode_ci COMMENT='tabel handle curicullum vitae pelamar';

-- Dumping data for table bisnis_tamma.d_cv_pelamar: ~0 rows (approximately)
DELETE FROM `d_cv_pelamar`;
/*!40000 ALTER TABLE `d_cv_pelamar` DISABLE KEYS */;
/*!40000 ALTER TABLE `d_cv_pelamar` ENABLE KEYS */;

-- Dumping structure for table bisnis_tamma.d_delivery_order
CREATE TABLE IF NOT EXISTS `d_delivery_order` (
  `do_id` int(11) NOT NULL AUTO_INCREMENT,
  `do_nota` varchar(50) DEFAULT NULL,
  `do_date_send` date DEFAULT NULL,
  `do_time` time DEFAULT NULL,
  `do_date_received` time DEFAULT NULL,
  `do_insert` timestamp NULL DEFAULT NULL,
  `do_update` datetime DEFAULT NULL,
  PRIMARY KEY (`do_id`)
) ENGINE=InnoDB DEFAULT CHARSET=latin1;

-- Dumping data for table bisnis_tamma.d_delivery_order: ~0 rows (approximately)
DELETE FROM `d_delivery_order`;
/*!40000 ALTER TABLE `d_delivery_order` DISABLE KEYS */;
/*!40000 ALTER TABLE `d_delivery_order` ENABLE KEYS */;

-- Dumping structure for table bisnis_tamma.d_delivery_orderdt
CREATE TABLE IF NOT EXISTS `d_delivery_orderdt` (
  `dod_do` int(11) NOT NULL,
  `dod_detailid` tinyint(4) NOT NULL,
  `dod_prdt_productresult` tinyint(4) NOT NULL,
  `dod_prdt_detail` tinyint(4) NOT NULL,
  `dod_item` int(11) DEFAULT NULL,
  `dod_qty_send` int(11) DEFAULT NULL,
  `dod_date_send` date DEFAULT NULL,
  `dod_time_send` time DEFAULT NULL,
  `dod_qty_received` int(11) DEFAULT '0',
  `dod_date_received` date DEFAULT NULL,
  `dod_time_received` time DEFAULT NULL,
  `dod_status` varchar(2) DEFAULT 'WT' COMMENT 'WT : Waiting | FN : Finish',
  `dod_insert` timestamp NULL DEFAULT NULL,
  `dod_update` datetime DEFAULT NULL,
  PRIMARY KEY (`dod_do`,`dod_detailid`),
  CONSTRAINT `FK_d_delivery_orderdt_d_delivery_order` FOREIGN KEY (`dod_do`) REFERENCES `d_delivery_order` (`do_id`)
) ENGINE=InnoDB DEFAULT CHARSET=latin1;

-- Dumping data for table bisnis_tamma.d_delivery_orderdt: ~0 rows (approximately)
DELETE FROM `d_delivery_orderdt`;
/*!40000 ALTER TABLE `d_delivery_orderdt` DISABLE KEYS */;
/*!40000 ALTER TABLE `d_delivery_orderdt` ENABLE KEYS */;

-- Dumping structure for table bisnis_tamma.d_formula
CREATE TABLE IF NOT EXISTS `d_formula` (
  `f_id` int(11) DEFAULT NULL,
  `f_detailid` int(11) DEFAULT NULL,
  `f_bb` int(11) DEFAULT NULL,
  `f_value` decimal(11,2) DEFAULT NULL,
  `f_scale` varchar(20) DEFAULT NULL,
  KEY `FK_d_formula_d_formula_result` (`f_id`),
  KEY `FK_d_formula_m_item` (`f_bb`),
  CONSTRAINT `FK_d_formula_d_formula_result` FOREIGN KEY (`f_id`) REFERENCES `d_formula_result` (`fr_id`),
  CONSTRAINT `FK_d_formula_m_item` FOREIGN KEY (`f_bb`) REFERENCES `m_item` (`i_id`)
) ENGINE=InnoDB DEFAULT CHARSET=latin1;

-- Dumping data for table bisnis_tamma.d_formula: ~294 rows (approximately)
DELETE FROM `d_formula`;
/*!40000 ALTER TABLE `d_formula` DISABLE KEYS */;
INSERT INTO `d_formula` (`f_id`, `f_detailid`, `f_bb`, `f_value`, `f_scale`) VALUES
	(25, 1, 3, 4000.00, '8'),
	(25, 2, 48, 30.00, '8'),
	(25, 3, 7, 1700.00, '13'),
	(25, 4, 49, 120.00, '8'),
	(25, 5, 54, 600.00, '13'),
	(25, 6, 70, 150.00, '8'),
	(25, 7, 71, 40.00, '8'),
	(25, 8, 136, 8.00, '6'),
	(25, 9, 646, 5.00, '8'),
	(1, 1, 3, 4000.00, '8'),
	(1, 2, 48, 30.00, '8'),
	(1, 3, 49, 120.00, '8'),
	(1, 4, 7, 1700.00, '13'),
	(1, 5, 54, 600.00, '13'),
	(1, 6, 70, 150.00, '8'),
	(1, 7, 71, 40.00, '8'),
	(1, 8, 646, 5.00, '8'),
	(1, 9, 273, 3.00, '10'),
	(1, 10, 274, 63.00, '1'),
	(2, 1, 3, 4000.00, '8'),
	(2, 2, 48, 30.00, '8'),
	(2, 3, 49, 120.00, '8'),
	(2, 4, 7, 1700.00, '13'),
	(2, 5, 54, 600.00, '13'),
	(2, 6, 58, 8.00, '10'),
	(2, 7, 70, 150.00, '8'),
	(2, 8, 71, 40.00, '8'),
	(2, 9, 75, 168.00, '1'),
	(2, 10, 646, 5.00, '8'),
	(3, 1, 3, 4000.00, '8'),
	(3, 2, 48, 30.00, '8'),
	(3, 3, 49, 120.00, '8'),
	(3, 4, 7, 1700.00, '13'),
	(3, 5, 54, 600.00, '13'),
	(3, 6, 60, 5.00, '10'),
	(3, 7, 70, 150.00, '8'),
	(3, 8, 71, 40.00, '8'),
	(3, 9, 73, 105.00, '10'),
	(3, 10, 646, 5.00, '8'),
	(4, 1, 3, 3500.00, '8'),
	(4, 2, 48, 30.00, '8'),
	(4, 3, 49, 120.00, '8'),
	(4, 4, 7, 1700.00, '13'),
	(4, 5, 54, 600.00, '13'),
	(4, 6, 59, 6.00, '10'),
	(4, 7, 70, 150.00, '8'),
	(4, 8, 71, 40.00, '8'),
	(4, 9, 74, 126.00, '1'),
	(4, 10, 139, 1.50, '3'),
	(5, 1, 3, 3500.00, '8'),
	(5, 2, 48, 30.00, '8'),
	(5, 3, 49, 120.00, '8'),
	(5, 4, 7, 1700.00, '13'),
	(5, 5, 54, 600.00, '13'),
	(5, 6, 59, 6.00, '10'),
	(5, 7, 70, 150.00, '8'),
	(5, 8, 71, 40.00, '8'),
	(5, 9, 74, 126.00, '1'),
	(5, 10, 125, 350.00, '8'),
	(6, 1, 3, 4000.00, '8'),
	(6, 2, 45, 1.00, '9'),
	(6, 3, 48, 30.00, '8'),
	(6, 4, 49, 300.00, '8'),
	(6, 5, 7, 1700.00, '13'),
	(6, 6, 13, 8.00, '14'),
	(6, 7, 54, 600.00, '13'),
	(6, 8, 59, 6.00, '10'),
	(6, 9, 70, 150.00, '8'),
	(6, 10, 71, 40.00, '8'),
	(7, 1, 74, 126.00, '1'),
	(8, 1, 3, 4000.00, '8'),
	(8, 2, 4, 6.00, '1'),
	(8, 3, 48, 30.00, '8'),
	(8, 4, 49, 300.00, '8'),
	(8, 5, 7, 1700.00, '13'),
	(8, 6, 54, 600.00, '13'),
	(8, 7, 59, 6.00, '10'),
	(8, 8, 70, 150.00, '8'),
	(8, 9, 71, 40.00, '8'),
	(8, 10, 74, 126.00, '1'),
	(9, 1, 3, 4000.00, '8'),
	(9, 2, 48, 20.00, '8'),
	(9, 3, 7, 1700.00, '13'),
	(9, 4, 49, 150.00, '8'),
	(9, 5, 54, 600.00, '13'),
	(9, 6, 57, 4.00, '10'),
	(9, 7, 63, 84.00, '1'),
	(9, 8, 71, 50.00, '8'),
	(9, 9, 116, 200.00, '3'),
	(9, 10, 126, 15.00, '3'),
	(10, 1, 3, 4000.00, '8'),
	(10, 2, 48, 20.00, '8'),
	(10, 3, 49, 600.00, '8'),
	(10, 4, 7, 1700.00, '13'),
	(10, 5, 54, 600.00, '13'),
	(10, 6, 57, 4.00, '10'),
	(10, 7, 63, 84.00, '1'),
	(10, 8, 71, 40.00, '8'),
	(10, 9, 646, 5.00, '8'),
	(11, 1, 3, 4000.00, '8'),
	(11, 2, 48, 20.00, '8'),
	(11, 3, 7, 1700.00, '13'),
	(11, 4, 49, 600.00, '8'),
	(11, 5, 54, 600.00, '13'),
	(11, 6, 60, 5.00, '10'),
	(11, 7, 71, 40.00, '8'),
	(11, 8, 73, 105.00, '10'),
	(11, 9, 646, 5.00, '8'),
	(12, 1, 3, 4000.00, '8'),
	(12, 2, 48, 20.00, '8'),
	(12, 3, 7, 1700.00, '13'),
	(12, 4, 49, 600.00, '8'),
	(12, 5, 54, 600.00, '13'),
	(12, 6, 59, 6.00, '10'),
	(12, 7, 71, 40.00, '8'),
	(12, 8, 74, 126.00, '1'),
	(12, 9, 646, 5.00, '8'),
	(13, 1, 3, 4000.00, '8'),
	(13, 2, 48, 30.00, '8'),
	(13, 3, 49, 130.00, '8'),
	(13, 4, 7, 1700.00, '13'),
	(13, 5, 54, 600.00, '13'),
	(13, 6, 18, 5.00, '3'),
	(13, 7, 19, 20.00, '3'),
	(13, 8, 57, 4.00, '10'),
	(13, 9, 63, 84.00, '1'),
	(13, 10, 70, 150.00, '8'),
	(14, 1, 3, 4000.00, '8'),
	(14, 2, 48, 30.00, '8'),
	(14, 3, 49, 130.00, '8'),
	(14, 4, 7, 1700.00, '13'),
	(14, 5, 54, 600.00, '13'),
	(14, 6, 18, 5.00, '3'),
	(14, 7, 19, 20.00, '3'),
	(14, 8, 60, 5.00, '10'),
	(14, 9, 70, 150.00, '8'),
	(14, 10, 71, 40.00, '8'),
	(15, 1, 3, 4000.00, '8'),
	(15, 2, 48, 30.00, '8'),
	(15, 3, 7, 600.00, '13'),
	(15, 4, 49, 120.00, '8'),
	(15, 5, 54, 600.00, '13'),
	(15, 6, 57, 4.00, '10'),
	(15, 7, 63, 84.00, '1'),
	(15, 8, 70, 150.00, '8'),
	(15, 9, 71, 40.00, '8'),
	(15, 10, 136, 8.00, '6'),
	(16, 1, 3, 4000.00, '8'),
	(16, 2, 48, 30.00, '8'),
	(16, 3, 7, 1700.00, '13'),
	(16, 4, 49, 120.00, '8'),
	(16, 5, 54, 600.00, '13'),
	(16, 6, 57, 4.00, '10'),
	(16, 7, 63, 84.00, '1'),
	(16, 8, 70, 150.00, '8'),
	(16, 9, 71, 40.00, '8'),
	(16, 10, 135, 8.00, '6'),
	(17, 1, 3, 4000.00, '8'),
	(17, 2, 48, 30.00, '8'),
	(17, 3, 49, 120.00, '8'),
	(17, 4, 7, 1700.00, '13'),
	(17, 5, 54, 600.00, '13'),
	(17, 6, 57, 4.00, '10'),
	(17, 7, 63, 84.00, '1'),
	(17, 8, 70, 150.00, '8'),
	(17, 9, 71, 40.00, '8'),
	(17, 10, 121, 8.00, '4'),
	(18, 1, 3, 4000.00, '8'),
	(18, 2, 48, 30.00, '8'),
	(18, 3, 49, 120.00, '8'),
	(18, 4, 7, 1700.00, '13'),
	(18, 5, 54, 600.00, '13'),
	(18, 6, 57, 4.00, '10'),
	(18, 7, 63, 84.00, '1'),
	(18, 8, 70, 150.00, '8'),
	(18, 9, 128, 12.00, '6'),
	(18, 10, 646, 5.00, '8'),
	(19, 1, 3, 4000.00, '8'),
	(19, 2, 48, 30.00, '8'),
	(19, 3, 49, 600.00, '8'),
	(19, 4, 7, 1700.00, '13'),
	(19, 5, 54, 600.00, '13'),
	(19, 6, 57, 4.00, '10'),
	(19, 7, 63, 84.00, '1'),
	(19, 8, 128, 12.00, '6'),
	(19, 9, 646, 5.00, '8'),
	(20, 1, 3, 4000.00, '8'),
	(20, 2, 48, 30.00, '8'),
	(20, 3, 49, 600.00, '8'),
	(20, 4, 7, 1700.00, '13'),
	(20, 5, 54, 600.00, '13'),
	(20, 6, 60, 5.00, '10'),
	(20, 7, 73, 105.00, '10'),
	(20, 8, 128, 12.00, '6'),
	(20, 9, 646, 5.00, '8'),
	(21, 1, 3, 4000.00, '8'),
	(21, 2, 48, 30.00, '8'),
	(21, 3, 49, 600.00, '8'),
	(21, 4, 7, 1700.00, '13'),
	(21, 5, 54, 600.00, '13'),
	(21, 6, 59, 6.00, '10'),
	(21, 7, 74, 126.00, '1'),
	(21, 8, 128, 12.00, '6'),
	(21, 9, 646, 5.00, '8'),
	(22, 1, 3, 4000.00, '8'),
	(22, 2, 48, 30.00, '8'),
	(22, 3, 49, 120.00, '8'),
	(22, 4, 7, 1700.00, '13'),
	(22, 5, 54, 600.00, '13'),
	(22, 6, 59, 6.00, '10'),
	(22, 7, 70, 150.00, '8'),
	(22, 8, 74, 126.00, '1'),
	(22, 9, 128, 12.00, '6'),
	(22, 10, 646, 5.00, '8'),
	(23, 1, 3, 4000.00, '8'),
	(23, 2, 48, 30.00, '8'),
	(23, 3, 49, 120.00, '8'),
	(23, 4, 7, 1700.00, '13'),
	(23, 5, 54, 600.00, '13'),
	(23, 6, 59, 5.00, '10'),
	(23, 7, 70, 150.00, '8'),
	(23, 8, 71, 40.00, '8'),
	(23, 9, 74, 105.00, '1'),
	(23, 10, 646, 5.00, '8'),
	(24, 1, 3, 4000.00, '8'),
	(24, 2, 48, 30.00, '8'),
	(24, 3, 49, 120.00, '8'),
	(24, 4, 7, 1700.00, '13'),
	(24, 5, 54, 600.00, '13'),
	(24, 6, 60, 5.00, '10'),
	(24, 7, 70, 150.00, '8'),
	(24, 8, 73, 105.00, '10'),
	(24, 9, 128, 12.00, '6'),
	(24, 10, 646, 5.00, '8'),
	(26, 1, 3, 4000.00, '8'),
	(26, 2, 48, 30.00, '8'),
	(26, 3, 49, 120.00, '8'),
	(26, 4, 7, 1700.00, '13'),
	(26, 5, 54, 600.00, '13'),
	(26, 6, 60, 5.00, '10'),
	(26, 7, 70, 150.00, '8'),
	(26, 8, 71, 40.00, '8'),
	(26, 9, 73, 105.00, '10'),
	(26, 10, 135, 8.00, '6'),
	(27, 1, 3, 4000.00, '8'),
	(27, 2, 48, 30.00, '8'),
	(27, 3, 7, 1700.00, '13'),
	(27, 4, 49, 120.00, '8'),
	(27, 5, 54, 600.00, '13'),
	(27, 6, 60, 5.00, '10'),
	(27, 7, 70, 150.00, '8'),
	(27, 8, 71, 40.00, '8'),
	(27, 9, 73, 105.00, '10'),
	(27, 10, 121, 8.00, '4'),
	(29, 1, 3, 4000.00, '8'),
	(29, 2, 48, 30.00, '8'),
	(29, 3, 7, 1700.00, '13'),
	(29, 4, 49, 120.00, '8'),
	(29, 5, 54, 600.00, '13'),
	(29, 6, 59, 6.00, '10'),
	(29, 7, 70, 150.00, '8'),
	(29, 8, 71, 40.00, '8'),
	(29, 9, 74, 126.00, '1'),
	(29, 10, 142, 1.00, '1'),
	(30, 1, 3, 4000.00, '8'),
	(30, 2, 48, 30.00, '8'),
	(30, 3, 49, 120.00, '8'),
	(30, 4, 7, 1700.00, '13'),
	(30, 5, 54, 600.00, '13'),
	(30, 6, 59, 6.00, '10'),
	(30, 7, 70, 150.00, '8'),
	(30, 8, 74, 126.00, '1'),
	(30, 9, 119, 1.00, '4'),
	(30, 10, 128, 12.00, '6'),
	(31, 1, 3, 4000.00, '8'),
	(31, 2, 45, 2.00, '9'),
	(31, 3, 5, 1.00, '6'),
	(31, 4, 48, 30.00, '8'),
	(31, 5, 7, 1700.00, '13'),
	(31, 6, 49, 120.00, '8'),
	(31, 7, 9, 500.00, '8'),
	(31, 8, 54, 600.00, '13'),
	(31, 9, 59, 6.00, '10'),
	(31, 10, 70, 150.00, '8'),
	(28, 1, 3, 4000.00, '8'),
	(28, 2, 48, 30.00, '8'),
	(28, 3, 49, 600.00, '8'),
	(28, 4, 7, 1700.00, '13'),
	(28, 5, 54, 600.00, '13'),
	(28, 6, 60, 5.00, '10'),
	(28, 7, 71, 40.00, '8'),
	(28, 8, 73, 105.00, '10'),
	(28, 9, 121, 8.00, '4'),
	(28, 10, 646, 5.00, '8');
/*!40000 ALTER TABLE `d_formula` ENABLE KEYS */;

-- Dumping structure for table bisnis_tamma.d_formula_result
CREATE TABLE IF NOT EXISTS `d_formula_result` (
  `fr_id` int(11) NOT NULL AUTO_INCREMENT,
  `fr_adonan` int(11) NOT NULL,
  `fr_result` decimal(10,2) NOT NULL,
  `fr_scale` varchar(10) DEFAULT NULL,
  `fr_updated` timestamp NULL DEFAULT NULL,
  `fr_created` timestamp NULL DEFAULT NULL,
  PRIMARY KEY (`fr_id`,`fr_adonan`),
  UNIQUE KEY `fr_adonan` (`fr_adonan`),
  CONSTRAINT `FK_d_formula_result_m_item` FOREIGN KEY (`fr_adonan`) REFERENCES `m_item` (`i_id`)
) ENGINE=InnoDB AUTO_INCREMENT=32 DEFAULT CHARSET=latin1;

-- Dumping data for table bisnis_tamma.d_formula_result: ~31 rows (approximately)
DELETE FROM `d_formula_result`;
/*!40000 ALTER TABLE `d_formula_result` DISABLE KEYS */;
INSERT INTO `d_formula_result` (`fr_id`, `fr_adonan`, `fr_result`, `fr_scale`, `fr_updated`, `fr_created`) VALUES
	(1, 299, 3.00, '1', '2018-08-16 02:12:08', '2018-08-16 02:12:08'),
	(2, 297, 8.00, '1', '2018-08-16 02:13:21', '2018-08-16 02:13:21'),
	(3, 301, 5.00, '1', '2018-08-16 02:15:35', '2018-08-16 02:15:35'),
	(4, 331, 6.00, '1', '2018-08-16 02:16:55', '2018-08-16 02:16:55'),
	(5, 327, 6.00, '1', '2018-08-16 02:17:40', '2018-08-16 02:17:40'),
	(6, 325, 6.00, '1', '2018-08-16 02:20:40', '2018-08-16 02:20:40'),
	(7, 328, 6.00, '1', '2018-08-16 02:25:21', '2018-08-16 02:25:21'),
	(8, 332, 6.00, '1', '2018-08-16 02:27:24', '2018-08-16 02:27:24'),
	(9, 311, 4.00, '1', '2018-08-16 02:28:09', '2018-08-16 02:28:09'),
	(10, 302, 4.00, '1', '2018-08-16 02:28:54', '2018-08-16 02:28:54'),
	(11, 303, 5.00, '1', '2018-08-16 02:29:53', '2018-08-16 02:29:53'),
	(12, 304, 6.00, '1', '2018-08-16 02:31:20', '2018-08-16 02:31:20'),
	(13, 165, 4.00, '1', '2018-08-16 02:35:00', '2018-08-16 02:35:00'),
	(14, 166, 5.00, '1', '2018-08-16 02:35:48', '2018-08-16 02:35:48'),
	(15, 337, 4.00, '1', '2018-08-16 02:38:19', '2018-08-16 02:38:19'),
	(16, 339, 4.00, '1', '2018-08-16 02:39:13', '2018-08-16 02:39:13'),
	(17, 356, 4.00, '1', '2018-08-16 02:39:57', '2018-08-16 02:39:57'),
	(18, 347, 4.00, '1', '2018-08-16 02:42:09', '2018-08-16 02:42:09'),
	(19, 335, 4.00, '1', '2018-08-16 02:43:13', '2018-08-16 02:43:13'),
	(20, 361, 5.00, '1', '2018-08-16 02:44:24', '2018-08-16 02:44:24'),
	(21, 352, 6.00, '1', '2018-08-16 02:46:14', '2018-08-16 02:46:14'),
	(22, 344, 6.00, '1', '2018-08-16 02:46:55', '2018-08-16 02:46:55'),
	(23, 161, 5.00, '1', '2018-08-16 02:48:24', '2018-08-16 02:48:24'),
	(24, 343, 5.00, '1', '2018-08-16 02:49:14', '2018-08-16 02:49:14'),
	(25, 338, 5.00, '1', NULL, '2018-08-13 04:31:34'),
	(26, 340, 5.00, '1', '2018-08-16 02:51:01', '2018-08-16 02:51:01'),
	(27, 359, 5.00, '1', '2018-08-16 02:52:16', '2018-08-16 02:52:16'),
	(28, 367, 5.00, '1', '2018-08-18 03:38:26', '2018-08-18 03:38:26'),
	(29, 326, 6.00, '1', '2018-08-16 04:16:54', '2018-08-16 04:16:54'),
	(30, 350, 6.00, '1', '2018-08-16 04:19:01', '2018-08-16 04:19:01'),
	(31, 324, 6.00, '1', '2018-08-16 04:20:20', '2018-08-16 04:20:20');
/*!40000 ALTER TABLE `d_formula_result` ENABLE KEYS */;

-- Dumping structure for table bisnis_tamma.d_group
CREATE TABLE IF NOT EXISTS `d_group` (
  `g_id` int(11) NOT NULL,
  `g_name` varchar(30) DEFAULT NULL,
  PRIMARY KEY (`g_id`),
  UNIQUE KEY `g_name` (`g_name`)
) ENGINE=InnoDB DEFAULT CHARSET=latin1 COMMENT='nama group';

-- Dumping data for table bisnis_tamma.d_group: ~2 rows (approximately)
DELETE FROM `d_group`;
/*!40000 ALTER TABLE `d_group` DISABLE KEYS */;
INSERT INTO `d_group` (`g_id`, `g_name`) VALUES
	(1, 'ke'),
	(2, 'm');
/*!40000 ALTER TABLE `d_group` ENABLE KEYS */;

-- Dumping structure for table bisnis_tamma.d_group_access
CREATE TABLE IF NOT EXISTS `d_group_access` (
  `ga_access` int(11) NOT NULL,
  `ga_group` int(11) NOT NULL,
  `ga_read` enum('Y','N') DEFAULT 'N',
  `ga_insert` enum('Y','N') DEFAULT 'N',
  `ga_update` enum('Y','N') DEFAULT 'N',
  `ga_delete` enum('Y','N') DEFAULT 'N',
  PRIMARY KEY (`ga_access`,`ga_group`),
  KEY `FK_d_group_access_d_group` (`ga_group`),
  CONSTRAINT `FK_d_group_access_d_access` FOREIGN KEY (`ga_access`) REFERENCES `d_access` (`a_id`) ON UPDATE CASCADE,
  CONSTRAINT `FK_d_group_access_d_group` FOREIGN KEY (`ga_group`) REFERENCES `d_group` (`g_id`)
) ENGINE=InnoDB DEFAULT CHARSET=latin1;

-- Dumping data for table bisnis_tamma.d_group_access: ~135 rows (approximately)
DELETE FROM `d_group_access`;
/*!40000 ALTER TABLE `d_group_access` DISABLE KEYS */;
INSERT INTO `d_group_access` (`ga_access`, `ga_group`, `ga_read`, `ga_insert`, `ga_update`, `ga_delete`) VALUES
	(1, 1, 'N', 'N', 'N', 'N'),
	(1, 2, 'N', 'N', 'N', 'N'),
	(2, 1, 'Y', 'N', 'N', 'N'),
	(2, 2, 'N', 'N', 'N', 'N'),
	(3, 1, 'Y', 'N', 'N', 'N'),
	(3, 2, 'N', 'N', 'N', 'N'),
	(4, 1, 'N', 'N', 'N', 'N'),
	(4, 2, 'N', 'N', 'N', 'N'),
	(5, 1, 'N', 'N', 'N', 'N'),
	(5, 2, 'N', 'N', 'N', 'N'),
	(6, 1, 'N', 'N', 'N', 'N'),
	(6, 2, 'N', 'N', 'N', 'N'),
	(7, 1, 'N', 'N', 'N', 'N'),
	(7, 2, 'N', 'N', 'N', 'N'),
	(8, 1, 'N', 'N', 'N', 'N'),
	(8, 2, 'N', 'N', 'N', 'N'),
	(9, 1, 'N', 'N', 'N', 'N'),
	(9, 2, 'N', 'N', 'N', 'N'),
	(10, 1, 'N', 'N', 'N', 'N'),
	(10, 2, 'N', 'N', 'N', 'N'),
	(11, 1, 'N', 'N', 'N', 'N'),
	(11, 2, 'N', 'N', 'N', 'N'),
	(12, 1, 'N', 'N', 'N', 'N'),
	(12, 2, 'N', 'N', 'N', 'N'),
	(13, 1, 'N', 'N', 'N', 'N'),
	(13, 2, 'N', 'N', 'N', 'N'),
	(14, 1, 'N', 'N', 'N', 'N'),
	(14, 2, 'N', 'N', 'N', 'N'),
	(15, 1, 'N', 'N', 'N', 'N'),
	(15, 2, 'N', 'N', 'N', 'N'),
	(16, 1, 'N', 'N', 'N', 'N'),
	(16, 2, 'N', 'N', 'N', 'N'),
	(17, 1, 'N', 'N', 'N', 'N'),
	(17, 2, 'N', 'N', 'N', 'N'),
	(18, 1, 'N', 'N', 'N', 'N'),
	(18, 2, 'N', 'N', 'N', 'N'),
	(19, 1, 'N', 'N', 'N', 'N'),
	(19, 2, 'N', 'N', 'N', 'N'),
	(20, 1, 'N', 'N', 'N', 'N'),
	(20, 2, 'N', 'N', 'N', 'N'),
	(21, 1, 'N', 'N', 'N', 'N'),
	(21, 2, 'N', 'N', 'N', 'N'),
	(22, 1, 'N', 'N', 'N', 'N'),
	(22, 2, 'N', 'N', 'N', 'N'),
	(23, 1, 'N', 'N', 'N', 'N'),
	(23, 2, 'N', 'N', 'N', 'N'),
	(24, 1, 'N', 'N', 'N', 'N'),
	(24, 2, 'N', 'N', 'N', 'N'),
	(25, 1, 'N', 'N', 'N', 'N'),
	(25, 2, 'N', 'N', 'N', 'N'),
	(26, 1, 'N', 'N', 'N', 'N'),
	(26, 2, 'N', 'N', 'N', 'N'),
	(27, 1, 'N', 'N', 'N', 'N'),
	(27, 2, 'N', 'N', 'N', 'N'),
	(28, 1, 'N', 'N', 'N', 'N'),
	(28, 2, 'N', 'N', 'N', 'N'),
	(29, 1, 'N', 'N', 'N', 'N'),
	(29, 2, 'N', 'N', 'N', 'N'),
	(30, 1, 'N', 'N', 'N', 'N'),
	(30, 2, 'N', 'N', 'N', 'N'),
	(31, 1, 'N', 'N', 'N', 'N'),
	(31, 2, 'N', 'N', 'N', 'N'),
	(32, 1, 'N', 'N', 'N', 'N'),
	(32, 2, 'N', 'N', 'N', 'N'),
	(33, 1, 'N', 'N', 'N', 'N'),
	(33, 2, 'N', 'N', 'N', 'N'),
	(34, 1, 'N', 'N', 'N', 'N'),
	(34, 2, 'N', 'N', 'N', 'N'),
	(35, 1, 'N', 'N', 'N', 'N'),
	(35, 2, 'N', 'N', 'N', 'N'),
	(36, 1, 'N', 'N', 'N', 'N'),
	(36, 2, 'N', 'N', 'N', 'N'),
	(37, 1, 'N', 'N', 'N', 'N'),
	(37, 2, 'N', 'N', 'N', 'N'),
	(38, 1, 'N', 'N', 'N', 'N'),
	(38, 2, 'N', 'N', 'N', 'N'),
	(39, 1, 'N', 'N', 'N', 'N'),
	(39, 2, 'N', 'N', 'N', 'N'),
	(40, 1, 'N', 'N', 'N', 'N'),
	(40, 2, 'N', 'N', 'N', 'N'),
	(41, 1, 'N', 'N', 'N', 'N'),
	(41, 2, 'N', 'N', 'N', 'N'),
	(42, 1, 'N', 'N', 'N', 'N'),
	(42, 2, 'N', 'N', 'N', 'N'),
	(43, 1, 'N', 'N', 'N', 'N'),
	(43, 2, 'N', 'N', 'N', 'N'),
	(44, 1, 'N', 'N', 'N', 'N'),
	(44, 2, 'N', 'N', 'N', 'N'),
	(45, 1, 'N', 'N', 'N', 'N'),
	(45, 2, 'N', 'N', 'N', 'N'),
	(46, 1, 'N', 'N', 'N', 'N'),
	(46, 2, 'N', 'N', 'N', 'N'),
	(47, 1, 'N', 'N', 'N', 'N'),
	(47, 2, 'N', 'N', 'N', 'N'),
	(48, 1, 'N', 'N', 'N', 'N'),
	(48, 2, 'N', 'N', 'N', 'N'),
	(49, 1, 'N', 'N', 'N', 'N'),
	(49, 2, 'N', 'N', 'N', 'N'),
	(50, 1, 'N', 'N', 'N', 'N'),
	(50, 2, 'N', 'N', 'N', 'N'),
	(51, 1, 'N', 'N', 'N', 'N'),
	(51, 2, 'N', 'N', 'N', 'N'),
	(52, 1, 'N', 'N', 'N', 'N'),
	(52, 2, 'N', 'N', 'N', 'N'),
	(53, 1, 'N', 'N', 'N', 'N'),
	(53, 2, 'N', 'N', 'N', 'N'),
	(54, 1, 'N', 'N', 'N', 'N'),
	(54, 2, 'N', 'N', 'N', 'N'),
	(55, 1, 'N', 'N', 'N', 'N'),
	(55, 2, 'N', 'N', 'N', 'N'),
	(56, 1, 'N', 'N', 'N', 'N'),
	(56, 2, 'N', 'N', 'N', 'N'),
	(57, 1, 'N', 'N', 'N', 'N'),
	(57, 2, 'N', 'N', 'N', 'N'),
	(58, 1, 'N', 'N', 'N', 'N'),
	(58, 2, 'N', 'N', 'N', 'N'),
	(59, 1, 'N', 'N', 'N', 'N'),
	(59, 2, 'N', 'N', 'N', 'N'),
	(60, 1, 'N', 'N', 'N', 'N'),
	(60, 2, 'N', 'N', 'N', 'N'),
	(61, 1, 'N', 'N', 'N', 'N'),
	(61, 2, 'N', 'N', 'N', 'N'),
	(62, 1, 'N', 'N', 'N', 'N'),
	(62, 2, 'N', 'N', 'N', 'N'),
	(63, 1, 'N', 'N', 'N', 'N'),
	(63, 2, 'N', 'N', 'N', 'N'),
	(64, 1, 'N', 'N', 'N', 'N'),
	(64, 2, 'N', 'N', 'N', 'N'),
	(65, 1, 'N', 'N', 'N', 'N'),
	(65, 2, 'N', 'N', 'N', 'N'),
	(66, 1, 'N', 'N', 'N', 'N'),
	(66, 2, 'N', 'N', 'N', 'N'),
	(67, 1, 'N', 'N', 'N', 'N'),
	(67, 2, 'N', 'N', 'N', 'N'),
	(68, 2, 'N', 'N', 'N', 'N');
/*!40000 ALTER TABLE `d_group_access` ENABLE KEYS */;

-- Dumping structure for table bisnis_tamma.d_gudangcabang
CREATE TABLE IF NOT EXISTS `d_gudangcabang` (
  `cg_id` int(11) NOT NULL AUTO_INCREMENT,
  `cg_cabang` varchar(25) NOT NULL COMMENT 'GC : GUDANG CUSTOMER | GG : GUDANG GROSIR | GR : GUDANG RETAIL | GS : GUDANG SENDING | GP : GUDANG PRODUKSI | GB : GUDANG BAHAN BAKU',
  `cg_gudang` char(2) NOT NULL COMMENT 'GC : GUDANG CUSTOMER | GG : GUDANG GROSIR | GR : GUDANG RETAIL | GS : GUDANG SENDING | GP : GUDANG PRODUKSI | GB : GUDANG BAHAN BAKU',
  `cg_insert` datetime DEFAULT NULL,
  `cg_update` datetime DEFAULT NULL,
  PRIMARY KEY (`cg_id`)
) ENGINE=InnoDB AUTO_INCREMENT=9 DEFAULT CHARSET=latin1;

-- Dumping data for table bisnis_tamma.d_gudangcabang: ~8 rows (approximately)
DELETE FROM `d_gudangcabang`;
/*!40000 ALTER TABLE `d_gudangcabang` DISABLE KEYS */;
INSERT INTO `d_gudangcabang` (`cg_id`, `cg_cabang`, `cg_gudang`, `cg_insert`, `cg_update`) VALUES
	(1, 'GUDANG RETAIL1', 'GR', '2018-05-02 14:32:30', '2018-05-02 14:32:31'),
	(2, 'GUDANG GROSIR1', 'GG', '2018-05-02 14:45:56', '2018-05-02 14:45:58'),
	(3, 'GUDANG BAHAN BAKU1', 'GB', '2018-05-02 14:51:45', '2018-05-02 14:51:48'),
	(4, 'GUDANG CUSTOMER', 'GC', '2018-05-02 14:51:46', '2018-05-02 14:51:49'),
	(5, 'GUDANG SENDING', 'GS', '2018-05-02 16:13:01', '2018-05-02 16:13:03'),
	(6, 'GUDANG PRODUKSI1', 'GP', '2018-05-17 11:27:51', '2018-05-17 11:27:52'),
	(7, 'GUDANG BARANG JADI', 'GJ', '2018-07-03 03:24:15', '2018-07-03 03:24:16'),
	(8, 'GUDANG BARANG RUSAK1', 'GD', '2018-08-30 10:39:31', '2018-08-30 10:39:31');
/*!40000 ALTER TABLE `d_gudangcabang` ENABLE KEYS */;

-- Dumping structure for table bisnis_tamma.d_hasil_garapan
CREATE TABLE IF NOT EXISTS `d_hasil_garapan` (
  `d_hg_id` int(11) NOT NULL AUTO_INCREMENT,
  `d_hg_pid` int(11) unsigned DEFAULT NULL COMMENT 'id pegawai produksi',
  `d_hg_tgl` date DEFAULT NULL,
  `d_hg_cid` int(10) unsigned DEFAULT NULL,
  `d_hg_gaji` decimal(10,2) DEFAULT '0.00',
  `d_hg_lembur` decimal(10,2) DEFAULT '0.00',
  `d_hg_created` datetime NOT NULL,
  `d_hg_updated` datetime DEFAULT NULL,
  PRIMARY KEY (`d_hg_id`),
  KEY `FK_d_hasil_garapan_m_pegawai_pro` (`d_hg_pid`),
  KEY `FK_d_hasil_garapan_m_gaji_pro` (`d_hg_cid`),
  CONSTRAINT `FK_d_hasil_garapan_m_gaji_pro` FOREIGN KEY (`d_hg_cid`) REFERENCES `m_gaji_pro` (`c_id`),
  CONSTRAINT `FK_d_hasil_garapan_m_pegawai_pro` FOREIGN KEY (`d_hg_pid`) REFERENCES `m_pegawai_pro` (`c_id`)
) ENGINE=InnoDB AUTO_INCREMENT=186 DEFAULT CHARSET=utf8 COLLATE=utf8_unicode_ci COMMENT='Data hasil garapan karyawan produksi';

-- Dumping data for table bisnis_tamma.d_hasil_garapan: ~185 rows (approximately)
DELETE FROM `d_hasil_garapan`;
/*!40000 ALTER TABLE `d_hasil_garapan` DISABLE KEYS */;
INSERT INTO `d_hasil_garapan` (`d_hg_id`, `d_hg_pid`, `d_hg_tgl`, `d_hg_cid`, `d_hg_gaji`, `d_hg_lembur`, `d_hg_created`, `d_hg_updated`) VALUES
	(1, 3, '2018-09-26', 2, 5.00, 5.00, '2018-09-28 07:32:50', '2018-09-28 07:32:50'),
	(2, 4, '2018-09-26', 2, 5.00, 5.00, '2018-09-28 07:32:51', '2018-09-28 07:32:51'),
	(3, 5, '2018-09-26', 2, 0.00, 0.00, '2018-09-28 07:32:51', '2018-09-28 07:32:51'),
	(4, 6, '2018-09-26', 2, 0.00, 0.00, '2018-09-28 07:32:51', '2018-09-28 07:32:51'),
	(5, 7, '2018-09-26', 2, 0.00, 0.00, '2018-09-28 07:32:51', '2018-09-28 07:32:51'),
	(6, 8, '2018-09-26', 2, 0.00, 0.00, '2018-09-28 07:32:51', '2018-09-28 07:32:51'),
	(7, 9, '2018-09-26', 2, 0.00, 0.00, '2018-09-28 07:32:51', '2018-09-28 07:32:51'),
	(8, 10, '2018-09-26', 2, 0.00, 0.00, '2018-09-28 07:32:51', '2018-09-28 07:32:51'),
	(9, 11, '2018-09-26', 2, 0.00, 0.00, '2018-09-28 07:32:51', '2018-09-28 07:32:51'),
	(10, 12, '2018-09-26', 2, 0.00, 0.00, '2018-09-28 07:32:51', '2018-09-28 07:32:51'),
	(11, 13, '2018-09-26', 2, 0.00, 0.00, '2018-09-28 07:32:51', '2018-09-28 07:32:51'),
	(12, 14, '2018-09-26', 2, 0.00, 0.00, '2018-09-28 07:32:51', '2018-09-28 07:32:51'),
	(13, 15, '2018-09-26', 2, 0.00, 0.00, '2018-09-28 07:32:51', '2018-09-28 07:32:51'),
	(14, 16, '2018-09-26', 2, 0.00, 0.00, '2018-09-28 07:32:51', '2018-09-28 07:32:51'),
	(15, 17, '2018-09-26', 2, 0.00, 0.00, '2018-09-28 07:32:51', '2018-09-28 07:32:51'),
	(16, 18, '2018-09-26', 2, 0.00, 0.00, '2018-09-28 07:32:51', '2018-09-28 07:32:51'),
	(17, 19, '2018-09-26', 2, 0.00, 0.00, '2018-09-28 07:32:51', '2018-09-28 07:32:51'),
	(18, 20, '2018-09-26', 2, 0.00, 0.00, '2018-09-28 07:32:51', '2018-09-28 07:32:51'),
	(19, 21, '2018-09-26', 2, 0.00, 0.00, '2018-09-28 07:32:51', '2018-09-28 07:32:51'),
	(20, 22, '2018-09-26', 2, 0.00, 0.00, '2018-09-28 07:32:51', '2018-09-28 07:32:51'),
	(21, 23, '2018-09-26', 2, 0.00, 0.00, '2018-09-28 07:32:51', '2018-09-28 07:32:51'),
	(22, 24, '2018-09-26', 2, 0.00, 0.00, '2018-09-28 07:32:51', '2018-09-28 07:32:51'),
	(23, 25, '2018-09-26', 2, 0.00, 0.00, '2018-09-28 07:32:51', '2018-09-28 07:32:51'),
	(24, 3, '2018-09-26', 3, 10.00, 5.00, '2018-09-28 07:33:00', '2018-09-28 07:33:00'),
	(25, 4, '2018-09-26', 3, 5.00, 5.00, '2018-09-28 07:33:00', '2018-09-28 07:33:00'),
	(26, 5, '2018-09-26', 3, 0.00, 0.00, '2018-09-28 07:33:00', '2018-09-28 07:33:00'),
	(27, 6, '2018-09-26', 3, 0.00, 0.00, '2018-09-28 07:33:00', '2018-09-28 07:33:00'),
	(28, 7, '2018-09-26', 3, 0.00, 0.00, '2018-09-28 07:33:00', '2018-09-28 07:33:00'),
	(29, 8, '2018-09-26', 3, 0.00, 0.00, '2018-09-28 07:33:00', '2018-09-28 07:33:00'),
	(30, 9, '2018-09-26', 3, 0.00, 0.00, '2018-09-28 07:33:00', '2018-09-28 07:33:00'),
	(31, 10, '2018-09-26', 3, 0.00, 0.00, '2018-09-28 07:33:00', '2018-09-28 07:33:00'),
	(32, 11, '2018-09-26', 3, 0.00, 0.00, '2018-09-28 07:33:00', '2018-09-28 07:33:00'),
	(33, 12, '2018-09-26', 3, 0.00, 0.00, '2018-09-28 07:33:00', '2018-09-28 07:33:00'),
	(34, 13, '2018-09-26', 3, 0.00, 0.00, '2018-09-28 07:33:00', '2018-09-28 07:33:00'),
	(35, 14, '2018-09-26', 3, 0.00, 0.00, '2018-09-28 07:33:00', '2018-09-28 07:33:00'),
	(36, 15, '2018-09-26', 3, 0.00, 0.00, '2018-09-28 07:33:00', '2018-09-28 07:33:00'),
	(37, 16, '2018-09-26', 3, 0.00, 0.00, '2018-09-28 07:33:00', '2018-09-28 07:33:00'),
	(38, 17, '2018-09-26', 3, 0.00, 0.00, '2018-09-28 07:33:00', '2018-09-28 07:33:00'),
	(39, 18, '2018-09-26', 3, 0.00, 0.00, '2018-09-28 07:33:00', '2018-09-28 07:33:00'),
	(40, 19, '2018-09-26', 3, 0.00, 0.00, '2018-09-28 07:33:00', '2018-09-28 07:33:00'),
	(41, 20, '2018-09-26', 3, 0.00, 0.00, '2018-09-28 07:33:00', '2018-09-28 07:33:00'),
	(42, 21, '2018-09-26', 3, 0.00, 0.00, '2018-09-28 07:33:00', '2018-09-28 07:33:00'),
	(43, 22, '2018-09-26', 3, 0.00, 0.00, '2018-09-28 07:33:00', '2018-09-28 07:33:00'),
	(44, 23, '2018-09-26', 3, 0.00, 0.00, '2018-09-28 07:33:00', '2018-09-28 07:33:00'),
	(45, 24, '2018-09-26', 3, 0.00, 0.00, '2018-09-28 07:33:00', '2018-09-28 07:33:00'),
	(46, 25, '2018-09-26', 3, 0.00, 0.00, '2018-09-28 07:33:00', '2018-09-28 07:33:00'),
	(47, 3, '2018-09-27', 3, 5.00, 5.00, '2018-09-28 07:33:15', '2018-09-28 07:33:15'),
	(48, 4, '2018-09-27', 3, 5.00, 5.00, '2018-09-28 07:33:15', '2018-09-28 07:33:15'),
	(49, 5, '2018-09-27', 3, 0.00, 0.00, '2018-09-28 07:33:15', '2018-09-28 07:33:15'),
	(50, 6, '2018-09-27', 3, 0.00, 0.00, '2018-09-28 07:33:15', '2018-09-28 07:33:15'),
	(51, 7, '2018-09-27', 3, 0.00, 0.00, '2018-09-28 07:33:15', '2018-09-28 07:33:15'),
	(52, 8, '2018-09-27', 3, 0.00, 0.00, '2018-09-28 07:33:15', '2018-09-28 07:33:15'),
	(53, 9, '2018-09-27', 3, 0.00, 0.00, '2018-09-28 07:33:15', '2018-09-28 07:33:15'),
	(54, 10, '2018-09-27', 3, 0.00, 0.00, '2018-09-28 07:33:15', '2018-09-28 07:33:15'),
	(55, 11, '2018-09-27', 3, 0.00, 0.00, '2018-09-28 07:33:15', '2018-09-28 07:33:15'),
	(56, 12, '2018-09-27', 3, 0.00, 0.00, '2018-09-28 07:33:15', '2018-09-28 07:33:15'),
	(57, 13, '2018-09-27', 3, 0.00, 0.00, '2018-09-28 07:33:15', '2018-09-28 07:33:15'),
	(58, 14, '2018-09-27', 3, 0.00, 0.00, '2018-09-28 07:33:15', '2018-09-28 07:33:15'),
	(59, 15, '2018-09-27', 3, 0.00, 0.00, '2018-09-28 07:33:15', '2018-09-28 07:33:15'),
	(60, 16, '2018-09-27', 3, 0.00, 0.00, '2018-09-28 07:33:15', '2018-09-28 07:33:15'),
	(61, 17, '2018-09-27', 3, 0.00, 0.00, '2018-09-28 07:33:15', '2018-09-28 07:33:15'),
	(62, 18, '2018-09-27', 3, 0.00, 0.00, '2018-09-28 07:33:15', '2018-09-28 07:33:15'),
	(63, 19, '2018-09-27', 3, 0.00, 0.00, '2018-09-28 07:33:15', '2018-09-28 07:33:15'),
	(64, 20, '2018-09-27', 3, 0.00, 0.00, '2018-09-28 07:33:15', '2018-09-28 07:33:15'),
	(65, 21, '2018-09-27', 3, 0.00, 0.00, '2018-09-28 07:33:15', '2018-09-28 07:33:15'),
	(66, 22, '2018-09-27', 3, 0.00, 0.00, '2018-09-28 07:33:15', '2018-09-28 07:33:15'),
	(67, 23, '2018-09-27', 3, 0.00, 0.00, '2018-09-28 07:33:15', '2018-09-28 07:33:15'),
	(68, 24, '2018-09-27', 3, 0.00, 0.00, '2018-09-28 07:33:15', '2018-09-28 07:33:15'),
	(69, 25, '2018-09-27', 3, 0.00, 0.00, '2018-09-28 07:33:15', '2018-09-28 07:33:15'),
	(70, 3, '2018-09-27', 2, 5.00, 5.00, '2018-09-28 07:33:26', '2018-09-28 07:33:26'),
	(71, 4, '2018-09-27', 2, 5.00, 5.00, '2018-09-28 07:33:26', '2018-09-28 07:33:26'),
	(72, 5, '2018-09-27', 2, 0.00, 0.00, '2018-09-28 07:33:26', '2018-09-28 07:33:26'),
	(73, 6, '2018-09-27', 2, 0.00, 0.00, '2018-09-28 07:33:26', '2018-09-28 07:33:26'),
	(74, 7, '2018-09-27', 2, 0.00, 0.00, '2018-09-28 07:33:26', '2018-09-28 07:33:26'),
	(75, 8, '2018-09-27', 2, 0.00, 0.00, '2018-09-28 07:33:26', '2018-09-28 07:33:26'),
	(76, 9, '2018-09-27', 2, 0.00, 0.00, '2018-09-28 07:33:26', '2018-09-28 07:33:26'),
	(77, 10, '2018-09-27', 2, 0.00, 0.00, '2018-09-28 07:33:26', '2018-09-28 07:33:26'),
	(78, 11, '2018-09-27', 2, 0.00, 0.00, '2018-09-28 07:33:26', '2018-09-28 07:33:26'),
	(79, 12, '2018-09-27', 2, 0.00, 0.00, '2018-09-28 07:33:26', '2018-09-28 07:33:26'),
	(80, 13, '2018-09-27', 2, 0.00, 0.00, '2018-09-28 07:33:26', '2018-09-28 07:33:26'),
	(81, 14, '2018-09-27', 2, 0.00, 0.00, '2018-09-28 07:33:26', '2018-09-28 07:33:26'),
	(82, 15, '2018-09-27', 2, 0.00, 0.00, '2018-09-28 07:33:26', '2018-09-28 07:33:26'),
	(83, 16, '2018-09-27', 2, 0.00, 0.00, '2018-09-28 07:33:26', '2018-09-28 07:33:26'),
	(84, 17, '2018-09-27', 2, 0.00, 0.00, '2018-09-28 07:33:26', '2018-09-28 07:33:26'),
	(85, 18, '2018-09-27', 2, 0.00, 0.00, '2018-09-28 07:33:26', '2018-09-28 07:33:26'),
	(86, 19, '2018-09-27', 2, 0.00, 0.00, '2018-09-28 07:33:26', '2018-09-28 07:33:26'),
	(87, 20, '2018-09-27', 2, 0.00, 0.00, '2018-09-28 07:33:26', '2018-09-28 07:33:26'),
	(88, 21, '2018-09-27', 2, 0.00, 0.00, '2018-09-28 07:33:26', '2018-09-28 07:33:26'),
	(89, 22, '2018-09-27', 2, 0.00, 0.00, '2018-09-28 07:33:26', '2018-09-28 07:33:26'),
	(90, 23, '2018-09-27', 2, 0.00, 0.00, '2018-09-28 07:33:26', '2018-09-28 07:33:26'),
	(91, 24, '2018-09-27', 2, 0.00, 0.00, '2018-09-28 07:33:26', '2018-09-28 07:33:26'),
	(92, 25, '2018-09-27', 2, 0.00, 0.00, '2018-09-28 07:33:26', '2018-09-28 07:33:26'),
	(93, 3, '2018-09-28', 3, 28.00, 5.00, '2018-09-28 13:52:17', '2018-09-28 13:52:17'),
	(94, 4, '2018-09-28', 3, 28.00, 5.00, '2018-09-28 13:52:17', '2018-09-28 13:52:17'),
	(95, 5, '2018-09-28', 3, 0.00, 0.00, '2018-09-28 13:52:17', '2018-09-28 13:52:17'),
	(96, 6, '2018-09-28', 3, 0.00, 0.00, '2018-09-28 13:52:17', '2018-09-28 13:52:17'),
	(97, 7, '2018-09-28', 3, 0.00, 0.00, '2018-09-28 13:52:17', '2018-09-28 13:52:17'),
	(98, 8, '2018-09-28', 3, 0.00, 0.00, '2018-09-28 13:52:17', '2018-09-28 13:52:17'),
	(99, 9, '2018-09-28', 3, 0.00, 0.00, '2018-09-28 13:52:17', '2018-09-28 13:52:17'),
	(100, 10, '2018-09-28', 3, 0.00, 0.00, '2018-09-28 13:52:17', '2018-09-28 13:52:17'),
	(101, 11, '2018-09-28', 3, 0.00, 0.00, '2018-09-28 13:52:17', '2018-09-28 13:52:17'),
	(102, 12, '2018-09-28', 3, 0.00, 0.00, '2018-09-28 13:52:17', '2018-09-28 13:52:17'),
	(103, 13, '2018-09-28', 3, 0.00, 0.00, '2018-09-28 13:52:17', '2018-09-28 13:52:17'),
	(104, 14, '2018-09-28', 3, 0.00, 0.00, '2018-09-28 13:52:17', '2018-09-28 13:52:17'),
	(105, 15, '2018-09-28', 3, 0.00, 0.00, '2018-09-28 13:52:17', '2018-09-28 13:52:17'),
	(106, 16, '2018-09-28', 3, 0.00, 0.00, '2018-09-28 13:52:17', '2018-09-28 13:52:17'),
	(107, 17, '2018-09-28', 3, 0.00, 0.00, '2018-09-28 13:52:17', '2018-09-28 13:52:17'),
	(108, 18, '2018-09-28', 3, 0.00, 0.00, '2018-09-28 13:52:17', '2018-09-28 13:52:17'),
	(109, 19, '2018-09-28', 3, 0.00, 0.00, '2018-09-28 13:52:17', '2018-09-28 13:52:17'),
	(110, 20, '2018-09-28', 3, 0.00, 0.00, '2018-09-28 13:52:17', '2018-09-28 13:52:17'),
	(111, 21, '2018-09-28', 3, 0.00, 0.00, '2018-09-28 13:52:17', '2018-09-28 13:52:17'),
	(112, 22, '2018-09-28', 3, 0.00, 0.00, '2018-09-28 13:52:17', '2018-09-28 13:52:17'),
	(113, 23, '2018-09-28', 3, 0.00, 0.00, '2018-09-28 13:52:17', '2018-09-28 13:52:17'),
	(114, 24, '2018-09-28', 3, 0.00, 0.00, '2018-09-28 13:52:17', '2018-09-28 13:52:17'),
	(115, 25, '2018-09-28', 3, 0.00, 0.00, '2018-09-28 13:52:17', '2018-09-28 13:52:17'),
	(116, 3, '2018-09-28', 5, 0.00, 0.00, '2018-09-28 13:53:26', '2018-09-28 13:53:26'),
	(117, 4, '2018-09-28', 5, 0.00, 0.00, '2018-09-28 13:53:26', '2018-09-28 13:53:26'),
	(118, 5, '2018-09-28', 5, 30.00, 3.00, '2018-09-28 13:53:26', '2018-09-28 13:53:26'),
	(119, 6, '2018-09-28', 5, 30.00, 5.00, '2018-09-28 13:53:26', '2018-09-28 13:53:26'),
	(120, 7, '2018-09-28', 5, 0.00, 0.00, '2018-09-28 13:53:26', '2018-09-28 13:53:26'),
	(121, 8, '2018-09-28', 5, 0.00, 0.00, '2018-09-28 13:53:26', '2018-09-28 13:53:26'),
	(122, 9, '2018-09-28', 5, 0.00, 0.00, '2018-09-28 13:53:26', '2018-09-28 13:53:26'),
	(123, 10, '2018-09-28', 5, 0.00, 0.00, '2018-09-28 13:53:26', '2018-09-28 13:53:26'),
	(124, 11, '2018-09-28', 5, 0.00, 0.00, '2018-09-28 13:53:26', '2018-09-28 13:53:26'),
	(125, 12, '2018-09-28', 5, 0.00, 0.00, '2018-09-28 13:53:26', '2018-09-28 13:53:26'),
	(126, 13, '2018-09-28', 5, 0.00, 0.00, '2018-09-28 13:53:26', '2018-09-28 13:53:26'),
	(127, 14, '2018-09-28', 5, 0.00, 0.00, '2018-09-28 13:53:26', '2018-09-28 13:53:26'),
	(128, 15, '2018-09-28', 5, 0.00, 0.00, '2018-09-28 13:53:26', '2018-09-28 13:53:26'),
	(129, 16, '2018-09-28', 5, 0.00, 0.00, '2018-09-28 13:53:26', '2018-09-28 13:53:26'),
	(130, 17, '2018-09-28', 5, 0.00, 0.00, '2018-09-28 13:53:26', '2018-09-28 13:53:26'),
	(131, 18, '2018-09-28', 5, 0.00, 0.00, '2018-09-28 13:53:26', '2018-09-28 13:53:26'),
	(132, 19, '2018-09-28', 5, 0.00, 0.00, '2018-09-28 13:53:26', '2018-09-28 13:53:26'),
	(133, 20, '2018-09-28', 5, 0.00, 0.00, '2018-09-28 13:53:26', '2018-09-28 13:53:26'),
	(134, 21, '2018-09-28', 5, 0.00, 0.00, '2018-09-28 13:53:26', '2018-09-28 13:53:26'),
	(135, 22, '2018-09-28', 5, 0.00, 0.00, '2018-09-28 13:53:26', '2018-09-28 13:53:26'),
	(136, 23, '2018-09-28', 5, 0.00, 0.00, '2018-09-28 13:53:26', '2018-09-28 13:53:26'),
	(137, 24, '2018-09-28', 5, 0.00, 0.00, '2018-09-28 13:53:26', '2018-09-28 13:53:26'),
	(138, 25, '2018-09-28', 5, 0.00, 0.00, '2018-09-28 13:53:26', '2018-09-28 13:53:26'),
	(139, 3, '2018-09-28', 4, 12.00, 0.00, '2018-09-28 13:53:45', '2018-09-28 13:53:45'),
	(140, 4, '2018-09-28', 4, 10.00, 0.00, '2018-09-28 13:53:45', '2018-09-28 13:53:45'),
	(141, 5, '2018-09-28', 4, 0.00, 0.00, '2018-09-28 13:53:45', '2018-09-28 13:53:45'),
	(142, 6, '2018-09-28', 4, 0.00, 0.00, '2018-09-28 13:53:45', '2018-09-28 13:53:45'),
	(143, 7, '2018-09-28', 4, 0.00, 0.00, '2018-09-28 13:53:45', '2018-09-28 13:53:45'),
	(144, 8, '2018-09-28', 4, 0.00, 0.00, '2018-09-28 13:53:45', '2018-09-28 13:53:45'),
	(145, 9, '2018-09-28', 4, 0.00, 0.00, '2018-09-28 13:53:45', '2018-09-28 13:53:45'),
	(146, 10, '2018-09-28', 4, 0.00, 0.00, '2018-09-28 13:53:45', '2018-09-28 13:53:45'),
	(147, 11, '2018-09-28', 4, 0.00, 0.00, '2018-09-28 13:53:45', '2018-09-28 13:53:45'),
	(148, 12, '2018-09-28', 4, 0.00, 0.00, '2018-09-28 13:53:45', '2018-09-28 13:53:45'),
	(149, 13, '2018-09-28', 4, 0.00, 0.00, '2018-09-28 13:53:45', '2018-09-28 13:53:45'),
	(150, 14, '2018-09-28', 4, 0.00, 0.00, '2018-09-28 13:53:45', '2018-09-28 13:53:45'),
	(151, 15, '2018-09-28', 4, 0.00, 0.00, '2018-09-28 13:53:45', '2018-09-28 13:53:45'),
	(152, 16, '2018-09-28', 4, 0.00, 0.00, '2018-09-28 13:53:45', '2018-09-28 13:53:45'),
	(153, 17, '2018-09-28', 4, 0.00, 0.00, '2018-09-28 13:53:45', '2018-09-28 13:53:45'),
	(154, 18, '2018-09-28', 4, 0.00, 0.00, '2018-09-28 13:53:45', '2018-09-28 13:53:45'),
	(155, 19, '2018-09-28', 4, 0.00, 0.00, '2018-09-28 13:53:45', '2018-09-28 13:53:45'),
	(156, 20, '2018-09-28', 4, 0.00, 0.00, '2018-09-28 13:53:45', '2018-09-28 13:53:45'),
	(157, 21, '2018-09-28', 4, 0.00, 0.00, '2018-09-28 13:53:45', '2018-09-28 13:53:45'),
	(158, 22, '2018-09-28', 4, 0.00, 0.00, '2018-09-28 13:53:45', '2018-09-28 13:53:45'),
	(159, 23, '2018-09-28', 4, 0.00, 0.00, '2018-09-28 13:53:45', '2018-09-28 13:53:45'),
	(160, 24, '2018-09-28', 4, 0.00, 0.00, '2018-09-28 13:53:45', '2018-09-28 13:53:45'),
	(161, 25, '2018-09-28', 4, 0.00, 0.00, '2018-09-28 13:53:45', '2018-09-28 13:53:45'),
	(162, 3, '2018-09-27', 7, 28.00, 0.00, '2018-09-28 14:08:22', '2018-09-28 14:08:22'),
	(163, 4, '2018-09-27', 7, 0.00, 0.00, '2018-09-28 14:08:22', '2018-09-28 14:08:22'),
	(164, 5, '2018-09-27', 7, 0.00, 0.00, '2018-09-28 14:08:22', '2018-09-28 14:08:22'),
	(165, 6, '2018-09-27', 7, 0.00, 0.00, '2018-09-28 14:08:22', '2018-09-28 14:08:22'),
	(166, 7, '2018-09-27', 7, 0.00, 0.00, '2018-09-28 14:08:22', '2018-09-28 14:08:22'),
	(167, 8, '2018-09-27', 7, 0.00, 0.00, '2018-09-28 14:08:22', '2018-09-28 14:08:22'),
	(168, 9, '2018-09-27', 7, 0.00, 0.00, '2018-09-28 14:08:22', '2018-09-28 14:08:22'),
	(169, 10, '2018-09-27', 7, 0.00, 0.00, '2018-09-28 14:08:22', '2018-09-28 14:08:22'),
	(170, 11, '2018-09-27', 7, 0.00, 0.00, '2018-09-28 14:08:22', '2018-09-28 14:08:22'),
	(171, 12, '2018-09-27', 7, 0.00, 0.00, '2018-09-28 14:08:22', '2018-09-28 14:08:22'),
	(172, 13, '2018-09-27', 7, 0.00, 0.00, '2018-09-28 14:08:22', '2018-09-28 14:08:22'),
	(173, 14, '2018-09-27', 7, 0.00, 0.00, '2018-09-28 14:08:22', '2018-09-28 14:08:22'),
	(174, 15, '2018-09-27', 7, 0.00, 0.00, '2018-09-28 14:08:22', '2018-09-28 14:08:22'),
	(175, 16, '2018-09-27', 7, 0.00, 0.00, '2018-09-28 14:08:22', '2018-09-28 14:08:22'),
	(176, 17, '2018-09-27', 7, 0.00, 0.00, '2018-09-28 14:08:22', '2018-09-28 14:08:22'),
	(177, 18, '2018-09-27', 7, 0.00, 0.00, '2018-09-28 14:08:22', '2018-09-28 14:08:22'),
	(178, 19, '2018-09-27', 7, 0.00, 0.00, '2018-09-28 14:08:22', '2018-09-28 14:08:22'),
	(179, 20, '2018-09-27', 7, 0.00, 0.00, '2018-09-28 14:08:22', '2018-09-28 14:08:22'),
	(180, 21, '2018-09-27', 7, 0.00, 0.00, '2018-09-28 14:08:22', '2018-09-28 14:08:22'),
	(181, 22, '2018-09-27', 7, 0.00, 0.00, '2018-09-28 14:08:22', '2018-09-28 14:08:22'),
	(182, 23, '2018-09-27', 7, 0.00, 0.00, '2018-09-28 14:08:22', '2018-09-28 14:08:22'),
	(183, 24, '2018-09-27', 7, 0.00, 0.00, '2018-09-28 14:08:22', '2018-09-28 14:08:22'),
	(184, 25, '2018-09-27', 7, 0.00, 0.00, '2018-09-28 14:08:23', '2018-09-28 14:08:23'),
	(185, 1, '2018-09-26', 4, 0.00, 10.00, '2018-09-28 14:13:50', '2018-09-28 14:13:50');
/*!40000 ALTER TABLE `d_hasil_garapan` ENABLE KEYS */;

-- Dumping structure for table bisnis_tamma.d_jurnal
CREATE TABLE IF NOT EXISTS `d_jurnal` (
  `jurnal_id` int(11) NOT NULL AUTO_INCREMENT,
  `no_jurnal` varchar(50) NOT NULL,
  `jurnal_ref` varchar(50) DEFAULT NULL,
  `tanggal_jurnal` date NOT NULL,
  `keterangan` text NOT NULL,
  PRIMARY KEY (`jurnal_id`)
) ENGINE=InnoDB AUTO_INCREMENT=9 DEFAULT CHARSET=latin1;

-- Dumping data for table bisnis_tamma.d_jurnal: ~8 rows (approximately)
DELETE FROM `d_jurnal`;
/*!40000 ALTER TABLE `d_jurnal` DISABLE KEYS */;
INSERT INTO `d_jurnal` (`jurnal_id`, `no_jurnal`, `jurnal_ref`, `tanggal_jurnal`, `keterangan`) VALUES
	(1, 'BM-09181300001', 'BBM-09181300001', '2018-09-13', 'cek 2'),
	(2, 'KM-08181500001', 'BKM-08181500001', '2018-08-15', 'Pemasukan Dari Piutang Customer'),
	(3, 'KK-09181200001', 'BKK-09181200001', '2018-09-12', 'Pembelian ATK Kantor Dari Piutang'),
	(4, 'KK-09181700002', 'BKK-09181700002', '2018-09-17', 'pembelian bensin'),
	(5, 'KM-09180500001', 'BKM-09180500001', '2018-09-05', 'tes'),
	(6, 'KK-09182400003', 'BKK-09182400003', '2018-09-24', 'listrik kantor atas'),
	(7, 'KM-09182700002', 'BKM-09182700002', '2018-09-27', 'seles penjuala 27/9/18'),
	(8, 'KK-09182900004', 'BKK-09182900004', '2018-09-29', 'Gaji bibik fatimah');
/*!40000 ALTER TABLE `d_jurnal` ENABLE KEYS */;

-- Dumping structure for table bisnis_tamma.d_jurnal_dt
CREATE TABLE IF NOT EXISTS `d_jurnal_dt` (
  `jrdt_jurnal` int(11) NOT NULL,
  `jrdt_no` varchar(30) NOT NULL,
  `jrdt_acc` varchar(30) DEFAULT NULL,
  `jrdt_value` double NOT NULL,
  `jrdt_dk` varchar(5) DEFAULT NULL,
  PRIMARY KEY (`jrdt_jurnal`,`jrdt_no`)
) ENGINE=InnoDB DEFAULT CHARSET=latin1;

-- Dumping data for table bisnis_tamma.d_jurnal_dt: ~16 rows (approximately)
DELETE FROM `d_jurnal_dt`;
/*!40000 ALTER TABLE `d_jurnal_dt` DISABLE KEYS */;
INSERT INTO `d_jurnal_dt` (`jrdt_jurnal`, `jrdt_no`, `jrdt_acc`, `jrdt_value`, `jrdt_dk`) VALUES
	(1, '1', '1.01.06', 1000000, 'D'),
	(1, '2', '1.10.01', -1000000, 'K'),
	(2, '1', '1.00.02', 25000000, 'D'),
	(2, '2', '1.10.01', -25000000, 'K'),
	(3, '1', '1.00.02', -2000000, 'K'),
	(3, '2', '1.10.01', 2000000, 'D'),
	(4, '1', '1.00.02', -100000, 'K'),
	(4, '2', '5.00.01', -100000, 'D'),
	(5, '1', '1.00.01', 1000000, 'D'),
	(5, '2', '5.00.01', 1000000, 'K'),
	(6, '1', '1.00.02', -3000000, 'K'),
	(6, '2', '1.10.01', 3000000, 'D'),
	(7, '1', '1.00.01', 10000000, 'D'),
	(7, '2', '5.00.01', 10000000, 'K'),
	(8, '1', '1.00.02', -350000, 'K'),
	(8, '2', '1.10.01', 350000, 'D');
/*!40000 ALTER TABLE `d_jurnal_dt` ENABLE KEYS */;

-- Dumping structure for table bisnis_tamma.d_kpi
CREATE TABLE IF NOT EXISTS `d_kpi` (
  `d_kpi_id` int(11) NOT NULL,
  `d_kpi_code` varchar(15) COLLATE utf8_unicode_ci NOT NULL,
  `d_kpi_pid` int(11) NOT NULL COMMENT 'pegawai_man id',
  `d_kpi_date` date NOT NULL,
  `d_kpi_dateconfirm` date DEFAULT NULL,
  `d_kpi_isconfirm` enum('Y','N') COLLATE utf8_unicode_ci NOT NULL DEFAULT 'N',
  `d_kpi_created` datetime NOT NULL DEFAULT CURRENT_TIMESTAMP,
  `d_kpi_updated` datetime DEFAULT NULL,
  PRIMARY KEY (`d_kpi_id`)
) ENGINE=InnoDB DEFAULT CHARSET=utf8 COLLATE=utf8_unicode_ci COMMENT='data kpi header';

-- Dumping data for table bisnis_tamma.d_kpi: ~2 rows (approximately)
DELETE FROM `d_kpi`;
/*!40000 ALTER TABLE `d_kpi` DISABLE KEYS */;
INSERT INTO `d_kpi` (`d_kpi_id`, `d_kpi_code`, `d_kpi_pid`, `d_kpi_date`, `d_kpi_dateconfirm`, `d_kpi_isconfirm`, `d_kpi_created`, `d_kpi_updated`) VALUES
	(1, 'SCR-1809-0001', 4, '2018-10-01', '2018-10-04', 'Y', '2018-09-30 11:16:14', '2018-10-04 01:57:52'),
	(2, 'SCR-1810-0001', 6, '2018-10-04', NULL, 'N', '2018-10-04 14:07:32', '2018-10-04 14:07:32');
/*!40000 ALTER TABLE `d_kpi` ENABLE KEYS */;

-- Dumping structure for table bisnis_tamma.d_kpix
CREATE TABLE IF NOT EXISTS `d_kpix` (
  `d_kpix_id` int(11) NOT NULL,
  `d_kpix_code` varchar(15) COLLATE utf8_unicode_ci NOT NULL,
  `d_kpix_pid` int(11) NOT NULL COMMENT 'Pegawai ID',
  `d_kpix_date` date NOT NULL,
  `d_kpix_dateconfirm` date DEFAULT NULL,
  `d_kpix_isconfirm` enum('Y','N') COLLATE utf8_unicode_ci NOT NULL DEFAULT 'N',
  `d_kpix_scoretotal` decimal(10,2) NOT NULL DEFAULT '0.00',
  `d_kpix_created` datetime NOT NULL,
  `d_kpix_updated` datetime DEFAULT NULL,
  PRIMARY KEY (`d_kpix_id`)
) ENGINE=InnoDB DEFAULT CHARSET=utf8 COLLATE=utf8_unicode_ci COMMENT='Tabel Untuk data KPI';

-- Dumping data for table bisnis_tamma.d_kpix: ~1 rows (approximately)
DELETE FROM `d_kpix`;
/*!40000 ALTER TABLE `d_kpix` DISABLE KEYS */;
INSERT INTO `d_kpix` (`d_kpix_id`, `d_kpix_code`, `d_kpix_pid`, `d_kpix_date`, `d_kpix_dateconfirm`, `d_kpix_isconfirm`, `d_kpix_scoretotal`, `d_kpix_created`, `d_kpix_updated`) VALUES
	(1, 'KPI-1810-0001', 2, '2018-10-04', '2018-10-04', 'Y', 96.85, '2018-10-04 14:16:48', '2018-10-04 19:35:06');
/*!40000 ALTER TABLE `d_kpix` ENABLE KEYS */;

-- Dumping structure for table bisnis_tamma.d_kpix_dt
CREATE TABLE IF NOT EXISTS `d_kpix_dt` (
  `d_kpixdt_id` int(11) NOT NULL AUTO_INCREMENT,
  `d_kpixdt_dkpix_id` int(11) NOT NULL COMMENT 'id d kpix',
  `d_kpixdt_mkpix_id` int(11) NOT NULL COMMENT 'id m kpix',
  `d_kpixdt_value` varchar(50) COLLATE utf8_unicode_ci NOT NULL,
  `d_kpixdt_score` decimal(10,2) NOT NULL DEFAULT '0.00',
  `d_kpixdt_scoreakhir` decimal(10,2) NOT NULL DEFAULT '0.00',
  `d_kpixdt_created` datetime NOT NULL,
  `d_kpixdt_updated` datetime DEFAULT NULL,
  PRIMARY KEY (`d_kpixdt_id`)
) ENGINE=InnoDB AUTO_INCREMENT=17 DEFAULT CHARSET=utf8 COLLATE=utf8_unicode_ci COMMENT='DATA KPI DETAIL';

-- Dumping data for table bisnis_tamma.d_kpix_dt: ~8 rows (approximately)
DELETE FROM `d_kpix_dt`;
/*!40000 ALTER TABLE `d_kpix_dt` DISABLE KEYS */;
INSERT INTO `d_kpix_dt` (`d_kpixdt_id`, `d_kpixdt_dkpix_id`, `d_kpixdt_mkpix_id`, `d_kpixdt_value`, `d_kpixdt_score`, `d_kpixdt_scoreakhir`, `d_kpixdt_created`, `d_kpixdt_updated`) VALUES
	(9, 1, 2, '100', 100.00, 10.00, '2018-10-04 14:16:48', '2018-10-04 19:35:06'),
	(10, 1, 3, '100', 100.00, 10.00, '2018-10-04 14:16:48', '2018-10-04 19:35:06'),
	(11, 1, 4, '90', 90.00, 13.50, '2018-10-04 14:16:48', '2018-10-04 19:35:06'),
	(12, 1, 5, '100', 100.00, 10.00, '2018-10-04 14:16:48', '2018-10-04 19:35:06'),
	(13, 1, 6, '89', 89.00, 13.35, '2018-10-04 14:16:48', '2018-10-04 19:35:06'),
	(14, 1, 7, '100', 100.00, 15.00, '2018-10-04 14:16:48', '2018-10-04 19:35:06'),
	(15, 1, 8, '100', 100.00, 15.00, '2018-10-04 14:16:48', '2018-10-04 19:35:06'),
	(16, 1, 9, '100', 100.00, 10.00, '2018-10-04 14:16:48', '2018-10-04 19:35:06');
/*!40000 ALTER TABLE `d_kpix_dt` ENABLE KEYS */;

-- Dumping structure for table bisnis_tamma.d_kpi_dt
CREATE TABLE IF NOT EXISTS `d_kpi_dt` (
  `d_kpidt_id` int(11) NOT NULL AUTO_INCREMENT,
  `d_kpidt_dkpi_id` int(11) NOT NULL COMMENT 'd_kpi id',
  `d_kpidt_mkpi_id` int(11) NOT NULL COMMENT 'm_kpi id',
  `d_kpidt_value` text COLLATE utf8_unicode_ci,
  `d_kpidt_created` datetime NOT NULL DEFAULT CURRENT_TIMESTAMP,
  `d_kpidt_updated` datetime DEFAULT NULL,
  PRIMARY KEY (`d_kpidt_id`)
) ENGINE=InnoDB AUTO_INCREMENT=33 DEFAULT CHARSET=utf8 COLLATE=utf8_unicode_ci COMMENT='d_kpi detail';

-- Dumping data for table bisnis_tamma.d_kpi_dt: ~16 rows (approximately)
DELETE FROM `d_kpi_dt`;
/*!40000 ALTER TABLE `d_kpi_dt` DISABLE KEYS */;
INSERT INTO `d_kpi_dt` (`d_kpidt_id`, `d_kpidt_dkpi_id`, `d_kpidt_mkpi_id`, `d_kpidt_value`, `d_kpidt_created`, `d_kpidt_updated`) VALUES
	(17, 1, 1, 'MASUK : 30\r\nDIBACA : 15', '2018-09-30 11:16:14', '2018-10-04 13:57:52'),
	(18, 1, 2, 'ULALA', '2018-09-30 11:16:14', '2018-10-04 13:57:52'),
	(19, 1, 3, '12', '2018-09-30 11:16:14', '2018-10-04 13:57:52'),
	(20, 1, 4, '30', '2018-09-30 11:16:14', '2018-10-04 13:57:52'),
	(21, 1, 5, '21', '2018-09-30 11:16:14', '2018-10-04 13:57:52'),
	(22, 1, 6, '43', '2018-09-30 11:16:14', '2018-10-04 13:57:52'),
	(23, 1, 7, '121', '2018-09-30 11:16:14', '2018-10-04 13:57:52'),
	(24, 1, 8, 'ASJKAS', '2018-09-30 11:16:14', '2018-10-04 13:57:52'),
	(25, 2, 9, 'SETIAP MENIT', '2018-10-04 14:07:32', NULL),
	(26, 2, 10, 'SETIAP 2 JAM SEKALI', '2018-10-04 14:07:32', NULL),
	(27, 2, 11, 'SETIAP PAGI DAN HABIS MAGHRIB', '2018-10-04 14:07:32', NULL),
	(28, 2, 12, 'SANGAT TERJAMIN', '2018-10-04 14:07:32', NULL),
	(29, 2, 13, '65 REQUEST TERCAPAI', '2018-10-04 14:07:32', NULL),
	(30, 2, 14, '100 EXCELLENT', '2018-10-04 14:07:32', NULL),
	(31, 2, 15, 'SANGAT MEMUASKAN KITA SEMUA', '2018-10-04 14:07:32', NULL),
	(32, 2, 16, '', '2018-10-04 14:07:32', NULL);
/*!40000 ALTER TABLE `d_kpi_dt` ENABLE KEYS */;

-- Dumping structure for table bisnis_tamma.d_lembur
CREATE TABLE IF NOT EXISTS `d_lembur` (
  `d_lembur_id` int(11) NOT NULL,
  `d_lembur_code` varchar(13) NOT NULL,
  `d_lembur_date` date NOT NULL,
  `d_lembur_jenispeg` varchar(3) NOT NULL COMMENT 'jenis pegawai',
  `d_lembur_pid` int(11) NOT NULL COMMENT 'pegawai id',
  `d_lembur_nama` varchar(50) NOT NULL,
  `d_lembur_stime` time NOT NULL COMMENT 'start time',
  `d_lembur_etime` time NOT NULL COMMENT 'end time',
  `d_lembur_keperluan` varchar(100) NOT NULL,
  `d_lembur_created` datetime NOT NULL DEFAULT CURRENT_TIMESTAMP,
  `d_lembur_updated` datetime DEFAULT NULL,
  PRIMARY KEY (`d_lembur_id`)
) ENGINE=InnoDB DEFAULT CHARSET=latin1 COMMENT='data lembur pegawai';

-- Dumping data for table bisnis_tamma.d_lembur: ~1 rows (approximately)
DELETE FROM `d_lembur`;
/*!40000 ALTER TABLE `d_lembur` DISABLE KEYS */;
INSERT INTO `d_lembur` (`d_lembur_id`, `d_lembur_code`, `d_lembur_date`, `d_lembur_jenispeg`, `d_lembur_pid`, `d_lembur_nama`, `d_lembur_stime`, `d_lembur_etime`, `d_lembur_keperluan`, `d_lembur_created`, `d_lembur_updated`) VALUES
	(1, 'LBR-1810-0001', '2018-09-30', 'MAN', 2, 'Nasikhatul Insaniyah', '08:00:00', '17:00:00', 'AAA', '2018-10-06 05:09:20', '2018-10-06 17:09:20');
/*!40000 ALTER TABLE `d_lembur` ENABLE KEYS */;

-- Dumping structure for table bisnis_tamma.d_lowongan
CREATE TABLE IF NOT EXISTS `d_lowongan` (
  `l_id` int(11) NOT NULL,
  `l_code` varchar(15) COLLATE utf8_unicode_ci NOT NULL,
  `l_divisi` int(10) unsigned NOT NULL COMMENT 'divisi id',
  `l_subdivisi` int(10) unsigned NOT NULL COMMENT 'subdivisi id',
  `l_jabatan` int(10) unsigned NOT NULL COMMENT 'jabatan id',
  `l_isactive` enum('Y','N') COLLATE utf8_unicode_ci NOT NULL DEFAULT 'Y',
  `l_created` datetime NOT NULL,
  `l_updated` datetime DEFAULT NULL,
  PRIMARY KEY (`l_id`),
  UNIQUE KEY `l_code` (`l_code`),
  KEY `FK_d_lowongan_m_divisi` (`l_divisi`),
  KEY `FK_d_lowongan_m_sub_divisi_2` (`l_subdivisi`),
  KEY `FK_d_lowongan_m_sub_divisi` (`l_jabatan`),
  CONSTRAINT `FK_d_lowongan_m_divisi` FOREIGN KEY (`l_divisi`) REFERENCES `m_divisi` (`c_id`),
  CONSTRAINT `FK_d_lowongan_m_sub_divisi` FOREIGN KEY (`l_jabatan`) REFERENCES `m_jabatan` (`c_id`),
  CONSTRAINT `FK_d_lowongan_m_sub_divisi_2` FOREIGN KEY (`l_subdivisi`) REFERENCES `m_sub_divisi` (`c_id`)
) ENGINE=InnoDB DEFAULT CHARSET=utf8 COLLATE=utf8_unicode_ci COMMENT='daftar lowongan pekerjaan';

-- Dumping data for table bisnis_tamma.d_lowongan: ~2 rows (approximately)
DELETE FROM `d_lowongan`;
/*!40000 ALTER TABLE `d_lowongan` DISABLE KEYS */;
INSERT INTO `d_lowongan` (`l_id`, `l_code`, `l_divisi`, `l_subdivisi`, `l_jabatan`, `l_isactive`, `l_created`, `l_updated`) VALUES
	(1, 'LWG/HRD/001', 1, 2, 5, 'Y', '2018-10-01 04:37:55', '2018-10-02 02:03:15'),
	(2, 'LWG/HRD/002', 1, 2, 4, 'Y', '2018-10-02 01:55:55', '2018-10-02 02:02:50');
/*!40000 ALTER TABLE `d_lowongan` ENABLE KEYS */;

-- Dumping structure for table bisnis_tamma.d_mem
CREATE TABLE IF NOT EXISTS `d_mem` (
  `m_id` varchar(10) NOT NULL,
  `m_pegawai_id` int(11) NOT NULL,
  `m_username` varchar(20) DEFAULT NULL,
  `m_passwd` varchar(40) DEFAULT NULL,
  `m_name` varchar(100) DEFAULT NULL,
  `m_birth_tgl` date DEFAULT NULL,
  `m_addr` varchar(100) DEFAULT NULL,
  `m_reff` varchar(10) DEFAULT NULL,
  `m_lastlogin` timestamp NULL DEFAULT NULL,
  `m_lastlogout` timestamp NULL DEFAULT NULL,
  `m_insert` timestamp NULL DEFAULT NULL,
  `m_update` timestamp NOT NULL DEFAULT CURRENT_TIMESTAMP ON UPDATE CURRENT_TIMESTAMP,
  PRIMARY KEY (`m_id`)
) ENGINE=InnoDB DEFAULT CHARSET=latin1;

-- Dumping data for table bisnis_tamma.d_mem: ~10 rows (approximately)
DELETE FROM `d_mem`;
/*!40000 ALTER TABLE `d_mem` DISABLE KEYS */;
INSERT INTO `d_mem` (`m_id`, `m_pegawai_id`, `m_username`, `m_passwd`, `m_name`, `m_birth_tgl`, `m_addr`, `m_reff`, `m_lastlogin`, `m_lastlogout`, `m_insert`, `m_update`) VALUES
	('1', 11, 'Devi', '47e3896af5f3d18dbce321283dd9af0197f8c0e4', 'Devi', '2018-03-28', NULL, NULL, '2018-03-28 08:24:54', '2018-03-28 08:24:53', '2018-03-28 08:24:50', '2018-09-28 12:36:05'),
	('10', 4, 'Icha', '47e3896af5f3d18dbce321283dd9af0197f8c0e4', 'Icha', '2018-09-28', NULL, NULL, '2018-09-28 19:38:05', NULL, NULL, '2018-09-28 12:38:11'),
	('11', 2, 'Nay123', '47e3896af5f3d18dbce321283dd9af0197f8c0e4', 'Nasikhatul Insaniyah', '2018-10-01', NULL, NULL, NULL, NULL, NULL, '2018-10-01 01:29:00'),
	('12', 6, 'Eko-setia', '47e3896af5f3d18dbce321283dd9af0197f8c0e4', 'Eko Setiawan', '2018-10-04', NULL, NULL, NULL, NULL, NULL, '2018-10-04 14:05:02'),
	('2', 13, 'Della', '47e3896af5f3d18dbce321283dd9af0197f8c0e4', 'Della', '2018-05-02', NULL, NULL, '2018-05-02 16:22:44', '2018-05-02 16:22:53', '2018-04-10 07:24:47', '2018-09-28 12:36:13'),
	('3', 9, 'Shofa', '47e3896af5f3d18dbce321283dd9af0197f8c0e4', 'Shofa', '2018-08-10', NULL, NULL, '2018-08-10 14:12:45', '2018-08-10 14:12:43', '2018-08-10 14:12:41', '2018-09-28 12:36:19'),
	('4', 18, 'Niaa', '47e3896af5f3d18dbce321283dd9af0197f8c0e4', 'Nia', '2018-05-02', NULL, NULL, '2018-05-02 16:22:45', '2018-05-02 16:22:47', '2018-04-10 07:31:19', '2018-09-28 12:36:25'),
	('5', 21, 'widoyo', '47e3896af5f3d18dbce321283dd9af0197f8c0e4', 'widoyo', '2018-08-23', NULL, NULL, '2018-08-23 10:07:09', NULL, NULL, '2018-09-28 12:36:29'),
	('6', 7, 'Amel', '47e3896af5f3d18dbce321283dd9af0197f8c0e4', 'Amel', '2018-08-24', NULL, NULL, '2018-08-24 11:20:15', NULL, NULL, '2018-09-28 12:36:32'),
	('7', 0, 'admin', '47e3896af5f3d18dbce321283dd9af0197f8c0e4', 'admin', '2018-08-29', NULL, NULL, '2018-08-29 13:31:08', NULL, NULL, '2018-08-29 06:31:12'),
	('8', 17, 'Septiyan', '47e3896af5f3d18dbce321283dd9af0197f8c0e4', 'Septiyan', '2018-09-05', NULL, NULL, '2018-09-05 10:42:49', '2018-09-05 10:42:50', '2018-09-05 10:42:53', '2018-09-28 12:36:42'),
	('9\r\n\r\n', 8, 'Intan', '47e3896af5f3d18dbce321283dd9af0197f8c0e4', 'Intan', '2018-09-18', NULL, NULL, '2018-09-18 16:45:27', NULL, NULL, '2018-09-28 12:37:33');
/*!40000 ALTER TABLE `d_mem` ENABLE KEYS */;

-- Dumping structure for table bisnis_tamma.d_mem_access
CREATE TABLE IF NOT EXISTS `d_mem_access` (
  `ma_id` int(11) NOT NULL AUTO_INCREMENT,
  `ma_mem` varchar(10) DEFAULT NULL,
  `ma_access` int(11) DEFAULT NULL,
  `ma_group` int(11) DEFAULT NULL,
  `ma_type` enum('M','G') DEFAULT NULL COMMENT 'M: langsung dari member, G: harus melalui group akses',
  `ma_read` enum('N','Y') DEFAULT 'N',
  `ma_insert` enum('N','Y') DEFAULT 'N',
  `ma_update` enum('N','Y') DEFAULT 'N',
  `ma_delete` enum('N','Y') DEFAULT 'N',
  PRIMARY KEY (`ma_id`),
  KEY `FK_d_mem_acces_d_mem` (`ma_mem`),
  KEY `FK_d_mem_acces_d_access` (`ma_access`),
  CONSTRAINT `FK_d_mem_acces_d_access` FOREIGN KEY (`ma_access`) REFERENCES `d_access` (`a_id`),
  CONSTRAINT `FK_d_mem_acces_d_mem` FOREIGN KEY (`ma_mem`) REFERENCES `d_mem` (`m_id`)
) ENGINE=InnoDB DEFAULT CHARSET=latin1 COMMENT='menampung akses user';

-- Dumping data for table bisnis_tamma.d_mem_access: ~0 rows (approximately)
DELETE FROM `d_mem_access`;
/*!40000 ALTER TABLE `d_mem_access` DISABLE KEYS */;
/*!40000 ALTER TABLE `d_mem_access` ENABLE KEYS */;

-- Dumping structure for table bisnis_tamma.d_opname
CREATE TABLE IF NOT EXISTS `d_opname` (
  `o_id` int(11) NOT NULL AUTO_INCREMENT,
  `o_nota` varchar(15) COLLATE utf8_unicode_ci NOT NULL,
  `o_staff` int(11) NOT NULL,
  `o_comp` int(11) NOT NULL,
  `o_position` int(11) NOT NULL,
  `o_insert` timestamp NULL DEFAULT NULL,
  `o_update` timestamp NULL DEFAULT NULL,
  PRIMARY KEY (`o_id`)
) ENGINE=InnoDB AUTO_INCREMENT=2 DEFAULT CHARSET=utf8 COLLATE=utf8_unicode_ci;

-- Dumping data for table bisnis_tamma.d_opname: ~0 rows (approximately)
DELETE FROM `d_opname`;
/*!40000 ALTER TABLE `d_opname` DISABLE KEYS */;
INSERT INTO `d_opname` (`o_id`, `o_nota`, `o_staff`, `o_comp`, `o_position`, `o_insert`, `o_update`) VALUES
	(1, 'OD1809291', 4, 3, 3, '2018-09-29 16:05:13', NULL);
/*!40000 ALTER TABLE `d_opname` ENABLE KEYS */;

-- Dumping structure for table bisnis_tamma.d_opnamedt
CREATE TABLE IF NOT EXISTS `d_opnamedt` (
  `od_ido` int(11) NOT NULL,
  `od_idodt` int(11) NOT NULL,
  `od_item` int(11) NOT NULL,
  `od_opname` decimal(10,2) NOT NULL,
  PRIMARY KEY (`od_ido`,`od_idodt`),
  CONSTRAINT `FK_d_opnamedt_d_opname` FOREIGN KEY (`od_ido`) REFERENCES `d_opname` (`o_id`) ON DELETE CASCADE ON UPDATE CASCADE
) ENGINE=InnoDB DEFAULT CHARSET=utf8 COLLATE=utf8_unicode_ci;

-- Dumping data for table bisnis_tamma.d_opnamedt: ~9 rows (approximately)
DELETE FROM `d_opnamedt`;
/*!40000 ALTER TABLE `d_opnamedt` DISABLE KEYS */;
INSERT INTO `d_opnamedt` (`od_ido`, `od_idodt`, `od_item`, `od_opname`) VALUES
	(1, 1, 116, 31.80),
	(1, 2, 118, 312.00),
	(1, 3, 125, 7.00),
	(1, 4, 126, 30.00),
	(1, 5, 128, 1191.00),
	(1, 6, 132, 643.00),
	(1, 7, 134, 228.00),
	(1, 8, 136, 73.00),
	(1, 9, 140, 6.00);
/*!40000 ALTER TABLE `d_opnamedt` ENABLE KEYS */;

-- Dumping structure for table bisnis_tamma.d_pakai_barang
CREATE TABLE IF NOT EXISTS `d_pakai_barang` (
  `d_pb_id` int(11) NOT NULL AUTO_INCREMENT,
  `d_pb_code` varchar(15) COLLATE utf8_unicode_ci NOT NULL,
  `d_pb_date` date NOT NULL,
  `d_pb_peminta` varchar(50) COLLATE utf8_unicode_ci NOT NULL,
  `d_pb_keperluan` varchar(50) COLLATE utf8_unicode_ci NOT NULL,
  `d_pb_staff` varchar(15) COLLATE utf8_unicode_ci NOT NULL COMMENT 'd_mem (m_id)',
  `d_pb_gdg` int(11) NOT NULL COMMENT 'd_gudangcabang (id)',
  `d_pb_created` datetime NOT NULL,
  `d_pb_updated` datetime DEFAULT NULL,
  PRIMARY KEY (`d_pb_id`),
  KEY `FK_d_pakai_barang_d_gudangcabang` (`d_pb_gdg`),
  CONSTRAINT `FK_d_pakai_barang_d_gudangcabang` FOREIGN KEY (`d_pb_gdg`) REFERENCES `d_gudangcabang` (`cg_id`)
) ENGINE=InnoDB DEFAULT CHARSET=utf8 COLLATE=utf8_unicode_ci COMMENT='tabel untuk menyimpan data pemakaian barang digunakan';

-- Dumping data for table bisnis_tamma.d_pakai_barang: ~0 rows (approximately)
DELETE FROM `d_pakai_barang`;
/*!40000 ALTER TABLE `d_pakai_barang` DISABLE KEYS */;
/*!40000 ALTER TABLE `d_pakai_barang` ENABLE KEYS */;

-- Dumping structure for table bisnis_tamma.d_pakai_barangdt
CREATE TABLE IF NOT EXISTS `d_pakai_barangdt` (
  `d_pbdt_id` int(11) NOT NULL AUTO_INCREMENT,
  `d_pbdt_pbid` int(11) NOT NULL COMMENT 'd_pakai_barang (id)',
  `d_pbdt_item` int(11) NOT NULL COMMENT 'm_item (id)',
  `d_pbdt_sat` int(11) NOT NULL COMMENT 'm_satuan (id)',
  `d_pbdt_qty` int(11) NOT NULL DEFAULT '0',
  `d_pbdt_price` decimal(12,2) NOT NULL DEFAULT '0.00',
  `d_pbdt_pricetotal` decimal(12,2) NOT NULL DEFAULT '0.00',
  `d_pbdt_keterangan` varchar(50) COLLATE utf8_unicode_ci DEFAULT NULL,
  `d_pbdt_created` datetime NOT NULL,
  `d_pbdt_updated` datetime DEFAULT NULL,
  PRIMARY KEY (`d_pbdt_id`),
  KEY `FK_d_pakai_barangdt_d_pakai_barang` (`d_pbdt_pbid`),
  KEY `FK_d_pakai_barangdt_m_item` (`d_pbdt_item`),
  KEY `FK_d_pakai_barangdt_m_satuan` (`d_pbdt_sat`),
  CONSTRAINT `FK_d_pakai_barangdt_d_pakai_barang` FOREIGN KEY (`d_pbdt_pbid`) REFERENCES `d_pakai_barang` (`d_pb_id`),
  CONSTRAINT `FK_d_pakai_barangdt_m_item` FOREIGN KEY (`d_pbdt_item`) REFERENCES `m_item` (`i_id`),
  CONSTRAINT `FK_d_pakai_barangdt_m_satuan` FOREIGN KEY (`d_pbdt_sat`) REFERENCES `m_satuan` (`m_sid`)
) ENGINE=InnoDB DEFAULT CHARSET=utf8 COLLATE=utf8_unicode_ci COMMENT='u/ pemakaian barang detail';

-- Dumping data for table bisnis_tamma.d_pakai_barangdt: ~0 rows (approximately)
DELETE FROM `d_pakai_barangdt`;
/*!40000 ALTER TABLE `d_pakai_barangdt` DISABLE KEYS */;
/*!40000 ALTER TABLE `d_pakai_barangdt` ENABLE KEYS */;

-- Dumping structure for table bisnis_tamma.d_payroll_man
CREATE TABLE IF NOT EXISTS `d_payroll_man` (
  `d_pm_id` int(11) NOT NULL,
  `d_pm_code` varchar(15) COLLATE utf8_unicode_ci NOT NULL,
  `d_pm_pid` int(11) NOT NULL COMMENT 'pegawai man id',
  `d_pm_date` date NOT NULL,
  `d_pm_periode` varchar(50) COLLATE utf8_unicode_ci NOT NULL,
  `d_pm_gapok` decimal(10,2) NOT NULL DEFAULT '0.00',
  `d_pm_totaltun` decimal(10,2) NOT NULL DEFAULT '0.00',
  `d_pm_totalpot` decimal(10,2) NOT NULL DEFAULT '0.00',
  `d_pm_totalnett` decimal(10,2) NOT NULL DEFAULT '0.00',
  `d_pm_iscetak` enum('Y','N') COLLATE utf8_unicode_ci NOT NULL DEFAULT 'N' COMMENT 'sudah cetak payroll ?',
  `d_pm_datecetak` date NOT NULL,
  `d_pm_created` datetime NOT NULL,
  `d_pm_updated` datetime DEFAULT NULL,
  PRIMARY KEY (`d_pm_id`)
) ENGINE=InnoDB DEFAULT CHARSET=utf8 COLLATE=utf8_unicode_ci COMMENT='Data Payroll Manajemen (HEADER)';

-- Dumping data for table bisnis_tamma.d_payroll_man: ~0 rows (approximately)
DELETE FROM `d_payroll_man`;
/*!40000 ALTER TABLE `d_payroll_man` DISABLE KEYS */;
/*!40000 ALTER TABLE `d_payroll_man` ENABLE KEYS */;

-- Dumping structure for table bisnis_tamma.d_payroll_mandt
CREATE TABLE IF NOT EXISTS `d_payroll_mandt` (
  `d_pmdt_id` int(11) NOT NULL AUTO_INCREMENT,
  `d_pmdt_pmid` int(11) NOT NULL COMMENT 'payroll id',
  `d_pmdt_type` varchar(2) COLLATE utf8_unicode_ci NOT NULL COMMENT 'GJ : Gaji | TJ : Tunjangan',
  `d_pmdt_typeid` int(11) DEFAULT NULL COMMENT 'jika type gj = mengacu ke tabel gaji, jika type tj ke tabel tunjangan',
  `d_pmdt_nilai` decimal(10,2) NOT NULL DEFAULT '0.00',
  `d_pmdt_created` datetime NOT NULL,
  `d_pmdt_updated` datetime DEFAULT NULL,
  PRIMARY KEY (`d_pmdt_id`)
) ENGINE=InnoDB DEFAULT CHARSET=utf8 COLLATE=utf8_unicode_ci;

-- Dumping data for table bisnis_tamma.d_payroll_mandt: ~0 rows (approximately)
DELETE FROM `d_payroll_mandt`;
/*!40000 ALTER TABLE `d_payroll_mandt` DISABLE KEYS */;
/*!40000 ALTER TABLE `d_payroll_mandt` ENABLE KEYS */;

-- Dumping structure for table bisnis_tamma.d_pelamar
CREATE TABLE IF NOT EXISTS `d_pelamar` (
  `p_id` int(11) NOT NULL,
  `p_date` date DEFAULT NULL,
  `p_vacancyid` int(11) NOT NULL COMMENT 'd_lowongan id',
  `p_nip` varchar(50) NOT NULL,
  `p_name` varchar(50) NOT NULL,
  `p_address` text NOT NULL,
  `p_address_now` text NOT NULL,
  `p_birth_place` varchar(50) NOT NULL,
  `p_birthday` date NOT NULL,
  `p_education` varchar(3) NOT NULL,
  `p_schoolname` varchar(100) NOT NULL,
  `p_yearin` year(4) NOT NULL,
  `p_yearout` year(4) NOT NULL,
  `p_jurusan` varchar(100) DEFAULT NULL,
  `p_nilai` varchar(10) NOT NULL,
  `p_email` varchar(50) NOT NULL,
  `p_tlp` varchar(20) NOT NULL,
  `p_religion` varchar(20) NOT NULL,
  `p_status` enum('S','M') NOT NULL COMMENT 'S: Single | M: Menikah',
  `p_promo` text NOT NULL,
  `p_apply_status` int(11) NOT NULL DEFAULT '1',
  `p_apply_statusdt` int(11) NOT NULL DEFAULT '1',
  `p_wife_name` varchar(50) DEFAULT NULL,
  `p_child` int(11) DEFAULT NULL COMMENT 'jumlah anak',
  `p_isset_imployee` enum('Y','N') NOT NULL DEFAULT 'N',
  `p_created` datetime NOT NULL,
  `p_updated` datetime DEFAULT NULL,
  PRIMARY KEY (`p_id`),
  KEY `FK_d_pelamar_d_pelamar_status` (`p_apply_status`),
  KEY `FK_d_pelamar_d_pelamar_statusdt` (`p_apply_statusdt`),
  KEY `FK_d_pelamar_d_lowongan` (`p_vacancyid`),
  CONSTRAINT `FK_d_pelamar_d_lowongan` FOREIGN KEY (`p_vacancyid`) REFERENCES `d_lowongan` (`l_id`),
  CONSTRAINT `FK_d_pelamar_d_pelamar_status` FOREIGN KEY (`p_apply_status`) REFERENCES `d_pelamar_status` (`p_st_id`),
  CONSTRAINT `FK_d_pelamar_d_pelamar_statusdt` FOREIGN KEY (`p_apply_statusdt`) REFERENCES `d_pelamar_statusdt` (`p_stdt_id`)
) ENGINE=InnoDB DEFAULT CHARSET=latin1;

-- Dumping data for table bisnis_tamma.d_pelamar: ~0 rows (approximately)
DELETE FROM `d_pelamar`;
/*!40000 ALTER TABLE `d_pelamar` DISABLE KEYS */;
/*!40000 ALTER TABLE `d_pelamar` ENABLE KEYS */;

-- Dumping structure for table bisnis_tamma.d_pelamar_jadwal
CREATE TABLE IF NOT EXISTS `d_pelamar_jadwal` (
  `pj_id` int(11) NOT NULL,
  `pj_pid` int(11) NOT NULL COMMENT 'pelamar id',
  `pj_pmid` int(10) NOT NULL COMMENT 'pwgawai man id',
  `pj_date` date NOT NULL,
  `pj_time` time NOT NULL,
  `pj_lokasi` varchar(50) COLLATE utf8_unicode_ci NOT NULL,
  `pj_type` enum('I','P') COLLATE utf8_unicode_ci NOT NULL COMMENT 'I : Interview | P: Presentation',
  `pj_isactive` enum('Y','N') COLLATE utf8_unicode_ci NOT NULL DEFAULT 'Y',
  `pj_created` datetime NOT NULL,
  `pj_updated` datetime DEFAULT NULL,
  PRIMARY KEY (`pj_id`),
  KEY `FK_d_pelamar_jadwal_d_pelamar` (`pj_pid`),
  CONSTRAINT `FK_d_pelamar_jadwal_d_pelamar` FOREIGN KEY (`pj_pid`) REFERENCES `d_pelamar` (`p_id`)
) ENGINE=InnoDB DEFAULT CHARSET=utf8 COLLATE=utf8_unicode_ci COMMENT='jadwal pelamar u/ interview & presentasi';

-- Dumping data for table bisnis_tamma.d_pelamar_jadwal: ~0 rows (approximately)
DELETE FROM `d_pelamar_jadwal`;
/*!40000 ALTER TABLE `d_pelamar_jadwal` DISABLE KEYS */;
/*!40000 ALTER TABLE `d_pelamar_jadwal` ENABLE KEYS */;

-- Dumping structure for table bisnis_tamma.d_pelamar_status
CREATE TABLE IF NOT EXISTS `d_pelamar_status` (
  `p_st_id` int(11) NOT NULL,
  `p_st_name` varchar(50) COLLATE utf8_unicode_ci NOT NULL,
  PRIMARY KEY (`p_st_id`)
) ENGINE=InnoDB DEFAULT CHARSET=utf8 COLLATE=utf8_unicode_ci COMMENT='status pelamar';

-- Dumping data for table bisnis_tamma.d_pelamar_status: ~4 rows (approximately)
DELETE FROM `d_pelamar_status`;
/*!40000 ALTER TABLE `d_pelamar_status` DISABLE KEYS */;
INSERT INTO `d_pelamar_status` (`p_st_id`, `p_st_name`) VALUES
	(1, 'Released'),
	(2, 'Approve 1'),
	(3, 'Approve 2'),
	(4, 'Approve 3');
/*!40000 ALTER TABLE `d_pelamar_status` ENABLE KEYS */;

-- Dumping structure for table bisnis_tamma.d_pelamar_statusdt
CREATE TABLE IF NOT EXISTS `d_pelamar_statusdt` (
  `p_stdt_id` int(11) NOT NULL,
  `p_stdt_sid` int(11) NOT NULL COMMENT 'pelamar status id',
  `p_stdt_name` varchar(50) COLLATE utf8_unicode_ci NOT NULL,
  PRIMARY KEY (`p_stdt_id`),
  KEY `FK_d_pelamar_statusdt_d_pelamar_status` (`p_stdt_sid`),
  CONSTRAINT `FK_d_pelamar_statusdt_d_pelamar_status` FOREIGN KEY (`p_stdt_sid`) REFERENCES `d_pelamar_status` (`p_st_id`)
) ENGINE=InnoDB DEFAULT CHARSET=utf8 COLLATE=utf8_unicode_ci COMMENT='status pelamar detail';

-- Dumping data for table bisnis_tamma.d_pelamar_statusdt: ~9 rows (approximately)
DELETE FROM `d_pelamar_statusdt`;
/*!40000 ALTER TABLE `d_pelamar_statusdt` DISABLE KEYS */;
INSERT INTO `d_pelamar_statusdt` (`p_stdt_id`, `p_stdt_sid`, `p_stdt_name`) VALUES
	(1, 1, 'Semua Pelamar'),
	(2, 2, 'Ditolak Administratif (tdk bisa diprocess lagi)'),
	(3, 2, 'Pending Tahap 1'),
	(4, 2, 'Test Interview'),
	(5, 3, 'Ditolak Administratif (tdk bisa diprocess lagi)'),
	(6, 3, 'Pending Tahap 2'),
	(7, 3, 'Test Presentasi'),
	(8, 4, 'Ditolak Final'),
	(9, 4, 'Diterima Sebagai Karyawan');
/*!40000 ALTER TABLE `d_pelamar_statusdt` ENABLE KEYS */;

-- Dumping structure for table bisnis_tamma.d_phk
CREATE TABLE IF NOT EXISTS `d_phk` (
  `c_id` int(10) unsigned NOT NULL AUTO_INCREMENT,
  `c_kode` varchar(100) COLLATE utf8mb4_unicode_ci NOT NULL,
  `c_nama` varchar(100) COLLATE utf8mb4_unicode_ci NOT NULL,
  `c_tgl_phk` date NOT NULL,
  `c_bulan_terakhir` varchar(100) COLLATE utf8mb4_unicode_ci NOT NULL,
  `c_jenis` int(11) NOT NULL,
  `created_at` timestamp NULL DEFAULT NULL,
  `updated_at` timestamp NULL DEFAULT NULL,
  PRIMARY KEY (`c_id`)
) ENGINE=InnoDB DEFAULT CHARSET=utf8mb4 COLLATE=utf8mb4_unicode_ci;

-- Dumping data for table bisnis_tamma.d_phk: ~0 rows (approximately)
DELETE FROM `d_phk`;
/*!40000 ALTER TABLE `d_phk` DISABLE KEYS */;
/*!40000 ALTER TABLE `d_phk` ENABLE KEYS */;

-- Dumping structure for table bisnis_tamma.d_potongan
CREATE TABLE IF NOT EXISTS `d_potongan` (
  `d_pot_id` int(11) NOT NULL AUTO_INCREMENT,
  `d_pot_pid` int(11) NOT NULL COMMENT 'pegawai id',
  `d_pot_prollid` int(11) NOT NULL COMMENT 'payroll id',
  `d_pot_keterangan` varchar(150) COLLATE utf8_unicode_ci NOT NULL,
  `d_pot_date` date NOT NULL,
  `d_pot_value` decimal(10,2) NOT NULL DEFAULT '0.00',
  `d_pot_created` datetime NOT NULL,
  `d_pot_updated` datetime DEFAULT NULL,
  PRIMARY KEY (`d_pot_id`)
) ENGINE=InnoDB DEFAULT CHARSET=utf8 COLLATE=utf8_unicode_ci COMMENT='tabel u/ handle data potongan payroll';

-- Dumping data for table bisnis_tamma.d_potongan: ~0 rows (approximately)
DELETE FROM `d_potongan`;
/*!40000 ALTER TABLE `d_potongan` DISABLE KEYS */;
/*!40000 ALTER TABLE `d_potongan` ENABLE KEYS */;

-- Dumping structure for table bisnis_tamma.d_productplan
CREATE TABLE IF NOT EXISTS `d_productplan` (
  `pp_id` int(11) NOT NULL AUTO_INCREMENT,
  `pp_date` date DEFAULT NULL,
  `pp_item` int(11) DEFAULT NULL,
  `pp_qty` decimal(10,0) DEFAULT NULL,
  `pp_isspk` enum('N','Y','P','C') DEFAULT 'N' COMMENT 'N : Rencana | Y : Spk | P : Produksi ',
  `pp_insert` timestamp NULL DEFAULT NULL,
  `pp_update` timestamp NOT NULL DEFAULT CURRENT_TIMESTAMP ON UPDATE CURRENT_TIMESTAMP,
  PRIMARY KEY (`pp_id`)
) ENGINE=InnoDB AUTO_INCREMENT=3 DEFAULT CHARSET=latin1;

-- Dumping data for table bisnis_tamma.d_productplan: ~2 rows (approximately)
DELETE FROM `d_productplan`;
/*!40000 ALTER TABLE `d_productplan` DISABLE KEYS */;
INSERT INTO `d_productplan` (`pp_id`, `pp_date`, `pp_item`, `pp_qty`, `pp_isspk`, `pp_insert`, `pp_update`) VALUES
	(1, '2018-08-23', 301, 100, 'Y', NULL, '2018-08-29 04:44:35'),
	(2, '2018-09-26', 161, 10, 'N', NULL, '2018-09-26 06:41:55');
/*!40000 ALTER TABLE `d_productplan` ENABLE KEYS */;

-- Dumping structure for table bisnis_tamma.d_productresult
CREATE TABLE IF NOT EXISTS `d_productresult` (
  `pr_id` int(11) NOT NULL,
  `pr_spk` int(11) NOT NULL,
  `pr_date` date DEFAULT NULL,
  `pr_item` int(11) DEFAULT NULL,
  `pr_insert` datetime DEFAULT NULL,
  `pr_update` datetime DEFAULT NULL,
  PRIMARY KEY (`pr_id`),
  KEY `pr_spk` (`pr_spk`),
  CONSTRAINT `FK_d_productresult_d_spk` FOREIGN KEY (`pr_spk`) REFERENCES `d_spk` (`spk_id`)
) ENGINE=InnoDB DEFAULT CHARSET=latin1;

-- Dumping data for table bisnis_tamma.d_productresult: ~0 rows (approximately)
DELETE FROM `d_productresult`;
/*!40000 ALTER TABLE `d_productresult` DISABLE KEYS */;
/*!40000 ALTER TABLE `d_productresult` ENABLE KEYS */;

-- Dumping structure for table bisnis_tamma.d_productresult_dt
CREATE TABLE IF NOT EXISTS `d_productresult_dt` (
  `prdt_productresult` int(11) NOT NULL,
  `prdt_detail` int(11) NOT NULL,
  `prdt_item` int(11) DEFAULT NULL,
  `prdt_qty` decimal(10,0) NOT NULL,
  `prdt_produksi` int(11) NOT NULL,
  `prdt_status` varchar(2) DEFAULT NULL COMMENT 'RD : Ready |  FN : Final | RC : Received',
  `prdt_date` date DEFAULT NULL,
  `prdt_time` time NOT NULL,
  PRIMARY KEY (`prdt_productresult`,`prdt_detail`),
  CONSTRAINT `FK_d_productresult_dt_d_productresult` FOREIGN KEY (`prdt_productresult`) REFERENCES `d_productresult` (`pr_id`)
) ENGINE=InnoDB DEFAULT CHARSET=latin1;

-- Dumping data for table bisnis_tamma.d_productresult_dt: ~0 rows (approximately)
DELETE FROM `d_productresult_dt`;
/*!40000 ALTER TABLE `d_productresult_dt` DISABLE KEYS */;
/*!40000 ALTER TABLE `d_productresult_dt` ENABLE KEYS */;

-- Dumping structure for table bisnis_tamma.d_purchase_payment
CREATE TABLE IF NOT EXISTS `d_purchase_payment` (
  `payment_id` int(11) NOT NULL AUTO_INCREMENT,
  `payment_code` varchar(50) DEFAULT NULL,
  `payment_po` varchar(50) DEFAULT NULL,
  `payment_keterangan` varchar(255) DEFAULT NULL,
  `payment_date` date DEFAULT NULL,
  `payment_type` char(10) DEFAULT NULL,
  `payment_value` decimal(20,2) DEFAULT NULL,
  PRIMARY KEY (`payment_id`)
) ENGINE=InnoDB AUTO_INCREMENT=4 DEFAULT CHARSET=latin1;

-- Dumping data for table bisnis_tamma.d_purchase_payment: ~3 rows (approximately)
DELETE FROM `d_purchase_payment`;
/*!40000 ALTER TABLE `d_purchase_payment` DISABLE KEYS */;
INSERT INTO `d_purchase_payment` (`payment_id`, `payment_code`, `payment_po`, `payment_keterangan`, `payment_date`, `payment_type`, `payment_value`) VALUES
	(1, 'PP-180916/22/0001', 'PO-1809-00001', 'termin 1 agustus 01', '2018-08-01', 'CASH', 21000.00),
	(2, 'PP-180916/22/0002', 'PO-1809-00001', 'termin 2 agustus 25', '2018-08-25', 'CASH', 100000.00),
	(3, 'PP-180916/22/0001', 'PO-1809-00001', 'termin 3 september 05 (lunas)', '2018-09-05', 'CASH', 100000.00);
/*!40000 ALTER TABLE `d_purchase_payment` ENABLE KEYS */;

-- Dumping structure for table bisnis_tamma.d_purchasing
CREATE TABLE IF NOT EXISTS `d_purchasing` (
  `d_pcs_id` int(11) NOT NULL AUTO_INCREMENT,
  `d_pcsp_id` int(11) NOT NULL COMMENT 'PURCHASING PLAN',
  `s_id` int(11) NOT NULL COMMENT 'SUPPLIER',
  `d_pcs_code` varchar(15) NOT NULL,
  `d_pcs_staff` varchar(15) NOT NULL COMMENT 'd_mem (m_id)',
  `d_pcs_method` varchar(7) NOT NULL COMMENT 'METODE BAYAR',
  `d_pcs_total_gross` decimal(20,2) DEFAULT '0.00',
  `d_pcs_discount` decimal(20,2) DEFAULT '0.00' COMMENT 'DISKON DALAM RUPIAH',
  `d_pcs_disc_percent` smallint(6) DEFAULT '0' COMMENT 'DISKON PRESENTASE',
  `d_pcs_disc_value` decimal(20,2) DEFAULT '0.00' COMMENT 'KONVERSI HASIL DISKON PRESENTASE',
  `d_pcs_tax_percent` smallint(6) DEFAULT '0' COMMENT 'PAJAK PERSENTASE',
  `d_pcs_tax_value` decimal(20,2) DEFAULT '0.00' COMMENT 'KONVERSI HASIL PAJAK PERSENTASE',
  `d_pcs_total_net` decimal(20,2) DEFAULT '0.00',
  `d_pcs_payment` decimal(20,2) NOT NULL DEFAULT '0.00',
  `d_pcs_sisapayment` decimal(20,2) NOT NULL DEFAULT '0.00',
  `d_pcs_date_created` date DEFAULT NULL,
  `d_pcs_date_received` date DEFAULT NULL,
  `d_pcs_date_confirm` date DEFAULT NULL,
  `d_pcs_duedate` date DEFAULT NULL COMMENT 'TGL JATUH TEMPO PADA TOP, TGL TERAKHIR PENGIRIMAN PADA DEPOSIT',
  `d_pcs_status` varchar(2) NOT NULL DEFAULT 'WT' COMMENT ':WT: WAITING | CF: CONFIRMED | DE: DAPAT DIEDIT | RC: RECEIVED | RV: REVISIED',
  `d_pcs_created` timestamp NOT NULL DEFAULT CURRENT_TIMESTAMP,
  `d_pcs_updated` datetime DEFAULT NULL,
  PRIMARY KEY (`d_pcs_id`),
  KEY `FK_d_purchasing_d_supplier` (`s_id`),
  KEY `FK_d_purchasing_d_mem` (`d_pcs_staff`),
  CONSTRAINT `FK_d_purchasing_d_mem` FOREIGN KEY (`d_pcs_staff`) REFERENCES `d_mem` (`m_id`),
  CONSTRAINT `FK_d_purchasing_d_supplier` FOREIGN KEY (`s_id`) REFERENCES `d_supplier` (`s_id`)
) ENGINE=InnoDB AUTO_INCREMENT=17 DEFAULT CHARSET=latin1;

-- Dumping data for table bisnis_tamma.d_purchasing: ~5 rows (approximately)
DELETE FROM `d_purchasing`;
/*!40000 ALTER TABLE `d_purchasing` DISABLE KEYS */;
INSERT INTO `d_purchasing` (`d_pcs_id`, `d_pcsp_id`, `s_id`, `d_pcs_code`, `d_pcs_staff`, `d_pcs_method`, `d_pcs_total_gross`, `d_pcs_discount`, `d_pcs_disc_percent`, `d_pcs_disc_value`, `d_pcs_tax_percent`, `d_pcs_tax_value`, `d_pcs_total_net`, `d_pcs_payment`, `d_pcs_sisapayment`, `d_pcs_date_created`, `d_pcs_date_received`, `d_pcs_date_confirm`, `d_pcs_duedate`, `d_pcs_status`, `d_pcs_created`, `d_pcs_updated`) VALUES
	(12, 61, 44, 'PO-1809-00001', '3', 'CASH', 2587500000.00, 0.00, 0, 0.00, 0, 0.00, 2587500000.00, 0.00, 2587500000.00, '2018-09-29', '2018-09-29', '2018-09-29', NULL, 'RV', '2018-09-29 11:30:41', '2018-09-29 15:16:19'),
	(13, 62, 128, 'PO-1809-00002', '3', 'DEPOSIT', 807000.00, 0.00, 0, 0.00, 0, 0.00, 807000.00, 0.00, 807000.00, '2018-09-29', NULL, '2018-09-29', '2018-10-03', 'CF', '2018-09-29 11:38:16', '2018-09-29 15:16:28'),
	(14, 64, 25, 'PO-1809-00003', '3', 'CASH', 132000.00, 0.00, 0, 0.00, 0, 0.00, 132000.00, 0.00, 132000.00, '2018-09-29', NULL, '2018-09-29', NULL, 'CF', '2018-09-29 15:31:23', '2018-09-29 15:31:53'),
	(15, 56, 34, 'PO-1810-00001', '10', 'CASH', 4800000.00, 0.00, 0, 0.00, 0, 0.00, 4800000.00, 0.00, 4800000.00, '2018-10-01', NULL, NULL, NULL, 'WT', '2018-10-01 11:27:16', '2018-10-01 11:27:16'),
	(16, 54, 37, 'PO-1810-00002', '10', 'CASH', 375000000.00, 0.00, 0, 0.00, 0, 0.00, 375000000.00, 0.00, 375000000.00, '2018-10-01', NULL, '2018-10-01', NULL, 'CF', '2018-10-01 11:47:50', '2018-10-01 11:48:52');
/*!40000 ALTER TABLE `d_purchasing` ENABLE KEYS */;

-- Dumping structure for table bisnis_tamma.d_purchasingharian
CREATE TABLE IF NOT EXISTS `d_purchasingharian` (
  `d_pcsh_id` int(11) NOT NULL AUTO_INCREMENT,
  `d_pcsh_code` varchar(15) NOT NULL,
  `d_pcsh_date` date NOT NULL,
  `d_pcsh_peminta` varchar(50) DEFAULT NULL,
  `d_pcsh_keperluan` varchar(50) DEFAULT NULL,
  `d_pcsh_totalprice` decimal(20,2) DEFAULT NULL,
  `d_pcsh_staff` varchar(15) NOT NULL COMMENT 'd_mem (m_id)',
  `d_pcsh_status` varchar(2) NOT NULL DEFAULT 'WT' COMMENT 'WT: Waiting | DE: Dapat Diedit | CF: Confirmed',
  `d_pcsh_dateconfirm` date DEFAULT NULL,
  `d_pcsh_created` timestamp NULL DEFAULT CURRENT_TIMESTAMP,
  `d_pcsh_updated` datetime DEFAULT NULL,
  PRIMARY KEY (`d_pcsh_id`),
  KEY `FK_d_purchasingharian_d_mem` (`d_pcsh_staff`),
  CONSTRAINT `FK_d_purchasingharian_d_mem` FOREIGN KEY (`d_pcsh_staff`) REFERENCES `d_mem` (`m_id`)
) ENGINE=InnoDB AUTO_INCREMENT=7 DEFAULT CHARSET=latin1;

-- Dumping data for table bisnis_tamma.d_purchasingharian: ~0 rows (approximately)
DELETE FROM `d_purchasingharian`;
/*!40000 ALTER TABLE `d_purchasingharian` DISABLE KEYS */;
INSERT INTO `d_purchasingharian` (`d_pcsh_id`, `d_pcsh_code`, `d_pcsh_date`, `d_pcsh_peminta`, `d_pcsh_keperluan`, `d_pcsh_totalprice`, `d_pcsh_staff`, `d_pcsh_status`, `d_pcsh_dateconfirm`, `d_pcsh_created`, `d_pcsh_updated`) VALUES
	(6, 'PH-1808-00001', '2018-08-21', 'PRODUKSI', 'ONGKOS', 4000.00, '1', 'CF', '2018-08-21', '2018-08-21 10:48:20', '2018-08-21 10:49:38');
/*!40000 ALTER TABLE `d_purchasingharian` ENABLE KEYS */;

-- Dumping structure for table bisnis_tamma.d_purchasingharian_dt
CREATE TABLE IF NOT EXISTS `d_purchasingharian_dt` (
  `d_pcshdt_id` int(11) NOT NULL AUTO_INCREMENT,
  `d_pcshdt_pcshid` int(11) NOT NULL,
  `d_pcshdt_item` int(11) NOT NULL,
  `d_pcshdt_sat` int(11) NOT NULL COMMENT 'id_satuan (m_satuan)',
  `d_pcshdt_qty` int(11) NOT NULL DEFAULT '0',
  `d_pcshdt_qtyconfirm` int(11) NOT NULL DEFAULT '0',
  `d_pcshdt_price` decimal(12,2) NOT NULL DEFAULT '0.00',
  `d_pcshdt_pricetotal` decimal(12,2) NOT NULL DEFAULT '0.00',
  `d_pcshdt_keterangan` varchar(50) DEFAULT NULL,
  `d_pcshdt_isconfirm` varchar(5) NOT NULL DEFAULT 'FALSE',
  `d_pcshdt_isreceived` varchar(5) NOT NULL DEFAULT 'FALSE',
  `d_pcshdt_created` timestamp NOT NULL DEFAULT CURRENT_TIMESTAMP,
  `d_pcshdt_updated` datetime DEFAULT NULL,
  PRIMARY KEY (`d_pcshdt_id`),
  KEY `FK_d_purchasingharian_dt_d_purchasingharian` (`d_pcshdt_pcshid`),
  KEY `FK_d_purchasingharian_dt_m_item` (`d_pcshdt_item`),
  CONSTRAINT `FK_d_purchasingharian_dt_d_purchasingharian` FOREIGN KEY (`d_pcshdt_pcshid`) REFERENCES `d_purchasingharian` (`d_pcsh_id`),
  CONSTRAINT `FK_d_purchasingharian_dt_m_item` FOREIGN KEY (`d_pcshdt_item`) REFERENCES `m_item` (`i_id`)
) ENGINE=InnoDB AUTO_INCREMENT=4 DEFAULT CHARSET=latin1;

-- Dumping data for table bisnis_tamma.d_purchasingharian_dt: ~0 rows (approximately)
DELETE FROM `d_purchasingharian_dt`;
/*!40000 ALTER TABLE `d_purchasingharian_dt` DISABLE KEYS */;
INSERT INTO `d_purchasingharian_dt` (`d_pcshdt_id`, `d_pcshdt_pcshid`, `d_pcshdt_item`, `d_pcshdt_sat`, `d_pcshdt_qty`, `d_pcshdt_qtyconfirm`, `d_pcshdt_price`, `d_pcshdt_pricetotal`, `d_pcshdt_keterangan`, `d_pcshdt_isconfirm`, `d_pcshdt_isreceived`, `d_pcshdt_created`, `d_pcshdt_updated`) VALUES
	(3, 6, 669, 15, 2, 2, 2000.00, 4000.00, NULL, 'TRUE', 'FALSE', '2018-08-21 10:48:20', '2018-08-21 10:49:38');
/*!40000 ALTER TABLE `d_purchasingharian_dt` ENABLE KEYS */;

-- Dumping structure for table bisnis_tamma.d_purchasingplan
CREATE TABLE IF NOT EXISTS `d_purchasingplan` (
  `d_pcsp_id` int(11) NOT NULL AUTO_INCREMENT,
  `d_pcsp_code` varchar(15) NOT NULL,
  `d_pcsp_sup` int(11) NOT NULL,
  `d_pcsp_mid` varchar(10) NOT NULL COMMENT 'd_mem (m_id)',
  `d_pcsp_datecreated` date DEFAULT NULL,
  `d_pcsp_dateconfirm` date DEFAULT NULL,
  `d_pcsp_status` varchar(2) NOT NULL DEFAULT 'WT' COMMENT 'WT: waiting | DE: dapat diedit | FN: disetujui',
  `d_pcsp_created` timestamp NULL DEFAULT CURRENT_TIMESTAMP,
  `d_pcsp_updated` datetime DEFAULT NULL,
  PRIMARY KEY (`d_pcsp_id`),
  KEY `FK_d_purchasingplan_d_supplier` (`d_pcsp_sup`),
  KEY `FK_d_purchasingplan_d_mem` (`d_pcsp_mid`),
  CONSTRAINT `FK_d_purchasingplan_d_mem` FOREIGN KEY (`d_pcsp_mid`) REFERENCES `d_mem` (`m_id`),
  CONSTRAINT `FK_d_purchasingplan_d_supplier` FOREIGN KEY (`d_pcsp_sup`) REFERENCES `d_supplier` (`s_id`)
) ENGINE=InnoDB AUTO_INCREMENT=65 DEFAULT CHARSET=latin1;

-- Dumping data for table bisnis_tamma.d_purchasingplan: ~10 rows (approximately)
DELETE FROM `d_purchasingplan`;
/*!40000 ALTER TABLE `d_purchasingplan` DISABLE KEYS */;
INSERT INTO `d_purchasingplan` (`d_pcsp_id`, `d_pcsp_code`, `d_pcsp_sup`, `d_pcsp_mid`, `d_pcsp_datecreated`, `d_pcsp_dateconfirm`, `d_pcsp_status`, `d_pcsp_created`, `d_pcsp_updated`) VALUES
	(54, 'ROR-1808-00007', 37, '3', '2018-08-29', '2018-09-29', 'FN', '2018-08-29 14:47:41', '2018-09-29 15:43:15'),
	(55, 'ROR-1808-00008', 28, '3', '2018-08-29', '2018-09-29', 'FN', '2018-08-29 14:54:20', '2018-09-29 15:43:29'),
	(56, 'ROR-1808-00009', 34, '3', '2018-08-29', '2018-09-29', 'FN', '2018-08-29 15:05:12', '2018-09-29 15:43:40'),
	(57, 'ROR-1808-00010', 42, '3', '2018-08-29', '2018-09-29', 'FN', '2018-08-29 15:07:20', '2018-09-29 15:43:49'),
	(58, 'ROR-1808-00011', 43, '3', '2018-08-29', '2018-09-29', 'FN', '2018-08-29 15:17:30', '2018-09-29 15:44:12'),
	(59, 'ROR-1808-00012', 44, '3', '2018-08-29', '2018-09-29', 'FN', '2018-08-29 15:19:24', '2018-09-29 10:45:30'),
	(61, 'ROR-1809-00001', 44, '3', '2018-09-19', '2018-09-28', 'FN', '2018-09-19 13:46:00', '2018-09-28 14:00:42'),
	(62, 'ROR-1809-00002', 128, '3', '2018-09-19', '2018-09-29', 'FN', '2018-09-19 13:46:27', '2018-09-29 11:36:29'),
	(63, 'ROR-1809-00003', 44, '3', '2018-09-29', '2018-09-29', 'FN', '2018-09-29 13:30:55', '2018-09-29 15:44:39'),
	(64, 'ROR-1809-00004', 25, '3', '2018-09-29', '2018-09-29', 'FN', '2018-09-29 15:30:27', '2018-09-29 15:30:54');
/*!40000 ALTER TABLE `d_purchasingplan` ENABLE KEYS */;

-- Dumping structure for table bisnis_tamma.d_purchasingplan_dt
CREATE TABLE IF NOT EXISTS `d_purchasingplan_dt` (
  `d_pcspdt_id` int(11) NOT NULL AUTO_INCREMENT,
  `d_pcspdt_idplan` int(11) NOT NULL DEFAULT '0',
  `d_pcspdt_item` int(11) NOT NULL DEFAULT '0',
  `d_pcspdt_sat` int(11) NOT NULL DEFAULT '0' COMMENT 'm_satuan (id)',
  `d_pcspdt_qty` int(11) NOT NULL DEFAULT '0',
  `d_pcspdt_prevcost` decimal(10,2) NOT NULL DEFAULT '0.00',
  `d_pcspdt_qtyconfirm` int(11) NOT NULL DEFAULT '0',
  `d_pcspdt_isconfirm` varchar(5) NOT NULL DEFAULT 'FALSE' COMMENT 'IS CONFIRM ?',
  `d_pcspdt_ispo` varchar(5) NOT NULL DEFAULT 'FALSE' COMMENT 'IS PO ?',
  `d_pcspdt_poid` int(11) NOT NULL DEFAULT '0' COMMENT 'ID PURCHASING',
  `d_pcspdt_created` timestamp NOT NULL DEFAULT CURRENT_TIMESTAMP,
  `d_pcspdt_updated` datetime DEFAULT NULL ON UPDATE CURRENT_TIMESTAMP,
  PRIMARY KEY (`d_pcspdt_id`),
  KEY `FK_d_purchasingplan_dt_d_purchasingplan` (`d_pcspdt_idplan`),
  CONSTRAINT `FK_d_purchasingplan_dt_d_purchasingplan` FOREIGN KEY (`d_pcspdt_idplan`) REFERENCES `d_purchasingplan` (`d_pcsp_id`)
) ENGINE=InnoDB AUTO_INCREMENT=110 DEFAULT CHARSET=latin1;

-- Dumping data for table bisnis_tamma.d_purchasingplan_dt: ~13 rows (approximately)
DELETE FROM `d_purchasingplan_dt`;
/*!40000 ALTER TABLE `d_purchasingplan_dt` DISABLE KEYS */;
INSERT INTO `d_purchasingplan_dt` (`d_pcspdt_id`, `d_pcspdt_idplan`, `d_pcspdt_item`, `d_pcspdt_sat`, `d_pcspdt_qty`, `d_pcspdt_prevcost`, `d_pcspdt_qtyconfirm`, `d_pcspdt_isconfirm`, `d_pcspdt_ispo`, `d_pcspdt_poid`, `d_pcspdt_created`, `d_pcspdt_updated`) VALUES
	(93, 54, 49, 8, 30000, 0.00, 3000, 'TRUE', 'TRUE', 16, '2018-08-29 14:47:41', '2018-10-01 11:47:51'),
	(94, 54, 48, 8, 60000, 0.00, 6000, 'TRUE', 'TRUE', 16, '2018-08-29 14:47:41', '2018-10-01 11:47:51'),
	(95, 55, 646, 8, 150000, 0.00, 15000, 'TRUE', 'FALSE', 0, '2018-08-29 14:54:20', '2018-09-29 15:43:29'),
	(96, 55, 70, 8, 200000, 0.00, 20000, 'TRUE', 'FALSE', 0, '2018-08-29 14:54:20', '2018-09-29 15:43:29'),
	(97, 56, 54, 7, 12000, 0.00, 12000, 'TRUE', 'TRUE', 15, '2018-08-29 15:05:12', '2018-10-01 11:27:16'),
	(98, 57, 7, 13, 34000, 0.00, 34000, 'TRUE', 'FALSE', 0, '2018-08-29 15:07:20', '2018-09-29 15:43:49'),
	(99, 58, 60, 10, 100000, 0.00, 100000, 'TRUE', 'FALSE', 0, '2018-08-29 15:17:30', '2018-09-29 15:44:12'),
	(100, 58, 73, 10, 210000, 0.00, 210000, 'TRUE', 'FALSE', 0, '2018-08-29 15:17:30', '2018-09-29 15:44:12'),
	(101, 59, 3, 8, 100000, 0.00, 0, 'TRUE', 'FALSE', 0, '2018-08-29 15:19:24', '2018-09-29 10:45:30'),
	(106, 61, 3, 3, 5000, 0.00, 5000, 'TRUE', 'TRUE', 12, '2018-09-19 13:46:00', '2018-09-29 04:30:41'),
	(107, 62, 128, 6, 600, 1345.00, 600, 'TRUE', 'TRUE', 13, '2018-09-19 13:46:27', '2018-09-29 04:38:16'),
	(108, 63, 671, 3, 50, 133000.00, 50, 'TRUE', 'TRUE', 0, '2018-09-29 13:30:55', '2018-09-29 09:12:45'),
	(109, 64, 4, 1, 12, 11000.00, 12, 'TRUE', 'TRUE', 14, '2018-09-29 15:30:27', '2018-09-29 08:31:23');
/*!40000 ALTER TABLE `d_purchasingplan_dt` ENABLE KEYS */;

-- Dumping structure for table bisnis_tamma.d_purchasingreturn
CREATE TABLE IF NOT EXISTS `d_purchasingreturn` (
  `d_pcsr_id` int(11) NOT NULL AUTO_INCREMENT,
  `d_pcsr_pcsid` int(11) NOT NULL COMMENT 'id_purchashing (d_purchasing)',
  `d_pcsr_supid` int(11) NOT NULL COMMENT 'id_supplier (d_supplier)',
  `d_pcsr_code` varchar(15) NOT NULL,
  `d_pcsr_method` varchar(2) NOT NULL COMMENT 'TK : TUKAR BARANG | PN: POTONG NOTA',
  `d_pcs_staff` varchar(50) NOT NULL COMMENT 'Sementara (blm ada data karyawan)',
  `d_pcsr_datecreated` date NOT NULL,
  `d_pcsr_dateupdated` date DEFAULT NULL,
  `d_pcsr_dateconfirm` date DEFAULT NULL,
  `d_pcsr_datereceived` date DEFAULT NULL,
  `d_pcsr_pricetotal` decimal(12,2) NOT NULL DEFAULT '0.00' COMMENT 'Nilai total dari barang yang diretur',
  `d_pcsr_priceresult` decimal(12,2) NOT NULL DEFAULT '0.00' COMMENT 'apablia method: PN maka nilai didapat dari total pembelian - nilai total retur | jika TK maka nilai ini akan sama dengan nilai total pembelian (nilai transaksi pembelian seteleh dikurangi return)',
  `d_pcsr_status` varchar(2) NOT NULL DEFAULT 'WT' COMMENT 'WT: Waiting | CF: Confirmed | DE: Dapat diedit | RC: RECEIVED',
  `d_pcsr_created` timestamp NOT NULL DEFAULT CURRENT_TIMESTAMP,
  `d_pcsr_updated` datetime DEFAULT NULL,
  PRIMARY KEY (`d_pcsr_id`),
  KEY `FK_d_purchasingreturn_d_supplier` (`d_pcsr_supid`),
  KEY `FK_d_purchasingreturn_d_purchasing` (`d_pcsr_pcsid`),
  CONSTRAINT `FK_d_purchasingreturn_d_purchasing` FOREIGN KEY (`d_pcsr_pcsid`) REFERENCES `d_purchasing` (`d_pcs_id`),
  CONSTRAINT `FK_d_purchasingreturn_d_supplier` FOREIGN KEY (`d_pcsr_supid`) REFERENCES `d_supplier` (`s_id`)
) ENGINE=InnoDB AUTO_INCREMENT=32 DEFAULT CHARSET=latin1;

-- Dumping data for table bisnis_tamma.d_purchasingreturn: ~0 rows (approximately)
DELETE FROM `d_purchasingreturn`;
/*!40000 ALTER TABLE `d_purchasingreturn` DISABLE KEYS */;
INSERT INTO `d_purchasingreturn` (`d_pcsr_id`, `d_pcsr_pcsid`, `d_pcsr_supid`, `d_pcsr_code`, `d_pcsr_method`, `d_pcs_staff`, `d_pcsr_datecreated`, `d_pcsr_dateupdated`, `d_pcsr_dateconfirm`, `d_pcsr_datereceived`, `d_pcsr_pricetotal`, `d_pcsr_priceresult`, `d_pcsr_status`, `d_pcsr_created`, `d_pcsr_updated`) VALUES
	(31, 7, 22, 'RTR-1808-00001', 'TK', '1', '2018-08-21', NULL, '2018-08-21', '2018-08-21', 4766.50, 572000.00, 'RC', '2018-08-21 10:39:13', '2018-08-21 10:39:50');
/*!40000 ALTER TABLE `d_purchasingreturn` ENABLE KEYS */;

-- Dumping structure for table bisnis_tamma.d_purchasingreturn_dt
CREATE TABLE IF NOT EXISTS `d_purchasingreturn_dt` (
  `d_pcsrdt_id` int(11) NOT NULL AUTO_INCREMENT,
  `d_pcsrdt_idpcsr` int(11) NOT NULL,
  `d_pcsrdt_item` int(11) NOT NULL,
  `d_pcsrdt_sat` int(11) NOT NULL COMMENT 'm_satuan (s_id)',
  `d_pcsrdt_qty` int(11) NOT NULL,
  `d_pcsrdt_qtyconfirm` int(11) NOT NULL DEFAULT '0',
  `d_pcsrdt_price` decimal(12,2) NOT NULL,
  `d_pcsrdt_pricetotal` decimal(12,2) NOT NULL,
  `d_pcsrdt_isconfirm` varchar(5) NOT NULL DEFAULT 'FALSE',
  `d_pcsrdt_isreceived` varchar(5) NOT NULL DEFAULT 'FALSE',
  `d_pcsrdt_created` timestamp NOT NULL DEFAULT CURRENT_TIMESTAMP,
  `d_pcsrdt_updated` datetime NOT NULL,
  PRIMARY KEY (`d_pcsrdt_id`),
  KEY `FK_d_purchasingreturn_dt_d_purchasingreturn` (`d_pcsrdt_idpcsr`),
  KEY `FK_d_purchasingreturn_dt_m_item` (`d_pcsrdt_item`),
  CONSTRAINT `FK_d_purchasingreturn_dt_d_purchasingreturn` FOREIGN KEY (`d_pcsrdt_idpcsr`) REFERENCES `d_purchasingreturn` (`d_pcsr_id`),
  CONSTRAINT `FK_d_purchasingreturn_dt_m_item` FOREIGN KEY (`d_pcsrdt_item`) REFERENCES `m_item` (`i_id`)
) ENGINE=InnoDB AUTO_INCREMENT=57 DEFAULT CHARSET=latin1;

-- Dumping data for table bisnis_tamma.d_purchasingreturn_dt: ~0 rows (approximately)
DELETE FROM `d_purchasingreturn_dt`;
/*!40000 ALTER TABLE `d_purchasingreturn_dt` DISABLE KEYS */;
INSERT INTO `d_purchasingreturn_dt` (`d_pcsrdt_id`, `d_pcsrdt_idpcsr`, `d_pcsrdt_item`, `d_pcsrdt_sat`, `d_pcsrdt_qty`, `d_pcsrdt_qtyconfirm`, `d_pcsrdt_price`, `d_pcsrdt_pricetotal`, `d_pcsrdt_isconfirm`, `d_pcsrdt_isreceived`, `d_pcsrdt_created`, `d_pcsrdt_updated`) VALUES
	(56, 31, 646, 8, 50, 50, 95.33, 4766.50, 'TRUE', 'TRUE', '2018-08-21 10:39:13', '2018-08-21 10:39:50');
/*!40000 ALTER TABLE `d_purchasingreturn_dt` ENABLE KEYS */;

-- Dumping structure for table bisnis_tamma.d_purchasing_dt
CREATE TABLE IF NOT EXISTS `d_purchasing_dt` (
  `d_pcsdt_id` int(11) NOT NULL AUTO_INCREMENT,
  `d_pcs_id` int(11) NOT NULL COMMENT 'ID PURCHASING (d_pcs_id)',
  `i_id` int(11) NOT NULL COMMENT 'ID ITEM (m_item)',
  `d_pcsdt_sat` int(11) NOT NULL COMMENT 'ID SATUAN (m_satuan)',
  `d_pcsdt_sid` int(11) NOT NULL COMMENT 'ID SUPPLIER (m_supplier)',
  `d_pcsdt_idpdt` int(11) NOT NULL COMMENT 'ID PURCHASINGPLAN DETAIL (d_pcspdt_id)',
  `d_pcsdt_qty` int(11) NOT NULL DEFAULT '0',
  `d_pcsdt_qtyconfirm` int(11) NOT NULL DEFAULT '0',
  `d_pcsdt_price` decimal(20,2) NOT NULL DEFAULT '0.00' COMMENT 'HARGA SATUAN',
  `d_pcsdt_prevcost` decimal(20,2) NOT NULL DEFAULT '0.00' COMMENT 'HARGA PEMBELIAN TERAKHIR',
  `d_pcsdt_total` decimal(20,2) unsigned DEFAULT '0.00' COMMENT 'HARGA TOTAL',
  `d_pcsdt_isconfirm` varchar(5) DEFAULT 'FALSE' COMMENT 'IS CONFIRM ?',
  `d_pcsdt_isreceived` varchar(5) DEFAULT 'FALSE' COMMENT 'IS RECEIVED',
  `d_pcsdt_created` timestamp NOT NULL DEFAULT CURRENT_TIMESTAMP,
  `d_pcsdt_updated` datetime DEFAULT NULL,
  PRIMARY KEY (`d_pcsdt_id`),
  KEY `FK_d_purchasing_dt_d_purchasing` (`d_pcs_id`),
  KEY `FK_d_purchasing_dt_d_purchasingplan_dt` (`d_pcsdt_idpdt`),
  KEY `FK_d_purchasing_dt_m_item` (`i_id`),
  CONSTRAINT `FK_d_purchasing_dt_d_purchasing` FOREIGN KEY (`d_pcs_id`) REFERENCES `d_purchasing` (`d_pcs_id`),
  CONSTRAINT `FK_d_purchasing_dt_d_purchasingplan_dt` FOREIGN KEY (`d_pcsdt_idpdt`) REFERENCES `d_purchasingplan_dt` (`d_pcspdt_id`),
  CONSTRAINT `FK_d_purchasing_dt_m_item` FOREIGN KEY (`i_id`) REFERENCES `m_item` (`i_id`)
) ENGINE=InnoDB AUTO_INCREMENT=29 DEFAULT CHARSET=latin1;

-- Dumping data for table bisnis_tamma.d_purchasing_dt: ~6 rows (approximately)
DELETE FROM `d_purchasing_dt`;
/*!40000 ALTER TABLE `d_purchasing_dt` DISABLE KEYS */;
INSERT INTO `d_purchasing_dt` (`d_pcsdt_id`, `d_pcs_id`, `i_id`, `d_pcsdt_sat`, `d_pcsdt_sid`, `d_pcsdt_idpdt`, `d_pcsdt_qty`, `d_pcsdt_qtyconfirm`, `d_pcsdt_price`, `d_pcsdt_prevcost`, `d_pcsdt_total`, `d_pcsdt_isconfirm`, `d_pcsdt_isreceived`, `d_pcsdt_created`, `d_pcsdt_updated`) VALUES
	(23, 12, 3, 3, 44, 106, 5000, 5000, 517500.00, 0.00, 2587500000.00, 'TRUE', 'TRUE', '2018-09-29 11:30:41', '2018-09-29 15:16:19'),
	(24, 13, 128, 6, 128, 107, 600, 600, 1345.00, 1345.00, 807000.00, 'TRUE', 'FALSE', '2018-09-29 11:38:16', '2018-09-29 15:16:28'),
	(25, 14, 4, 1, 25, 109, 12, 12, 11000.00, 11000.00, 132000.00, 'TRUE', 'FALSE', '2018-09-29 15:31:23', '2018-09-29 15:31:53'),
	(26, 15, 54, 7, 34, 97, 12000, 0, 400.00, 0.00, 4800000.00, 'FALSE', 'FALSE', '2018-10-01 11:27:16', '2018-10-01 11:27:16'),
	(27, 16, 49, 8, 37, 93, 3000, 3000, 25000.00, 0.00, 75000000.00, 'TRUE', 'FALSE', '2018-10-01 11:47:51', '2018-10-01 11:48:52'),
	(28, 16, 48, 8, 37, 94, 6000, 6000, 50000.00, 0.00, 300000000.00, 'TRUE', 'FALSE', '2018-10-01 11:47:51', '2018-10-01 11:48:52');
/*!40000 ALTER TABLE `d_purchasing_dt` ENABLE KEYS */;

-- Dumping structure for table bisnis_tamma.d_sales
CREATE TABLE IF NOT EXISTS `d_sales` (
  `s_id` int(11) NOT NULL AUTO_INCREMENT,
  `s_channel` varchar(2) NOT NULL COMMENT 'RT: Retail | GR: Grosir',
  `s_date` date DEFAULT NULL,
  `s_note` varchar(40) DEFAULT NULL,
  `s_staff` varchar(10) DEFAULT NULL COMMENT 'DIABAIKAN SEMENTARA',
  `s_customer` int(11) NOT NULL,
  `s_gross` decimal(20,2) DEFAULT NULL,
  `s_disc_percent` smallint(6) DEFAULT NULL,
  `s_disc_value` decimal(20,2) unsigned DEFAULT NULL,
  `s_tax` smallint(6) NOT NULL DEFAULT '0',
  `s_net` decimal(20,2) DEFAULT NULL,
  `s_status` varchar(2) DEFAULT NULL COMMENT 'DR: Draft | WA: Waiting | PR: Progress | FN: Final | PC: PACKING | SN : Sending | RC : Received',
  `s_insert` timestamp NULL DEFAULT NULL,
  `s_update` timestamp NOT NULL DEFAULT CURRENT_TIMESTAMP ON UPDATE CURRENT_TIMESTAMP,
  PRIMARY KEY (`s_id`),
  UNIQUE KEY `s_note` (`s_note`),
  KEY `FK_sales_customer` (`s_customer`)
) ENGINE=InnoDB AUTO_INCREMENT=6 DEFAULT CHARSET=latin1;

-- Dumping data for table bisnis_tamma.d_sales: ~5 rows (approximately)
DELETE FROM `d_sales`;
/*!40000 ALTER TABLE `d_sales` DISABLE KEYS */;
INSERT INTO `d_sales` (`s_id`, `s_channel`, `s_date`, `s_note`, `s_staff`, `s_customer`, `s_gross`, `s_disc_percent`, `s_disc_value`, `s_tax`, `s_net`, `s_status`, `s_insert`, `s_update`) VALUES
	(1, 'GR', '2018-08-24', 'XX1808241', NULL, 29, 47000000.00, 0, 0.00, 0, 47000000.00, 'PR', '2018-08-24 10:43:34', '2018-08-24 03:43:34'),
	(2, 'RT', '2018-09-27', 'XX1809272', NULL, 47, 270000.00, 0, 0.00, 0, 270000.00, 'FN', '2018-09-27 15:43:15', '2018-09-27 08:43:15'),
	(3, 'GR', '2018-09-27', 'XX1809273', NULL, 49, 996000.00, 0, 0.00, 0, 996000.00, 'FN', '2018-09-27 15:55:21', '2018-09-27 08:55:21'),
	(4, 'GR', '2018-09-28', 'XX1809284', NULL, 22, 315000.00, 32767, 0.00, 0, 267750.00, 'SN', '2018-09-28 15:26:14', '2018-09-28 08:46:16'),
	(5, 'GR', '2018-09-28', 'XX1809285', NULL, 6, 11940000.00, 0, 4000.00, 0, 11936000.00, 'SN', '2018-09-28 15:59:09', '2018-09-28 08:59:23');
/*!40000 ALTER TABLE `d_sales` ENABLE KEYS */;

-- Dumping structure for table bisnis_tamma.d_sales_dt
CREATE TABLE IF NOT EXISTS `d_sales_dt` (
  `sd_sales` int(11) NOT NULL,
  `sd_detailid` tinyint(4) NOT NULL,
  `sd_item` int(11) NOT NULL,
  `sd_qty` double NOT NULL,
  `sd_price` decimal(10,0) DEFAULT NULL,
  `sd_disc_percent` smallint(6) DEFAULT '0',
  `sd_disc_vpercent` decimal(10,2) DEFAULT '0.00',
  `sd_disc_value` decimal(20,2) unsigned DEFAULT NULL,
  `sd_total` decimal(20,2) DEFAULT NULL,
  PRIMARY KEY (`sd_sales`,`sd_detailid`),
  CONSTRAINT `FK_d_sales_dt_d_sales` FOREIGN KEY (`sd_sales`) REFERENCES `d_sales` (`s_id`) ON DELETE CASCADE ON UPDATE CASCADE
) ENGINE=InnoDB DEFAULT CHARSET=latin1;

-- Dumping data for table bisnis_tamma.d_sales_dt: ~14 rows (approximately)
DELETE FROM `d_sales_dt`;
/*!40000 ALTER TABLE `d_sales_dt` DISABLE KEYS */;
INSERT INTO `d_sales_dt` (`sd_sales`, `sd_detailid`, `sd_item`, `sd_qty`, `sd_price`, `sd_disc_percent`, `sd_disc_vpercent`, `sd_disc_value`, `sd_total`) VALUES
	(1, 1, 161, 2000, 23500, 0, 0.00, 0.00, 47000000.00),
	(2, 1, 187, 1, 156000, 0, 0.00, 0.00, 156000.00),
	(2, 2, 396, 2, 35000, 0, 0.00, 0.00, 70000.00),
	(2, 3, 296, 1, 23000, 0, 0.00, 0.00, 23000.00),
	(2, 4, 301, 1, 21000, 0, 0.00, 0.00, 21000.00),
	(3, 1, 482, 2, 58000, 0, 0.00, 0.00, 116000.00),
	(3, 2, 296, 20, 23000, 0, 0.00, 0.00, 460000.00),
	(3, 3, 301, 20, 21000, 0, 0.00, 0.00, 420000.00),
	(4, 1, 415, 1, 315000, 15, 47250.00, 0.00, 267750.00),
	(5, 1, 296, 150, 22000, 0, 0.00, 1000.00, 3299000.00),
	(5, 2, 301, 200, 20000, 0, 0.00, 1000.00, 3999000.00),
	(5, 3, 300, 150, 18000, 0, 0.00, 1000.00, 2699000.00),
	(5, 4, 297, 100, 16000, 0, 0.00, 1000.00, 1599000.00),
	(5, 5, 350, 10, 34000, 0, 0.00, 0.00, 340000.00);
/*!40000 ALTER TABLE `d_sales_dt` ENABLE KEYS */;

-- Dumping structure for table bisnis_tamma.d_sales_payment
CREATE TABLE IF NOT EXISTS `d_sales_payment` (
  `sp_sales` int(11) NOT NULL,
  `sp_paymentid` tinyint(4) NOT NULL,
  `sp_method` tinyint(4) NOT NULL,
  `sp_nominal` decimal(10,2) NOT NULL,
  PRIMARY KEY (`sp_sales`,`sp_paymentid`),
  CONSTRAINT `FK1_sales_payment` FOREIGN KEY (`sp_sales`) REFERENCES `d_sales` (`s_id`) ON DELETE CASCADE ON UPDATE CASCADE
) ENGINE=InnoDB DEFAULT CHARSET=latin1;

-- Dumping data for table bisnis_tamma.d_sales_payment: ~6 rows (approximately)
DELETE FROM `d_sales_payment`;
/*!40000 ALTER TABLE `d_sales_payment` DISABLE KEYS */;
INSERT INTO `d_sales_payment` (`sp_sales`, `sp_paymentid`, `sp_method`, `sp_nominal`) VALUES
	(2, 1, 1, 270000.00),
	(3, 1, 1, 1000000.00),
	(4, 1, 2, 0.00),
	(4, 2, 1, 0.00),
	(5, 1, 6, 0.00),
	(61, 1, 1, 1500000.00);
/*!40000 ALTER TABLE `d_sales_payment` ENABLE KEYS */;

-- Dumping structure for table bisnis_tamma.d_sales_return
CREATE TABLE IF NOT EXISTS `d_sales_return` (
  `dsr_id` int(11) NOT NULL AUTO_INCREMENT,
  `dsr_sid` int(11) DEFAULT NULL,
  `dsr_cus` int(11) DEFAULT NULL,
  `dsr_code` int(11) DEFAULT NULL,
  `dsr_method` varchar(2) DEFAULT NULL COMMENT 'TK : Tukar Barang | PN : Potong Nota',
  `dsr_type_sales` varchar(2) DEFAULT NULL COMMENT 'RT | GR',
  `dsr_staff` varchar(20) DEFAULT NULL,
  `dsr_date` date DEFAULT NULL,
  `dsr_dateconfirm` date DEFAULT NULL,
  `dsr_pricetot` decimal(12,2) DEFAULT NULL,
  `dsr_priceresult` decimal(12,2) DEFAULT NULL,
  `dsr_status` varchar(2) DEFAULT NULL COMMENT 'WT : Waiting | CF : Confirm',
  `dsr_created` timestamp NULL DEFAULT NULL,
  `dsr_updated` datetime DEFAULT NULL,
  PRIMARY KEY (`dsr_id`)
) ENGINE=InnoDB DEFAULT CHARSET=latin1;

-- Dumping data for table bisnis_tamma.d_sales_return: ~0 rows (approximately)
DELETE FROM `d_sales_return`;
/*!40000 ALTER TABLE `d_sales_return` DISABLE KEYS */;
/*!40000 ALTER TABLE `d_sales_return` ENABLE KEYS */;

-- Dumping structure for table bisnis_tamma.d_sales_returndt
CREATE TABLE IF NOT EXISTS `d_sales_returndt` (
  `dsrdt_id` int(11) NOT NULL AUTO_INCREMENT,
  `dsrdt_idsr` int(11) DEFAULT NULL,
  `dsrdt_smdt` int(11) DEFAULT NULL,
  `dsrdt_item` int(11) DEFAULT NULL,
  `dsrdt_qty` int(11) DEFAULT NULL,
  `dsrdt_qty_confirm` int(11) DEFAULT NULL,
  `dsrdt_price` decimal(12,2) DEFAULT NULL,
  `dsrdt_price_tot` decimal(12,2) DEFAULT NULL,
  `dsrdt_is_confirm` varchar(5) DEFAULT 'FALSE',
  `dsrdt_created` int(11) DEFAULT NULL,
  `dsrdt_updated` int(11) DEFAULT NULL,
  PRIMARY KEY (`dsrdt_id`)
) ENGINE=InnoDB DEFAULT CHARSET=latin1;

-- Dumping data for table bisnis_tamma.d_sales_returndt: ~0 rows (approximately)
DELETE FROM `d_sales_returndt`;
/*!40000 ALTER TABLE `d_sales_returndt` DISABLE KEYS */;
/*!40000 ALTER TABLE `d_sales_returndt` ENABLE KEYS */;

-- Dumping structure for table bisnis_tamma.d_spk
CREATE TABLE IF NOT EXISTS `d_spk` (
  `spk_id` int(11) NOT NULL,
  `spk_ref` int(11) DEFAULT NULL COMMENT 'id_panning',
  `spk_code` varchar(20) DEFAULT NULL,
  `spk_date` date DEFAULT NULL,
  `spk_item` int(11) DEFAULT NULL,
  `spk_status` varchar(2) DEFAULT NULL COMMENT 'CL: clear | DR: Draft | FN: final',
  `spk_ispo` varchar(5) DEFAULT 'FALSE',
  `spk_insert` datetime DEFAULT NULL,
  `spk_update` datetime DEFAULT NULL,
  PRIMARY KEY (`spk_id`)
) ENGINE=InnoDB DEFAULT CHARSET=latin1;

-- Dumping data for table bisnis_tamma.d_spk: ~0 rows (approximately)
DELETE FROM `d_spk`;
/*!40000 ALTER TABLE `d_spk` DISABLE KEYS */;
INSERT INTO `d_spk` (`spk_id`, `spk_ref`, `spk_code`, `spk_date`, `spk_item`, `spk_status`, `spk_ispo`, `spk_insert`, `spk_update`) VALUES
	(1, 1, 'SPK1808291', '2018-08-29', 301, 'DR', 'FALSE', '2018-08-29 11:44:35', '2018-08-29 11:44:35');
/*!40000 ALTER TABLE `d_spk` ENABLE KEYS */;

-- Dumping structure for table bisnis_tamma.d_stock
CREATE TABLE IF NOT EXISTS `d_stock` (
  `s_id` bigint(20) NOT NULL,
  `s_comp` int(11) NOT NULL COMMENT 'PEMILIK',
  `s_position` int(11) NOT NULL COMMENT 'POSISI',
  `s_item` int(11) DEFAULT NULL,
  `s_qty` decimal(10,2) DEFAULT '0.00',
  `s_qty_min` int(11) DEFAULT '0',
  `s_insert` timestamp NULL DEFAULT CURRENT_TIMESTAMP,
  `s_update` timestamp NULL DEFAULT NULL ON UPDATE CURRENT_TIMESTAMP,
  PRIMARY KEY (`s_id`)
) ENGINE=InnoDB DEFAULT CHARSET=latin1;

-- Dumping data for table bisnis_tamma.d_stock: ~1.115 rows (approximately)
DELETE FROM `d_stock`;
/*!40000 ALTER TABLE `d_stock` DISABLE KEYS */;
INSERT INTO `d_stock` (`s_id`, `s_comp`, `s_position`, `s_item`, `s_qty`, `s_qty_min`, `s_insert`, `s_update`) VALUES
	(1, 3, 3, 1, 0.00, 1, '2018-08-23 11:10:00', '2018-08-24 09:59:41'),
	(2, 3, 3, 2, 0.00, 1, '0000-00-00 00:00:00', '2018-08-24 09:59:41'),
	(3, 3, 3, 3, 5000000.00, 1, '0000-00-00 00:00:00', '2018-09-29 03:13:39'),
	(4, 3, 3, 4, 0.00, 1, '0000-00-00 00:00:00', '2018-09-29 08:36:56'),
	(5, 3, 3, 5, 0.00, 1, '0000-00-00 00:00:00', '2018-08-24 09:59:41'),
	(6, 3, 3, 6, 0.00, 1, '0000-00-00 00:00:00', '2018-08-24 09:59:41'),
	(7, 3, 3, 7, 0.00, 1, '0000-00-00 00:00:00', '2018-08-24 09:59:41'),
	(8, 3, 3, 8, 0.00, 1, '0000-00-00 00:00:00', '2018-08-24 09:59:41'),
	(9, 3, 3, 9, 0.00, 1, '0000-00-00 00:00:00', '2018-08-24 09:59:41'),
	(10, 3, 3, 10, 0.00, 1, '0000-00-00 00:00:00', '2018-08-24 09:59:41'),
	(11, 3, 3, 11, 0.00, 1, '0000-00-00 00:00:00', '2018-08-24 09:59:41'),
	(12, 3, 3, 12, 0.00, 1, '0000-00-00 00:00:00', '2018-08-24 09:59:41'),
	(13, 3, 3, 13, 0.00, 1, '0000-00-00 00:00:00', '2018-08-24 09:59:41'),
	(14, 3, 3, 14, 0.00, 1, '0000-00-00 00:00:00', '2018-08-24 09:59:41'),
	(15, 3, 3, 15, 0.00, 1, '0000-00-00 00:00:00', '2018-08-24 09:59:41'),
	(16, 3, 3, 16, 0.00, 1, '0000-00-00 00:00:00', '2018-08-24 09:59:41'),
	(17, 3, 3, 17, 0.00, 1, '0000-00-00 00:00:00', '2018-08-24 09:59:41'),
	(18, 3, 3, 18, 0.00, 1, '0000-00-00 00:00:00', '2018-08-24 09:59:41'),
	(19, 3, 3, 19, 0.00, 1, '0000-00-00 00:00:00', '2018-08-24 09:59:41'),
	(20, 3, 3, 20, 0.00, 1, '0000-00-00 00:00:00', '2018-08-24 09:59:41'),
	(21, 3, 3, 21, 0.00, 1, '0000-00-00 00:00:00', '2018-08-24 09:59:41'),
	(22, 3, 3, 22, 0.00, 1, '0000-00-00 00:00:00', '2018-08-24 09:59:41'),
	(23, 3, 3, 23, 0.00, 1, '0000-00-00 00:00:00', '2018-08-24 09:59:41'),
	(24, 3, 3, 24, 0.00, 1, '0000-00-00 00:00:00', '2018-08-24 09:59:41'),
	(25, 3, 3, 25, 0.00, 1, '0000-00-00 00:00:00', '2018-08-24 09:59:41'),
	(26, 3, 3, 26, 0.00, 1, '0000-00-00 00:00:00', '2018-08-24 09:59:41'),
	(27, 3, 3, 27, 0.00, 1, '0000-00-00 00:00:00', '2018-08-24 09:59:41'),
	(28, 3, 3, 28, 0.00, 1, '0000-00-00 00:00:00', '2018-08-24 09:59:41'),
	(29, 3, 3, 29, 0.00, 1, '0000-00-00 00:00:00', '2018-08-24 09:59:41'),
	(30, 3, 3, 30, 0.00, 1, '0000-00-00 00:00:00', '2018-08-24 09:59:41'),
	(31, 3, 3, 31, 0.00, 1, '0000-00-00 00:00:00', '2018-08-24 09:59:41'),
	(32, 3, 3, 32, 0.00, 1, '0000-00-00 00:00:00', '2018-08-24 09:59:41'),
	(33, 3, 3, 33, 0.00, 1, '0000-00-00 00:00:00', '2018-08-24 09:59:41'),
	(34, 3, 3, 34, 0.00, 1, '0000-00-00 00:00:00', '2018-08-24 09:59:41'),
	(35, 3, 3, 35, 0.00, 1, '0000-00-00 00:00:00', '2018-08-24 09:59:41'),
	(36, 3, 3, 36, 0.00, 1, '0000-00-00 00:00:00', '2018-08-24 09:59:41'),
	(37, 2, 2, 37, 1000.00, 1, '0000-00-00 00:00:00', '2018-09-03 17:07:11'),
	(38, 3, 3, 38, 0.00, 1, '0000-00-00 00:00:00', '2018-08-24 09:59:41'),
	(39, 3, 3, 39, 0.00, 1, '0000-00-00 00:00:00', '2018-08-24 09:59:41'),
	(40, 3, 3, 40, 0.00, 1, '0000-00-00 00:00:00', '2018-08-24 09:59:41'),
	(41, 3, 3, 41, 0.00, 1, '0000-00-00 00:00:00', '2018-08-24 09:59:41'),
	(42, 3, 3, 42, 0.00, 1, '0000-00-00 00:00:00', '2018-08-24 09:59:41'),
	(43, 3, 3, 43, 0.00, 1, '0000-00-00 00:00:00', '2018-08-24 09:59:41'),
	(44, 3, 3, 44, 0.00, 1, '0000-00-00 00:00:00', '2018-08-24 09:59:41'),
	(45, 3, 3, 45, 0.00, 1, '0000-00-00 00:00:00', '2018-08-24 09:59:41'),
	(46, 3, 3, 46, 0.00, 1, '0000-00-00 00:00:00', '2018-08-24 09:59:41'),
	(47, 3, 3, 47, 0.00, 1, '0000-00-00 00:00:00', '2018-08-24 09:59:41'),
	(48, 3, 3, 48, 0.00, 1, '0000-00-00 00:00:00', '2018-08-24 09:59:41'),
	(49, 3, 3, 49, 0.00, 1, '0000-00-00 00:00:00', '2018-08-24 09:59:41'),
	(50, 3, 3, 50, 0.00, 1, '0000-00-00 00:00:00', '2018-08-24 09:59:41'),
	(51, 3, 3, 51, 0.00, 1, '0000-00-00 00:00:00', '2018-08-24 09:59:41'),
	(52, 3, 3, 52, 0.00, 1, '0000-00-00 00:00:00', '2018-08-24 09:59:41'),
	(53, 3, 3, 53, 0.00, 1, '0000-00-00 00:00:00', '2018-08-24 09:59:41'),
	(54, 3, 3, 54, 0.00, 1, '0000-00-00 00:00:00', '2018-08-24 09:59:41'),
	(55, 3, 3, 55, 0.00, 1, '0000-00-00 00:00:00', '2018-08-24 09:59:41'),
	(56, 3, 3, 56, 0.00, 1, '0000-00-00 00:00:00', '2018-08-24 09:59:41'),
	(57, 3, 3, 57, 0.00, 1, '0000-00-00 00:00:00', '2018-08-24 09:59:41'),
	(58, 3, 3, 58, 0.00, 1, '0000-00-00 00:00:00', '2018-08-24 09:59:41'),
	(59, 3, 3, 59, 0.00, 1, '0000-00-00 00:00:00', '2018-08-24 09:59:41'),
	(60, 3, 3, 60, 0.00, 1, '0000-00-00 00:00:00', '2018-08-24 09:59:41'),
	(61, 3, 3, 61, 0.00, 1, '0000-00-00 00:00:00', '2018-08-24 09:59:41'),
	(62, 3, 3, 62, 0.00, 1, '0000-00-00 00:00:00', '2018-08-24 09:59:41'),
	(63, 3, 3, 63, 0.00, 1, '0000-00-00 00:00:00', '2018-08-24 09:59:41'),
	(64, 3, 3, 64, 0.00, 1, '0000-00-00 00:00:00', '2018-08-24 09:59:41'),
	(65, 3, 3, 65, 0.00, 1, '0000-00-00 00:00:00', '2018-08-24 09:59:41'),
	(66, 3, 3, 66, 0.00, 1, '0000-00-00 00:00:00', '2018-08-24 09:59:41'),
	(67, 3, 3, 67, 0.00, 1, '0000-00-00 00:00:00', '2018-08-24 09:59:41'),
	(68, 3, 3, 68, 0.00, 1, '0000-00-00 00:00:00', '2018-08-24 09:59:41'),
	(69, 3, 3, 69, 0.00, 1, '0000-00-00 00:00:00', '2018-08-24 09:59:41'),
	(70, 3, 3, 70, 0.00, 1, '0000-00-00 00:00:00', '2018-08-24 09:59:41'),
	(71, 3, 3, 71, 0.00, 1, '0000-00-00 00:00:00', '2018-08-24 09:59:41'),
	(72, 3, 3, 72, 0.00, 1, '0000-00-00 00:00:00', '2018-08-24 09:59:41'),
	(73, 3, 3, 73, 0.00, 1, '0000-00-00 00:00:00', '2018-08-24 09:59:41'),
	(74, 3, 3, 74, 0.00, 1, '0000-00-00 00:00:00', '2018-08-24 09:59:41'),
	(75, 3, 3, 75, 0.00, 1, '0000-00-00 00:00:00', '2018-08-24 09:59:41'),
	(76, 3, 3, 76, 0.00, 1, '0000-00-00 00:00:00', '2018-08-24 09:59:41'),
	(77, 3, 3, 77, 0.00, 1, '0000-00-00 00:00:00', '2018-08-24 09:59:41'),
	(78, 3, 3, 78, 0.00, 1, '0000-00-00 00:00:00', '2018-08-24 09:59:41'),
	(79, 3, 3, 79, 0.00, 1, '0000-00-00 00:00:00', '2018-08-24 09:59:41'),
	(80, 3, 3, 80, 0.00, 1, '0000-00-00 00:00:00', '2018-08-24 09:59:41'),
	(81, 3, 3, 81, 0.00, 1, '0000-00-00 00:00:00', '2018-08-24 09:59:41'),
	(82, 3, 3, 82, 0.00, 1, '0000-00-00 00:00:00', '2018-08-24 09:59:41'),
	(83, 3, 3, 83, 0.00, 1, '0000-00-00 00:00:00', '2018-08-24 09:59:41'),
	(84, 3, 3, 84, 0.00, 1, '0000-00-00 00:00:00', '2018-08-24 09:59:41'),
	(85, 3, 3, 85, 0.00, 1, '0000-00-00 00:00:00', '2018-08-24 09:59:41'),
	(86, 3, 3, 86, 0.00, 1, '0000-00-00 00:00:00', '2018-08-24 09:59:41'),
	(87, 3, 3, 87, 0.00, 1, '0000-00-00 00:00:00', '2018-08-24 09:59:41'),
	(88, 3, 3, 88, 0.00, 1, '0000-00-00 00:00:00', '2018-08-24 09:59:41'),
	(89, 3, 3, 89, 0.00, 1, '0000-00-00 00:00:00', '2018-08-24 09:59:41'),
	(90, 3, 3, 90, 0.00, 1, '0000-00-00 00:00:00', '2018-08-24 09:59:41'),
	(91, 3, 3, 91, 0.00, 1, '0000-00-00 00:00:00', '2018-08-24 09:59:41'),
	(92, 3, 3, 92, 0.00, 1, '0000-00-00 00:00:00', '2018-08-24 09:59:41'),
	(93, 3, 3, 93, 0.00, 1, '0000-00-00 00:00:00', '2018-08-24 09:59:41'),
	(94, 3, 3, 94, 0.00, 1, '0000-00-00 00:00:00', '2018-08-24 09:59:41'),
	(95, 3, 3, 95, 0.00, 1, '0000-00-00 00:00:00', '2018-08-24 09:59:41'),
	(96, 3, 3, 96, 0.00, 1, '0000-00-00 00:00:00', '2018-08-24 09:59:41'),
	(97, 3, 3, 97, 0.00, 1, '0000-00-00 00:00:00', '2018-08-24 09:59:41'),
	(98, 3, 3, 98, 0.00, 1, '0000-00-00 00:00:00', '2018-08-24 09:59:41'),
	(99, 3, 3, 99, 0.00, 1, '0000-00-00 00:00:00', '2018-08-24 09:59:41'),
	(100, 3, 3, 100, 0.00, 1, '0000-00-00 00:00:00', '2018-08-24 09:59:41'),
	(101, 3, 3, 101, 0.00, 1, '0000-00-00 00:00:00', '2018-08-24 09:59:41'),
	(102, 3, 3, 102, 0.00, 1, '0000-00-00 00:00:00', '2018-08-24 09:59:41'),
	(103, 3, 3, 103, 0.00, 1, '0000-00-00 00:00:00', '2018-08-24 09:59:41'),
	(104, 3, 3, 104, 0.00, 1, '0000-00-00 00:00:00', '2018-08-24 09:59:41'),
	(105, 3, 3, 105, 0.00, 1, '0000-00-00 00:00:00', '2018-08-24 09:59:41'),
	(106, 3, 3, 106, 0.00, 1, '0000-00-00 00:00:00', '2018-08-24 09:59:41'),
	(107, 3, 3, 107, 0.00, 1, '0000-00-00 00:00:00', '2018-08-24 09:59:41'),
	(108, 3, 3, 108, 0.00, 1, '0000-00-00 00:00:00', '2018-08-24 09:59:41'),
	(109, 3, 3, 109, 0.00, 1, '0000-00-00 00:00:00', '2018-08-24 09:59:41'),
	(110, 3, 3, 110, 0.00, 1, '0000-00-00 00:00:00', '2018-08-24 09:59:41'),
	(111, 3, 3, 111, 0.00, 1, '0000-00-00 00:00:00', '2018-08-24 09:59:41'),
	(112, 3, 3, 112, 0.00, 1, '0000-00-00 00:00:00', '2018-08-24 09:59:41'),
	(113, 3, 3, 113, 0.00, 1, '0000-00-00 00:00:00', '2018-08-24 09:59:41'),
	(114, 3, 3, 114, 0.00, 1, '0000-00-00 00:00:00', '2018-08-24 09:59:41'),
	(115, 3, 3, 115, 0.00, 1, '0000-00-00 00:00:00', '2018-08-24 09:59:41'),
	(116, 3, 3, 116, 31.80, 1, '0000-00-00 00:00:00', '2018-09-29 16:05:13'),
	(117, 3, 3, 117, 0.00, 1, '0000-00-00 00:00:00', '2018-08-24 09:59:41'),
	(118, 3, 3, 118, 312.00, 1, '0000-00-00 00:00:00', '2018-09-29 16:05:13'),
	(119, 3, 3, 119, 0.00, 1, '0000-00-00 00:00:00', '2018-08-24 09:59:41'),
	(120, 3, 3, 120, 0.00, 1, '0000-00-00 00:00:00', '2018-08-24 09:59:41'),
	(121, 3, 3, 121, 0.00, 1, '0000-00-00 00:00:00', '2018-08-24 09:59:41'),
	(122, 3, 3, 122, 0.00, 1, '0000-00-00 00:00:00', '2018-08-24 09:59:41'),
	(123, 3, 3, 123, 0.00, 1, '0000-00-00 00:00:00', '2018-08-24 09:59:41'),
	(124, 3, 3, 124, 0.00, 1, '0000-00-00 00:00:00', '2018-08-24 09:59:41'),
	(125, 3, 3, 125, 7.00, 1, '0000-00-00 00:00:00', '2018-09-29 16:05:13'),
	(126, 3, 3, 126, 30.00, 1, '0000-00-00 00:00:00', '2018-09-29 16:05:13'),
	(127, 3, 3, 127, 0.00, 1, '0000-00-00 00:00:00', '2018-08-24 09:59:41'),
	(128, 3, 3, 128, 1191.00, 1, '0000-00-00 00:00:00', '2018-09-29 16:05:13'),
	(129, 3, 3, 129, 0.00, 1, '0000-00-00 00:00:00', '2018-08-24 09:59:41'),
	(130, 3, 3, 130, 0.00, 1, '0000-00-00 00:00:00', '2018-08-24 09:59:41'),
	(131, 3, 3, 131, 0.00, 1, '0000-00-00 00:00:00', '2018-08-24 09:59:41'),
	(132, 3, 3, 132, 643.00, 1, '0000-00-00 00:00:00', '2018-09-29 16:05:13'),
	(133, 3, 3, 133, 0.00, 1, '0000-00-00 00:00:00', '2018-08-24 09:59:41'),
	(134, 3, 3, 134, 228.00, 1, '0000-00-00 00:00:00', '2018-09-29 16:05:13'),
	(135, 3, 3, 135, 0.00, 1, '0000-00-00 00:00:00', '2018-08-24 09:59:41'),
	(136, 3, 3, 136, 73.00, 1, '0000-00-00 00:00:00', '2018-09-29 16:05:13'),
	(137, 3, 3, 137, 0.00, 1, '0000-00-00 00:00:00', '2018-08-24 09:59:41'),
	(138, 3, 3, 138, 0.00, 1, '0000-00-00 00:00:00', '2018-08-24 09:59:41'),
	(139, 3, 3, 139, 0.00, 1, '0000-00-00 00:00:00', '2018-08-24 09:59:41'),
	(140, 3, 3, 140, 6.00, 1, '0000-00-00 00:00:00', '2018-09-29 16:05:13'),
	(141, 3, 3, 141, 0.00, 1, '0000-00-00 00:00:00', '2018-08-24 09:59:41'),
	(142, 3, 3, 142, 0.00, 1, '0000-00-00 00:00:00', '2018-08-24 09:59:41'),
	(143, 3, 3, 143, 0.00, 1, '0000-00-00 00:00:00', '2018-08-24 09:59:41'),
	(144, 3, 3, 144, 0.00, 1, '0000-00-00 00:00:00', '2018-08-24 09:59:41'),
	(145, 3, 3, 145, 0.00, 1, '0000-00-00 00:00:00', '2018-08-24 09:59:41'),
	(146, 3, 3, 146, 0.00, 1, '0000-00-00 00:00:00', '2018-08-24 09:59:41'),
	(147, 3, 3, 147, 0.00, 1, '0000-00-00 00:00:00', '2018-08-24 09:59:41'),
	(148, 3, 3, 148, 0.00, 1, '0000-00-00 00:00:00', '2018-08-24 09:59:41'),
	(149, 3, 3, 149, 0.00, 1, '0000-00-00 00:00:00', '2018-08-24 09:59:41'),
	(150, 3, 3, 150, 0.00, 1, '0000-00-00 00:00:00', '2018-08-24 09:59:41'),
	(151, 3, 3, 151, 0.00, 1, '0000-00-00 00:00:00', '2018-08-24 09:59:41'),
	(152, 3, 3, 152, 0.00, 1, '0000-00-00 00:00:00', '2018-08-24 09:59:41'),
	(153, 3, 3, 153, 0.00, 1, '0000-00-00 00:00:00', '2018-08-24 09:59:41'),
	(154, 3, 3, 154, 0.00, 1, '0000-00-00 00:00:00', '2018-08-24 09:59:41'),
	(155, 3, 3, 155, 0.00, 1, '0000-00-00 00:00:00', '2018-08-24 09:59:41'),
	(156, 3, 3, 156, 0.00, 1, '0000-00-00 00:00:00', '2018-08-24 09:59:41'),
	(157, 3, 3, 157, 0.00, 1, '0000-00-00 00:00:00', '2018-08-24 09:59:41'),
	(158, 3, 3, 158, 0.00, 1, '0000-00-00 00:00:00', '2018-08-24 09:59:41'),
	(159, 3, 3, 159, 0.00, 1, '0000-00-00 00:00:00', '2018-08-24 09:59:41'),
	(160, 2, 2, 160, 1000.00, 1, '0000-00-00 00:00:00', '0000-00-00 00:00:00'),
	(161, 2, 2, 161, 1000.00, 1, '0000-00-00 00:00:00', '0000-00-00 00:00:00'),
	(162, 2, 2, 162, 1000.00, 1, '0000-00-00 00:00:00', '0000-00-00 00:00:00'),
	(163, 2, 2, 163, 1000.00, 1, '0000-00-00 00:00:00', '0000-00-00 00:00:00'),
	(164, 2, 2, 164, 1000.00, 1, '0000-00-00 00:00:00', '0000-00-00 00:00:00'),
	(165, 2, 2, 165, 1000.00, 1, '0000-00-00 00:00:00', '0000-00-00 00:00:00'),
	(166, 2, 2, 166, 1000.00, 1, '0000-00-00 00:00:00', '0000-00-00 00:00:00'),
	(167, 2, 2, 167, 1000.00, 1, '0000-00-00 00:00:00', '0000-00-00 00:00:00'),
	(168, 2, 2, 168, 1000.00, 1, '0000-00-00 00:00:00', '0000-00-00 00:00:00'),
	(169, 3, 3, 169, 0.00, 1, '0000-00-00 00:00:00', '2018-08-24 09:59:41'),
	(170, 3, 3, 170, 0.00, 1, '0000-00-00 00:00:00', '2018-08-24 09:59:41'),
	(171, 3, 3, 171, 0.00, 1, '0000-00-00 00:00:00', '2018-08-24 09:59:41'),
	(172, 3, 3, 172, 0.00, 1, '0000-00-00 00:00:00', '2018-08-24 09:59:41'),
	(173, 3, 3, 173, 0.00, 1, '0000-00-00 00:00:00', '2018-08-24 09:59:41'),
	(174, 3, 3, 174, 0.00, 1, '0000-00-00 00:00:00', '2018-08-24 09:59:41'),
	(175, 3, 3, 175, 0.00, 1, '0000-00-00 00:00:00', '2018-08-24 09:59:41'),
	(176, 3, 3, 176, 0.00, 1, '0000-00-00 00:00:00', '2018-08-24 09:59:41'),
	(177, 3, 3, 177, 0.00, 1, '0000-00-00 00:00:00', '2018-08-24 09:59:41'),
	(178, 3, 3, 178, 0.00, 1, '0000-00-00 00:00:00', '2018-08-24 09:59:41'),
	(179, 3, 3, 179, 0.00, 1, '0000-00-00 00:00:00', '2018-08-24 09:59:41'),
	(180, 3, 3, 180, 0.00, 1, '0000-00-00 00:00:00', '2018-08-24 09:59:41'),
	(181, 3, 3, 181, 0.00, 1, '0000-00-00 00:00:00', '2018-08-24 09:59:41'),
	(182, 3, 3, 182, 0.00, 1, '0000-00-00 00:00:00', '2018-08-24 09:59:41'),
	(183, 3, 3, 183, 0.00, 1, '0000-00-00 00:00:00', '2018-08-24 09:59:41'),
	(184, 3, 3, 184, 0.00, 1, '0000-00-00 00:00:00', '2018-08-24 09:59:41'),
	(185, 3, 3, 185, 0.00, 1, '0000-00-00 00:00:00', '2018-08-24 09:59:41'),
	(186, 2, 2, 186, 1000.00, 1, '0000-00-00 00:00:00', '0000-00-00 00:00:00'),
	(187, 2, 2, 187, 1000.00, 1, '0000-00-00 00:00:00', '0000-00-00 00:00:00'),
	(188, 3, 3, 188, 0.00, 1, '0000-00-00 00:00:00', '2018-08-24 09:59:41'),
	(189, 3, 3, 189, 0.00, 1, '0000-00-00 00:00:00', '2018-08-24 09:59:41'),
	(190, 3, 3, 190, 0.00, 1, '0000-00-00 00:00:00', '2018-08-24 09:59:41'),
	(191, 3, 3, 191, 0.00, 1, '0000-00-00 00:00:00', '2018-08-24 09:59:41'),
	(192, 3, 3, 192, 0.00, 1, '0000-00-00 00:00:00', '2018-08-24 09:59:41'),
	(193, 3, 3, 193, 0.00, 1, '0000-00-00 00:00:00', '2018-08-24 09:59:41'),
	(194, 3, 3, 194, 0.00, 1, '0000-00-00 00:00:00', '2018-08-24 09:59:41'),
	(195, 3, 3, 195, 0.00, 1, '0000-00-00 00:00:00', '2018-08-24 09:59:41'),
	(196, 2, 2, 196, 1000.00, 1, '0000-00-00 00:00:00', '0000-00-00 00:00:00'),
	(197, 2, 2, 197, 1000.00, 1, '0000-00-00 00:00:00', '0000-00-00 00:00:00'),
	(198, 2, 2, 198, 1000.00, 1, '0000-00-00 00:00:00', '0000-00-00 00:00:00'),
	(199, 2, 2, 199, 1000.00, 1, '0000-00-00 00:00:00', '0000-00-00 00:00:00'),
	(200, 2, 2, 200, 1000.00, 1, '0000-00-00 00:00:00', '0000-00-00 00:00:00'),
	(201, 2, 2, 201, 1000.00, 1, '0000-00-00 00:00:00', '0000-00-00 00:00:00'),
	(202, 2, 2, 202, 1000.00, 1, '0000-00-00 00:00:00', '0000-00-00 00:00:00'),
	(203, 2, 2, 203, 1000.00, 1, '0000-00-00 00:00:00', '0000-00-00 00:00:00'),
	(204, 2, 2, 204, 1000.00, 1, '0000-00-00 00:00:00', '0000-00-00 00:00:00'),
	(205, 2, 2, 205, 1000.00, 1, '0000-00-00 00:00:00', '0000-00-00 00:00:00'),
	(206, 2, 2, 206, 1000.00, 1, '0000-00-00 00:00:00', '0000-00-00 00:00:00'),
	(207, 2, 2, 207, 1000.00, 1, '0000-00-00 00:00:00', '0000-00-00 00:00:00'),
	(208, 2, 2, 208, 1000.00, 1, '0000-00-00 00:00:00', '0000-00-00 00:00:00'),
	(209, 3, 3, 209, 0.00, 1, '0000-00-00 00:00:00', '2018-08-24 09:59:41'),
	(210, 2, 2, 210, 1000.00, 1, '0000-00-00 00:00:00', '0000-00-00 00:00:00'),
	(211, 2, 2, 211, 1000.00, 1, '0000-00-00 00:00:00', '0000-00-00 00:00:00'),
	(212, 2, 2, 212, 1000.00, 1, '0000-00-00 00:00:00', '0000-00-00 00:00:00'),
	(213, 2, 2, 213, 1000.00, 1, '0000-00-00 00:00:00', '0000-00-00 00:00:00'),
	(214, 2, 2, 214, 1000.00, 1, '0000-00-00 00:00:00', '0000-00-00 00:00:00'),
	(215, 2, 2, 215, 1000.00, 1, '0000-00-00 00:00:00', '0000-00-00 00:00:00'),
	(216, 2, 2, 216, 1000.00, 1, '0000-00-00 00:00:00', '0000-00-00 00:00:00'),
	(217, 2, 2, 217, 1000.00, 1, '0000-00-00 00:00:00', '0000-00-00 00:00:00'),
	(218, 2, 2, 218, 1000.00, 1, '0000-00-00 00:00:00', '0000-00-00 00:00:00'),
	(219, 2, 2, 219, 1000.00, 1, '0000-00-00 00:00:00', '0000-00-00 00:00:00'),
	(220, 2, 2, 220, 1000.00, 1, '0000-00-00 00:00:00', '0000-00-00 00:00:00'),
	(221, 2, 2, 221, 1000.00, 1, '0000-00-00 00:00:00', '0000-00-00 00:00:00'),
	(222, 2, 2, 222, 1000.00, 1, '0000-00-00 00:00:00', '0000-00-00 00:00:00'),
	(223, 2, 2, 223, 1000.00, 1, '0000-00-00 00:00:00', '0000-00-00 00:00:00'),
	(224, 2, 2, 224, 1000.00, 1, '0000-00-00 00:00:00', '0000-00-00 00:00:00'),
	(225, 2, 2, 225, 1000.00, 1, '0000-00-00 00:00:00', '0000-00-00 00:00:00'),
	(226, 2, 2, 226, 1000.00, 1, '0000-00-00 00:00:00', '0000-00-00 00:00:00'),
	(227, 2, 2, 227, 1000.00, 1, '0000-00-00 00:00:00', '0000-00-00 00:00:00'),
	(228, 2, 2, 228, 1000.00, 1, '0000-00-00 00:00:00', '0000-00-00 00:00:00'),
	(229, 2, 2, 229, 1000.00, 1, '0000-00-00 00:00:00', '0000-00-00 00:00:00'),
	(230, 2, 2, 230, 1000.00, 1, '0000-00-00 00:00:00', '0000-00-00 00:00:00'),
	(231, 2, 2, 231, 1000.00, 1, '0000-00-00 00:00:00', '0000-00-00 00:00:00'),
	(232, 2, 2, 232, 1000.00, 1, '0000-00-00 00:00:00', '0000-00-00 00:00:00'),
	(233, 2, 2, 234, 1000.00, 1, '0000-00-00 00:00:00', '0000-00-00 00:00:00'),
	(234, 2, 2, 235, 1000.00, 1, '0000-00-00 00:00:00', '0000-00-00 00:00:00'),
	(235, 2, 2, 236, 1000.00, 1, '0000-00-00 00:00:00', '0000-00-00 00:00:00'),
	(236, 2, 2, 237, 1000.00, 1, '0000-00-00 00:00:00', '0000-00-00 00:00:00'),
	(237, 2, 2, 238, 1000.00, 1, '0000-00-00 00:00:00', '0000-00-00 00:00:00'),
	(238, 2, 2, 239, 1000.00, 1, '0000-00-00 00:00:00', '0000-00-00 00:00:00'),
	(239, 2, 2, 240, 1000.00, 1, '0000-00-00 00:00:00', '0000-00-00 00:00:00'),
	(240, 2, 2, 241, 1000.00, 1, '0000-00-00 00:00:00', '0000-00-00 00:00:00'),
	(241, 2, 2, 242, 1000.00, 1, '0000-00-00 00:00:00', '0000-00-00 00:00:00'),
	(242, 2, 2, 243, 1000.00, 1, '0000-00-00 00:00:00', '0000-00-00 00:00:00'),
	(243, 2, 2, 244, 1000.00, 1, '0000-00-00 00:00:00', '0000-00-00 00:00:00'),
	(244, 2, 2, 245, 1000.00, 1, '0000-00-00 00:00:00', '0000-00-00 00:00:00'),
	(245, 2, 2, 246, 1000.00, 1, '0000-00-00 00:00:00', '0000-00-00 00:00:00'),
	(246, 2, 2, 247, 1000.00, 1, '0000-00-00 00:00:00', '0000-00-00 00:00:00'),
	(247, 2, 2, 248, 1000.00, 1, '0000-00-00 00:00:00', '0000-00-00 00:00:00'),
	(248, 2, 2, 249, 1000.00, 1, '0000-00-00 00:00:00', '0000-00-00 00:00:00'),
	(249, 2, 2, 250, 1000.00, 1, '0000-00-00 00:00:00', '0000-00-00 00:00:00'),
	(250, 2, 2, 251, 1000.00, 1, '0000-00-00 00:00:00', '0000-00-00 00:00:00'),
	(251, 2, 2, 252, 1000.00, 1, '0000-00-00 00:00:00', '0000-00-00 00:00:00'),
	(252, 2, 2, 253, 1000.00, 1, '0000-00-00 00:00:00', '0000-00-00 00:00:00'),
	(253, 2, 2, 254, 1000.00, 1, '0000-00-00 00:00:00', '0000-00-00 00:00:00'),
	(254, 2, 2, 255, 1000.00, 1, '0000-00-00 00:00:00', '0000-00-00 00:00:00'),
	(255, 2, 2, 256, 1000.00, 1, '0000-00-00 00:00:00', '0000-00-00 00:00:00'),
	(256, 2, 2, 257, 1000.00, 1, '0000-00-00 00:00:00', '0000-00-00 00:00:00'),
	(257, 2, 2, 258, 1000.00, 1, '0000-00-00 00:00:00', '0000-00-00 00:00:00'),
	(258, 2, 2, 259, 1000.00, 1, '0000-00-00 00:00:00', '0000-00-00 00:00:00'),
	(259, 2, 2, 260, 1000.00, 1, '0000-00-00 00:00:00', '0000-00-00 00:00:00'),
	(260, 2, 2, 261, 1000.00, 1, '0000-00-00 00:00:00', '0000-00-00 00:00:00'),
	(261, 2, 2, 262, 1000.00, 1, '0000-00-00 00:00:00', '0000-00-00 00:00:00'),
	(262, 2, 2, 263, 1000.00, 1, '0000-00-00 00:00:00', '0000-00-00 00:00:00'),
	(263, 2, 2, 264, 1000.00, 1, '0000-00-00 00:00:00', '0000-00-00 00:00:00'),
	(264, 2, 2, 265, 1000.00, 1, '0000-00-00 00:00:00', '0000-00-00 00:00:00'),
	(265, 2, 2, 266, 1000.00, 1, '0000-00-00 00:00:00', '0000-00-00 00:00:00'),
	(266, 2, 2, 267, 1000.00, 1, '0000-00-00 00:00:00', '0000-00-00 00:00:00'),
	(267, 2, 2, 268, 1000.00, 1, '0000-00-00 00:00:00', '0000-00-00 00:00:00'),
	(268, 3, 3, 269, 0.00, 1, '0000-00-00 00:00:00', '2018-08-24 09:59:41'),
	(269, 3, 3, 270, 0.00, 1, '0000-00-00 00:00:00', '2018-08-24 09:59:41'),
	(270, 3, 3, 271, 0.00, 1, '0000-00-00 00:00:00', '2018-08-24 09:59:41'),
	(271, 3, 3, 272, 0.00, 1, '0000-00-00 00:00:00', '2018-08-24 09:59:41'),
	(272, 3, 3, 273, 0.00, 1, '0000-00-00 00:00:00', '2018-08-24 09:59:41'),
	(273, 3, 3, 274, 0.00, 1, '0000-00-00 00:00:00', '2018-08-24 09:59:41'),
	(274, 3, 3, 275, 0.00, 1, '0000-00-00 00:00:00', '2018-08-24 09:59:41'),
	(275, 3, 3, 276, 0.00, 1, '0000-00-00 00:00:00', '2018-08-24 09:59:41'),
	(276, 3, 3, 277, 0.00, 1, '0000-00-00 00:00:00', '2018-08-24 09:59:41'),
	(277, 3, 3, 278, 0.00, 1, '0000-00-00 00:00:00', '2018-08-24 09:59:41'),
	(278, 3, 3, 279, 0.00, 1, '0000-00-00 00:00:00', '2018-08-24 09:59:41'),
	(279, 3, 3, 280, 0.00, 1, '0000-00-00 00:00:00', '2018-08-24 09:59:41'),
	(280, 3, 3, 281, 0.00, 1, '0000-00-00 00:00:00', '2018-08-24 09:59:41'),
	(281, 2, 2, 282, 1000.00, 1, '0000-00-00 00:00:00', '0000-00-00 00:00:00'),
	(282, 2, 2, 283, 1000.00, 1, '0000-00-00 00:00:00', '0000-00-00 00:00:00'),
	(283, 2, 2, 284, 1000.00, 1, '0000-00-00 00:00:00', '0000-00-00 00:00:00'),
	(284, 2, 2, 285, 1000.00, 1, '0000-00-00 00:00:00', '0000-00-00 00:00:00'),
	(285, 2, 2, 286, 1000.00, 1, '0000-00-00 00:00:00', '0000-00-00 00:00:00'),
	(286, 2, 2, 287, 1000.00, 1, '0000-00-00 00:00:00', '0000-00-00 00:00:00'),
	(287, 2, 2, 288, 1000.00, 1, '0000-00-00 00:00:00', '0000-00-00 00:00:00'),
	(288, 2, 2, 289, 1000.00, 1, '0000-00-00 00:00:00', '0000-00-00 00:00:00'),
	(289, 2, 2, 290, 1000.00, 1, '0000-00-00 00:00:00', '0000-00-00 00:00:00'),
	(290, 2, 2, 291, 1000.00, 1, '0000-00-00 00:00:00', '0000-00-00 00:00:00'),
	(291, 2, 2, 292, 1000.00, 1, '0000-00-00 00:00:00', '0000-00-00 00:00:00'),
	(292, 2, 2, 293, 1000.00, 1, '0000-00-00 00:00:00', '0000-00-00 00:00:00'),
	(293, 2, 2, 294, 1000.00, 1, '0000-00-00 00:00:00', '0000-00-00 00:00:00'),
	(294, 2, 2, 295, 1000.00, 1, '0000-00-00 00:00:00', '0000-00-00 00:00:00'),
	(295, 2, 2, 296, 850.00, 1, '0000-00-00 00:00:00', '2018-09-28 15:59:23'),
	(296, 2, 2, 297, 900.00, 1, '0000-00-00 00:00:00', '2018-09-28 15:59:23'),
	(297, 2, 2, 298, 1000.00, 1, '0000-00-00 00:00:00', '0000-00-00 00:00:00'),
	(298, 2, 2, 299, 1000.00, 1, '0000-00-00 00:00:00', '0000-00-00 00:00:00'),
	(299, 2, 2, 300, 850.00, 1, '0000-00-00 00:00:00', '2018-09-28 15:59:23'),
	(300, 2, 2, 301, 800.00, 1, '0000-00-00 00:00:00', '2018-09-28 15:59:23'),
	(301, 2, 2, 302, 1000.00, 1, '0000-00-00 00:00:00', '0000-00-00 00:00:00'),
	(302, 2, 2, 303, 1000.00, 1, '0000-00-00 00:00:00', '0000-00-00 00:00:00'),
	(303, 2, 2, 304, 1000.00, 1, '0000-00-00 00:00:00', '0000-00-00 00:00:00'),
	(304, 2, 2, 305, 1000.00, 1, '0000-00-00 00:00:00', '0000-00-00 00:00:00'),
	(305, 2, 2, 306, 1000.00, 1, '0000-00-00 00:00:00', '0000-00-00 00:00:00'),
	(306, 2, 2, 307, 1000.00, 1, '0000-00-00 00:00:00', '0000-00-00 00:00:00'),
	(307, 2, 2, 308, 1000.00, 1, '0000-00-00 00:00:00', '0000-00-00 00:00:00'),
	(308, 2, 2, 309, 1000.00, 1, '0000-00-00 00:00:00', '0000-00-00 00:00:00'),
	(309, 2, 2, 310, 1000.00, 1, '0000-00-00 00:00:00', '0000-00-00 00:00:00'),
	(310, 2, 2, 311, 1000.00, 1, '0000-00-00 00:00:00', '0000-00-00 00:00:00'),
	(311, 2, 2, 312, 1000.00, 1, '0000-00-00 00:00:00', '0000-00-00 00:00:00'),
	(312, 2, 2, 313, 1000.00, 1, '0000-00-00 00:00:00', '0000-00-00 00:00:00'),
	(313, 2, 2, 314, 1000.00, 1, '0000-00-00 00:00:00', '0000-00-00 00:00:00'),
	(314, 2, 2, 315, 1000.00, 1, '0000-00-00 00:00:00', '0000-00-00 00:00:00'),
	(315, 2, 2, 316, 1000.00, 1, '0000-00-00 00:00:00', '0000-00-00 00:00:00'),
	(316, 2, 2, 317, 1000.00, 1, '0000-00-00 00:00:00', '0000-00-00 00:00:00'),
	(317, 2, 2, 318, 1000.00, 1, '0000-00-00 00:00:00', '0000-00-00 00:00:00'),
	(318, 2, 2, 319, 1000.00, 1, '0000-00-00 00:00:00', '0000-00-00 00:00:00'),
	(319, 2, 2, 320, 1000.00, 1, '0000-00-00 00:00:00', '0000-00-00 00:00:00'),
	(320, 2, 2, 321, 1000.00, 1, '0000-00-00 00:00:00', '0000-00-00 00:00:00'),
	(321, 2, 2, 322, 1000.00, 1, '0000-00-00 00:00:00', '0000-00-00 00:00:00'),
	(322, 2, 2, 323, 1000.00, 1, '0000-00-00 00:00:00', '0000-00-00 00:00:00'),
	(323, 2, 2, 324, 1000.00, 1, '0000-00-00 00:00:00', '0000-00-00 00:00:00'),
	(324, 2, 2, 325, 1000.00, 1, '0000-00-00 00:00:00', '0000-00-00 00:00:00'),
	(325, 2, 2, 326, 1000.00, 1, '0000-00-00 00:00:00', '0000-00-00 00:00:00'),
	(326, 2, 2, 327, 1000.00, 1, '0000-00-00 00:00:00', '0000-00-00 00:00:00'),
	(327, 2, 2, 328, 1000.00, 1, '0000-00-00 00:00:00', '0000-00-00 00:00:00'),
	(328, 2, 2, 329, 1000.00, 1, '0000-00-00 00:00:00', '0000-00-00 00:00:00'),
	(329, 2, 2, 330, 1000.00, 1, '0000-00-00 00:00:00', '0000-00-00 00:00:00'),
	(330, 2, 2, 331, 1000.00, 1, '0000-00-00 00:00:00', '0000-00-00 00:00:00'),
	(331, 2, 2, 332, 1000.00, 1, '0000-00-00 00:00:00', '0000-00-00 00:00:00'),
	(332, 2, 2, 333, 1000.00, 1, '0000-00-00 00:00:00', '0000-00-00 00:00:00'),
	(333, 2, 2, 334, 1000.00, 1, '0000-00-00 00:00:00', '0000-00-00 00:00:00'),
	(334, 2, 2, 335, 1000.00, 1, '0000-00-00 00:00:00', '0000-00-00 00:00:00'),
	(335, 2, 2, 336, 1000.00, 1, '0000-00-00 00:00:00', '0000-00-00 00:00:00'),
	(336, 2, 2, 337, 1000.00, 1, '0000-00-00 00:00:00', '0000-00-00 00:00:00'),
	(337, 2, 2, 338, 1000.00, 1, '0000-00-00 00:00:00', '0000-00-00 00:00:00'),
	(338, 2, 2, 339, 1000.00, 1, '0000-00-00 00:00:00', '0000-00-00 00:00:00'),
	(339, 2, 2, 340, 1000.00, 1, '0000-00-00 00:00:00', '0000-00-00 00:00:00'),
	(340, 2, 2, 341, 1000.00, 1, '0000-00-00 00:00:00', '0000-00-00 00:00:00'),
	(341, 2, 2, 342, 1000.00, 1, '0000-00-00 00:00:00', '0000-00-00 00:00:00'),
	(342, 2, 2, 343, 1000.00, 1, '0000-00-00 00:00:00', '0000-00-00 00:00:00'),
	(343, 2, 2, 344, 1000.00, 1, '0000-00-00 00:00:00', '0000-00-00 00:00:00'),
	(344, 2, 2, 345, 1000.00, 1, '0000-00-00 00:00:00', '0000-00-00 00:00:00'),
	(345, 2, 2, 346, 1000.00, 1, '0000-00-00 00:00:00', '0000-00-00 00:00:00'),
	(346, 2, 2, 347, 1000.00, 1, '0000-00-00 00:00:00', '0000-00-00 00:00:00'),
	(347, 2, 2, 348, 1000.00, 1, '0000-00-00 00:00:00', '0000-00-00 00:00:00'),
	(348, 2, 2, 349, 1000.00, 1, '0000-00-00 00:00:00', '0000-00-00 00:00:00'),
	(349, 2, 2, 350, 990.00, 1, '0000-00-00 00:00:00', '2018-09-28 15:59:23'),
	(350, 2, 2, 351, 1000.00, 1, '0000-00-00 00:00:00', '0000-00-00 00:00:00'),
	(351, 2, 2, 352, 1000.00, 1, '0000-00-00 00:00:00', '0000-00-00 00:00:00'),
	(352, 2, 2, 353, 1000.00, 1, '0000-00-00 00:00:00', '0000-00-00 00:00:00'),
	(353, 2, 2, 354, 1000.00, 1, '0000-00-00 00:00:00', '0000-00-00 00:00:00'),
	(354, 2, 2, 355, 1000.00, 1, '0000-00-00 00:00:00', '0000-00-00 00:00:00'),
	(355, 2, 2, 356, 1000.00, 1, '0000-00-00 00:00:00', '0000-00-00 00:00:00'),
	(356, 2, 2, 357, 1000.00, 1, '0000-00-00 00:00:00', '0000-00-00 00:00:00'),
	(357, 2, 2, 358, 1000.00, 1, '0000-00-00 00:00:00', '0000-00-00 00:00:00'),
	(358, 2, 2, 359, 1000.00, 1, '0000-00-00 00:00:00', '0000-00-00 00:00:00'),
	(359, 2, 2, 360, 1000.00, 1, '0000-00-00 00:00:00', '0000-00-00 00:00:00'),
	(360, 2, 2, 361, 1000.00, 1, '0000-00-00 00:00:00', '0000-00-00 00:00:00'),
	(361, 2, 2, 362, 1000.00, 1, '0000-00-00 00:00:00', '0000-00-00 00:00:00'),
	(362, 2, 2, 363, 1000.00, 1, '0000-00-00 00:00:00', '0000-00-00 00:00:00'),
	(363, 2, 2, 364, 1000.00, 1, '0000-00-00 00:00:00', '0000-00-00 00:00:00'),
	(364, 2, 2, 365, 1000.00, 1, '0000-00-00 00:00:00', '0000-00-00 00:00:00'),
	(365, 2, 2, 366, 1000.00, 1, '0000-00-00 00:00:00', '0000-00-00 00:00:00'),
	(366, 2, 2, 367, 1000.00, 1, '0000-00-00 00:00:00', '0000-00-00 00:00:00'),
	(367, 2, 2, 368, 1000.00, 1, '0000-00-00 00:00:00', '0000-00-00 00:00:00'),
	(368, 2, 2, 369, 1000.00, 1, '0000-00-00 00:00:00', '0000-00-00 00:00:00'),
	(369, 2, 2, 370, 1000.00, 1, '0000-00-00 00:00:00', '0000-00-00 00:00:00'),
	(370, 2, 2, 371, 1000.00, 1, '0000-00-00 00:00:00', '0000-00-00 00:00:00'),
	(371, 2, 2, 372, 1000.00, 1, '0000-00-00 00:00:00', '0000-00-00 00:00:00'),
	(372, 2, 2, 373, 1000.00, 1, '0000-00-00 00:00:00', '0000-00-00 00:00:00'),
	(373, 2, 2, 374, 1000.00, 1, '0000-00-00 00:00:00', '0000-00-00 00:00:00'),
	(374, 2, 2, 375, 1000.00, 1, '0000-00-00 00:00:00', '0000-00-00 00:00:00'),
	(375, 2, 2, 376, 1000.00, 1, '0000-00-00 00:00:00', '0000-00-00 00:00:00'),
	(376, 2, 2, 377, 1000.00, 1, '0000-00-00 00:00:00', '0000-00-00 00:00:00'),
	(377, 2, 2, 378, 1000.00, 1, '0000-00-00 00:00:00', '0000-00-00 00:00:00'),
	(378, 2, 2, 379, 1000.00, 1, '0000-00-00 00:00:00', '0000-00-00 00:00:00'),
	(379, 2, 2, 380, 1000.00, 1, '0000-00-00 00:00:00', '0000-00-00 00:00:00'),
	(380, 2, 2, 381, 1000.00, 1, '0000-00-00 00:00:00', '0000-00-00 00:00:00'),
	(381, 2, 2, 382, 1000.00, 1, '0000-00-00 00:00:00', '0000-00-00 00:00:00'),
	(382, 2, 2, 383, 1000.00, 1, '0000-00-00 00:00:00', '0000-00-00 00:00:00'),
	(383, 2, 2, 384, 1000.00, 1, '0000-00-00 00:00:00', '0000-00-00 00:00:00'),
	(384, 2, 2, 385, 1000.00, 1, '0000-00-00 00:00:00', '0000-00-00 00:00:00'),
	(385, 2, 2, 386, 1000.00, 1, '0000-00-00 00:00:00', '0000-00-00 00:00:00'),
	(386, 2, 2, 387, 1000.00, 1, '0000-00-00 00:00:00', '0000-00-00 00:00:00'),
	(387, 2, 2, 388, 1000.00, 1, '0000-00-00 00:00:00', '0000-00-00 00:00:00'),
	(388, 2, 2, 389, 1000.00, 1, '0000-00-00 00:00:00', '0000-00-00 00:00:00'),
	(389, 2, 2, 390, 1000.00, 1, '0000-00-00 00:00:00', '0000-00-00 00:00:00'),
	(390, 2, 2, 391, 1000.00, 1, '0000-00-00 00:00:00', '0000-00-00 00:00:00'),
	(391, 2, 2, 392, 1000.00, 1, '0000-00-00 00:00:00', '0000-00-00 00:00:00'),
	(392, 2, 2, 393, 1000.00, 1, '0000-00-00 00:00:00', '0000-00-00 00:00:00'),
	(393, 2, 2, 394, 1000.00, 1, '0000-00-00 00:00:00', '0000-00-00 00:00:00'),
	(394, 2, 2, 395, 1000.00, 1, '0000-00-00 00:00:00', '0000-00-00 00:00:00'),
	(395, 2, 2, 396, 1000.00, 1, '0000-00-00 00:00:00', '0000-00-00 00:00:00'),
	(396, 2, 2, 397, 1000.00, 1, '0000-00-00 00:00:00', '0000-00-00 00:00:00'),
	(397, 2, 2, 398, 1000.00, 1, '0000-00-00 00:00:00', '0000-00-00 00:00:00'),
	(398, 2, 2, 399, 1000.00, 1, '0000-00-00 00:00:00', '0000-00-00 00:00:00'),
	(399, 2, 2, 400, 1000.00, 1, '0000-00-00 00:00:00', '0000-00-00 00:00:00'),
	(400, 2, 2, 401, 1000.00, 1, '0000-00-00 00:00:00', '0000-00-00 00:00:00'),
	(401, 2, 2, 402, 1000.00, 1, '0000-00-00 00:00:00', '0000-00-00 00:00:00'),
	(402, 2, 2, 403, 1000.00, 1, '0000-00-00 00:00:00', '0000-00-00 00:00:00'),
	(403, 2, 2, 404, 1000.00, 1, '0000-00-00 00:00:00', '0000-00-00 00:00:00'),
	(404, 2, 2, 405, 1000.00, 1, '0000-00-00 00:00:00', '0000-00-00 00:00:00'),
	(405, 2, 2, 406, 1000.00, 1, '0000-00-00 00:00:00', '0000-00-00 00:00:00'),
	(406, 2, 2, 407, 1000.00, 1, '0000-00-00 00:00:00', '0000-00-00 00:00:00'),
	(407, 2, 2, 408, 1000.00, 1, '0000-00-00 00:00:00', '0000-00-00 00:00:00'),
	(408, 2, 2, 409, 1000.00, 1, '0000-00-00 00:00:00', '0000-00-00 00:00:00'),
	(409, 2, 2, 410, 1000.00, 1, '0000-00-00 00:00:00', '0000-00-00 00:00:00'),
	(410, 2, 2, 411, 1000.00, 1, '0000-00-00 00:00:00', '0000-00-00 00:00:00'),
	(411, 2, 2, 412, 1000.00, 1, '0000-00-00 00:00:00', '0000-00-00 00:00:00'),
	(412, 2, 2, 413, 1000.00, 1, '0000-00-00 00:00:00', '0000-00-00 00:00:00'),
	(413, 2, 2, 414, 1000.00, 1, '0000-00-00 00:00:00', '0000-00-00 00:00:00'),
	(414, 2, 2, 415, 999.00, 1, '0000-00-00 00:00:00', '2018-09-28 15:46:16'),
	(415, 2, 2, 416, 1000.00, 1, '0000-00-00 00:00:00', '0000-00-00 00:00:00'),
	(416, 2, 2, 417, 1000.00, 1, '0000-00-00 00:00:00', '0000-00-00 00:00:00'),
	(417, 2, 2, 418, 1000.00, 1, '0000-00-00 00:00:00', '0000-00-00 00:00:00'),
	(418, 2, 2, 419, 1000.00, 1, '0000-00-00 00:00:00', '0000-00-00 00:00:00'),
	(419, 2, 2, 420, 1000.00, 1, '0000-00-00 00:00:00', '0000-00-00 00:00:00'),
	(420, 2, 2, 422, 1000.00, 1, '0000-00-00 00:00:00', '0000-00-00 00:00:00'),
	(421, 2, 2, 423, 1000.00, 1, '0000-00-00 00:00:00', '0000-00-00 00:00:00'),
	(422, 2, 2, 424, 1000.00, 1, '0000-00-00 00:00:00', '0000-00-00 00:00:00'),
	(423, 2, 2, 425, 1000.00, 1, '0000-00-00 00:00:00', '0000-00-00 00:00:00'),
	(424, 2, 2, 426, 1000.00, 1, '0000-00-00 00:00:00', '0000-00-00 00:00:00'),
	(425, 2, 2, 427, 1000.00, 1, '0000-00-00 00:00:00', '0000-00-00 00:00:00'),
	(426, 2, 2, 428, 1000.00, 1, '0000-00-00 00:00:00', '0000-00-00 00:00:00'),
	(427, 2, 2, 429, 1000.00, 1, '0000-00-00 00:00:00', '0000-00-00 00:00:00'),
	(428, 2, 2, 430, 1000.00, 1, '0000-00-00 00:00:00', '0000-00-00 00:00:00'),
	(429, 2, 2, 431, 1000.00, 1, '0000-00-00 00:00:00', '0000-00-00 00:00:00'),
	(430, 2, 2, 432, 1000.00, 1, '0000-00-00 00:00:00', '0000-00-00 00:00:00'),
	(431, 2, 2, 433, 1000.00, 1, '0000-00-00 00:00:00', '0000-00-00 00:00:00'),
	(432, 2, 2, 434, 1000.00, 1, '0000-00-00 00:00:00', '0000-00-00 00:00:00'),
	(433, 2, 2, 435, 1000.00, 1, '0000-00-00 00:00:00', '0000-00-00 00:00:00'),
	(434, 2, 2, 436, 1000.00, 1, '0000-00-00 00:00:00', '0000-00-00 00:00:00'),
	(435, 2, 2, 437, 1000.00, 1, '0000-00-00 00:00:00', '0000-00-00 00:00:00'),
	(436, 2, 2, 438, 1000.00, 1, '0000-00-00 00:00:00', '0000-00-00 00:00:00'),
	(437, 2, 2, 439, 1000.00, 1, '0000-00-00 00:00:00', '0000-00-00 00:00:00'),
	(438, 2, 2, 440, 1000.00, 1, '0000-00-00 00:00:00', '0000-00-00 00:00:00'),
	(439, 2, 2, 441, 1000.00, 1, '0000-00-00 00:00:00', '0000-00-00 00:00:00'),
	(440, 2, 2, 442, 1000.00, 1, '0000-00-00 00:00:00', '0000-00-00 00:00:00'),
	(441, 2, 2, 443, 1000.00, 1, '0000-00-00 00:00:00', '0000-00-00 00:00:00'),
	(442, 2, 2, 444, 1000.00, 1, '0000-00-00 00:00:00', '0000-00-00 00:00:00'),
	(443, 2, 2, 445, 1000.00, 1, '0000-00-00 00:00:00', '0000-00-00 00:00:00'),
	(444, 2, 2, 446, 1000.00, 1, '0000-00-00 00:00:00', '0000-00-00 00:00:00'),
	(445, 2, 2, 447, 1000.00, 1, '0000-00-00 00:00:00', '0000-00-00 00:00:00'),
	(446, 2, 2, 448, 1000.00, 1, '0000-00-00 00:00:00', '0000-00-00 00:00:00'),
	(447, 2, 2, 449, 1000.00, 1, '0000-00-00 00:00:00', '0000-00-00 00:00:00'),
	(448, 2, 2, 450, 1000.00, 1, '0000-00-00 00:00:00', '0000-00-00 00:00:00'),
	(449, 2, 2, 451, 1000.00, 1, '0000-00-00 00:00:00', '0000-00-00 00:00:00'),
	(450, 2, 2, 452, 1000.00, 1, '0000-00-00 00:00:00', '0000-00-00 00:00:00'),
	(451, 2, 2, 453, 1000.00, 1, '0000-00-00 00:00:00', '0000-00-00 00:00:00'),
	(452, 2, 2, 454, 1000.00, 1, '0000-00-00 00:00:00', '0000-00-00 00:00:00'),
	(453, 2, 2, 455, 1000.00, 1, '0000-00-00 00:00:00', '0000-00-00 00:00:00'),
	(454, 2, 2, 456, 1000.00, 1, '0000-00-00 00:00:00', '0000-00-00 00:00:00'),
	(455, 2, 2, 457, 1000.00, 1, '0000-00-00 00:00:00', '0000-00-00 00:00:00'),
	(456, 2, 2, 458, 1000.00, 1, '0000-00-00 00:00:00', '0000-00-00 00:00:00'),
	(457, 2, 2, 459, 1000.00, 1, '0000-00-00 00:00:00', '0000-00-00 00:00:00'),
	(458, 2, 2, 460, 1000.00, 1, '0000-00-00 00:00:00', '0000-00-00 00:00:00'),
	(459, 2, 2, 461, 1000.00, 1, '0000-00-00 00:00:00', '0000-00-00 00:00:00'),
	(460, 2, 2, 462, 1000.00, 1, '0000-00-00 00:00:00', '0000-00-00 00:00:00'),
	(461, 2, 2, 463, 1000.00, 1, '0000-00-00 00:00:00', '0000-00-00 00:00:00'),
	(462, 2, 2, 464, 1000.00, 1, '0000-00-00 00:00:00', '0000-00-00 00:00:00'),
	(463, 2, 2, 465, 1000.00, 1, '0000-00-00 00:00:00', '0000-00-00 00:00:00'),
	(464, 2, 2, 466, 1000.00, 1, '0000-00-00 00:00:00', '0000-00-00 00:00:00'),
	(465, 2, 2, 467, 1000.00, 1, '0000-00-00 00:00:00', '0000-00-00 00:00:00'),
	(466, 2, 2, 468, 1000.00, 1, '0000-00-00 00:00:00', '0000-00-00 00:00:00'),
	(467, 2, 2, 469, 1000.00, 1, '0000-00-00 00:00:00', '0000-00-00 00:00:00'),
	(468, 2, 2, 470, 1000.00, 1, '0000-00-00 00:00:00', '0000-00-00 00:00:00'),
	(469, 2, 2, 471, 1000.00, 1, '0000-00-00 00:00:00', '0000-00-00 00:00:00'),
	(470, 2, 2, 472, 1000.00, 1, '0000-00-00 00:00:00', '0000-00-00 00:00:00'),
	(471, 2, 2, 473, 1000.00, 1, '0000-00-00 00:00:00', '0000-00-00 00:00:00'),
	(472, 2, 2, 474, 1000.00, 1, '0000-00-00 00:00:00', '0000-00-00 00:00:00'),
	(473, 2, 2, 475, 1000.00, 1, '0000-00-00 00:00:00', '0000-00-00 00:00:00'),
	(474, 2, 2, 476, 1000.00, 1, '0000-00-00 00:00:00', '0000-00-00 00:00:00'),
	(475, 2, 2, 477, 1000.00, 1, '0000-00-00 00:00:00', '0000-00-00 00:00:00'),
	(476, 2, 2, 478, 1000.00, 1, '0000-00-00 00:00:00', '0000-00-00 00:00:00'),
	(477, 2, 2, 479, 1000.00, 1, '0000-00-00 00:00:00', '0000-00-00 00:00:00'),
	(478, 2, 2, 480, 1000.00, 1, '0000-00-00 00:00:00', '0000-00-00 00:00:00'),
	(479, 2, 2, 481, 1000.00, 1, '0000-00-00 00:00:00', '0000-00-00 00:00:00'),
	(480, 2, 2, 482, 1000.00, 1, '0000-00-00 00:00:00', '0000-00-00 00:00:00'),
	(481, 2, 2, 483, 1000.00, 1, '0000-00-00 00:00:00', '0000-00-00 00:00:00'),
	(482, 2, 2, 484, 1000.00, 1, '0000-00-00 00:00:00', '0000-00-00 00:00:00'),
	(483, 2, 2, 485, 1000.00, 1, '0000-00-00 00:00:00', '0000-00-00 00:00:00'),
	(484, 2, 2, 486, 1000.00, 1, '0000-00-00 00:00:00', '0000-00-00 00:00:00'),
	(485, 2, 2, 487, 1000.00, 1, '0000-00-00 00:00:00', '0000-00-00 00:00:00'),
	(486, 2, 2, 488, 1000.00, 1, '0000-00-00 00:00:00', '0000-00-00 00:00:00'),
	(487, 2, 2, 489, 1000.00, 1, '0000-00-00 00:00:00', '0000-00-00 00:00:00'),
	(488, 2, 2, 490, 1000.00, 1, '0000-00-00 00:00:00', '0000-00-00 00:00:00'),
	(489, 2, 2, 491, 1000.00, 1, '0000-00-00 00:00:00', '0000-00-00 00:00:00'),
	(490, 2, 2, 492, 1000.00, 1, '0000-00-00 00:00:00', '0000-00-00 00:00:00'),
	(491, 2, 2, 493, 1000.00, 1, '0000-00-00 00:00:00', '0000-00-00 00:00:00'),
	(492, 2, 2, 494, 1000.00, 1, '0000-00-00 00:00:00', '0000-00-00 00:00:00'),
	(493, 2, 2, 495, 1000.00, 1, '0000-00-00 00:00:00', '0000-00-00 00:00:00'),
	(494, 2, 2, 496, 1000.00, 1, '0000-00-00 00:00:00', '0000-00-00 00:00:00'),
	(495, 2, 2, 497, 1000.00, 1, '0000-00-00 00:00:00', '0000-00-00 00:00:00'),
	(496, 2, 2, 498, 1000.00, 1, '0000-00-00 00:00:00', '0000-00-00 00:00:00'),
	(497, 2, 2, 499, 1000.00, 1, '0000-00-00 00:00:00', '0000-00-00 00:00:00'),
	(498, 2, 2, 500, 1000.00, 1, '0000-00-00 00:00:00', '0000-00-00 00:00:00'),
	(499, 2, 2, 501, 1000.00, 1, '0000-00-00 00:00:00', '0000-00-00 00:00:00'),
	(500, 2, 2, 502, 1000.00, 1, '0000-00-00 00:00:00', '0000-00-00 00:00:00'),
	(501, 2, 2, 503, 1000.00, 1, '0000-00-00 00:00:00', '0000-00-00 00:00:00'),
	(502, 2, 2, 504, 1000.00, 1, '0000-00-00 00:00:00', '0000-00-00 00:00:00'),
	(503, 2, 2, 505, 1000.00, 1, '0000-00-00 00:00:00', '2018-09-21 02:35:04'),
	(504, 2, 2, 506, 1000.00, 1, '0000-00-00 00:00:00', '0000-00-00 00:00:00'),
	(505, 2, 2, 507, 1000.00, 1, '0000-00-00 00:00:00', '0000-00-00 00:00:00'),
	(506, 2, 2, 508, 1000.00, 1, '0000-00-00 00:00:00', '0000-00-00 00:00:00'),
	(507, 2, 2, 509, 1000.00, 1, '0000-00-00 00:00:00', '0000-00-00 00:00:00'),
	(508, 2, 2, 510, 1000.00, 1, '0000-00-00 00:00:00', '2018-09-21 02:37:04'),
	(509, 2, 2, 511, 1000.00, 1, '0000-00-00 00:00:00', '0000-00-00 00:00:00'),
	(510, 2, 2, 512, 1000.00, 1, '0000-00-00 00:00:00', '0000-00-00 00:00:00'),
	(511, 2, 2, 513, 1000.00, 1, '0000-00-00 00:00:00', '0000-00-00 00:00:00'),
	(512, 2, 2, 514, 1000.00, 1, '0000-00-00 00:00:00', '2018-09-21 02:38:08'),
	(513, 2, 2, 515, 1000.00, 1, '0000-00-00 00:00:00', '0000-00-00 00:00:00'),
	(514, 2, 2, 516, 1000.00, 1, '0000-00-00 00:00:00', '0000-00-00 00:00:00'),
	(515, 2, 2, 517, 1000.00, 1, '0000-00-00 00:00:00', '0000-00-00 00:00:00'),
	(516, 2, 2, 518, 1000.00, 1, '0000-00-00 00:00:00', '0000-00-00 00:00:00'),
	(517, 2, 2, 519, 1000.00, 1, '0000-00-00 00:00:00', '0000-00-00 00:00:00'),
	(518, 2, 2, 520, 1000.00, 1, '0000-00-00 00:00:00', '0000-00-00 00:00:00'),
	(519, 2, 2, 521, 1000.00, 1, '0000-00-00 00:00:00', '0000-00-00 00:00:00'),
	(520, 2, 2, 522, 1000.00, 1, '0000-00-00 00:00:00', '0000-00-00 00:00:00'),
	(521, 2, 2, 523, 1000.00, 1, '0000-00-00 00:00:00', '0000-00-00 00:00:00'),
	(522, 2, 2, 524, 1000.00, 1, '0000-00-00 00:00:00', '2018-09-21 02:38:54'),
	(523, 2, 2, 525, 1000.00, 1, '0000-00-00 00:00:00', '0000-00-00 00:00:00'),
	(524, 2, 2, 526, 1000.00, 1, '0000-00-00 00:00:00', '0000-00-00 00:00:00'),
	(525, 2, 2, 527, 1000.00, 1, '0000-00-00 00:00:00', '0000-00-00 00:00:00'),
	(526, 2, 2, 528, 1000.00, 1, '0000-00-00 00:00:00', '0000-00-00 00:00:00'),
	(527, 2, 2, 529, 1000.00, 1, '0000-00-00 00:00:00', '0000-00-00 00:00:00'),
	(528, 2, 2, 530, 1000.00, 1, '0000-00-00 00:00:00', '0000-00-00 00:00:00'),
	(529, 2, 2, 531, 1000.00, 1, '0000-00-00 00:00:00', '0000-00-00 00:00:00'),
	(530, 2, 2, 532, 1000.00, 1, '0000-00-00 00:00:00', '0000-00-00 00:00:00'),
	(531, 2, 2, 533, 1000.00, 1, '0000-00-00 00:00:00', '0000-00-00 00:00:00'),
	(532, 2, 2, 534, 1000.00, 1, '0000-00-00 00:00:00', '0000-00-00 00:00:00'),
	(533, 2, 2, 535, 1000.00, 1, '0000-00-00 00:00:00', '0000-00-00 00:00:00'),
	(534, 2, 2, 536, 1000.00, 1, '0000-00-00 00:00:00', '0000-00-00 00:00:00'),
	(535, 2, 2, 537, 1000.00, 1, '0000-00-00 00:00:00', '0000-00-00 00:00:00'),
	(536, 2, 2, 538, 1000.00, 1, '0000-00-00 00:00:00', '0000-00-00 00:00:00'),
	(537, 2, 2, 539, 1000.00, 1, '0000-00-00 00:00:00', '0000-00-00 00:00:00'),
	(538, 2, 2, 540, 1000.00, 1, '0000-00-00 00:00:00', '0000-00-00 00:00:00'),
	(539, 2, 2, 541, 1000.00, 1, '0000-00-00 00:00:00', '0000-00-00 00:00:00'),
	(540, 2, 2, 542, 1000.00, 1, '0000-00-00 00:00:00', '0000-00-00 00:00:00'),
	(541, 2, 2, 543, 1000.00, 1, '0000-00-00 00:00:00', '0000-00-00 00:00:00'),
	(542, 2, 2, 544, 1000.00, 1, '0000-00-00 00:00:00', '0000-00-00 00:00:00'),
	(543, 2, 2, 545, 1000.00, 1, '0000-00-00 00:00:00', '0000-00-00 00:00:00'),
	(544, 2, 2, 546, 1000.00, 1, '0000-00-00 00:00:00', '0000-00-00 00:00:00'),
	(545, 2, 2, 547, 1000.00, 1, '0000-00-00 00:00:00', '0000-00-00 00:00:00'),
	(546, 2, 2, 548, 1000.00, 1, '0000-00-00 00:00:00', '0000-00-00 00:00:00'),
	(547, 2, 2, 549, 1000.00, 1, '0000-00-00 00:00:00', '0000-00-00 00:00:00'),
	(548, 2, 2, 550, 1000.00, 1, '0000-00-00 00:00:00', '0000-00-00 00:00:00'),
	(549, 2, 2, 551, 1000.00, 1, '0000-00-00 00:00:00', '0000-00-00 00:00:00'),
	(550, 2, 2, 552, 1000.00, 1, '0000-00-00 00:00:00', '0000-00-00 00:00:00'),
	(551, 2, 2, 553, 1000.00, 1, '0000-00-00 00:00:00', '0000-00-00 00:00:00'),
	(552, 2, 2, 554, 1000.00, 1, '0000-00-00 00:00:00', '0000-00-00 00:00:00'),
	(553, 2, 2, 555, 1000.00, 1, '0000-00-00 00:00:00', '0000-00-00 00:00:00'),
	(554, 2, 2, 556, 1000.00, 1, '0000-00-00 00:00:00', '0000-00-00 00:00:00'),
	(555, 2, 2, 557, 1000.00, 1, '0000-00-00 00:00:00', '0000-00-00 00:00:00'),
	(556, 2, 2, 558, 1000.00, 1, '0000-00-00 00:00:00', '0000-00-00 00:00:00'),
	(557, 2, 2, 559, 1000.00, 1, '0000-00-00 00:00:00', '0000-00-00 00:00:00'),
	(558, 2, 2, 560, 1000.00, 1, '0000-00-00 00:00:00', '0000-00-00 00:00:00'),
	(559, 2, 2, 561, 1000.00, 1, '0000-00-00 00:00:00', '0000-00-00 00:00:00'),
	(560, 2, 2, 562, 1000.00, 1, '0000-00-00 00:00:00', '0000-00-00 00:00:00'),
	(561, 2, 2, 563, 1000.00, 1, '0000-00-00 00:00:00', '0000-00-00 00:00:00'),
	(562, 2, 2, 564, 1000.00, 1, '0000-00-00 00:00:00', '0000-00-00 00:00:00'),
	(563, 2, 2, 565, 1000.00, 1, '0000-00-00 00:00:00', '0000-00-00 00:00:00'),
	(564, 2, 2, 566, 1000.00, 1, '0000-00-00 00:00:00', '0000-00-00 00:00:00'),
	(565, 2, 2, 567, 1000.00, 1, '0000-00-00 00:00:00', '0000-00-00 00:00:00'),
	(566, 2, 2, 568, 1000.00, 1, '0000-00-00 00:00:00', '0000-00-00 00:00:00'),
	(567, 2, 2, 569, 1000.00, 1, '0000-00-00 00:00:00', '0000-00-00 00:00:00'),
	(568, 2, 2, 570, 1000.00, 1, '0000-00-00 00:00:00', '0000-00-00 00:00:00'),
	(569, 2, 2, 571, 1000.00, 1, '0000-00-00 00:00:00', '0000-00-00 00:00:00'),
	(570, 2, 2, 572, 1000.00, 1, '0000-00-00 00:00:00', '0000-00-00 00:00:00'),
	(571, 2, 2, 574, 1000.00, 1, '0000-00-00 00:00:00', '0000-00-00 00:00:00'),
	(572, 2, 2, 575, 1000.00, 1, '0000-00-00 00:00:00', '0000-00-00 00:00:00'),
	(573, 2, 2, 576, 1000.00, 1, '0000-00-00 00:00:00', '0000-00-00 00:00:00'),
	(574, 2, 2, 577, 1000.00, 1, '0000-00-00 00:00:00', '0000-00-00 00:00:00'),
	(575, 2, 2, 578, 1000.00, 1, '0000-00-00 00:00:00', '0000-00-00 00:00:00'),
	(576, 2, 2, 579, 1000.00, 1, '0000-00-00 00:00:00', '0000-00-00 00:00:00'),
	(577, 2, 2, 580, 1000.00, 1, '0000-00-00 00:00:00', '0000-00-00 00:00:00'),
	(578, 2, 2, 581, 1000.00, 1, '0000-00-00 00:00:00', '0000-00-00 00:00:00'),
	(579, 2, 2, 582, 1000.00, 1, '0000-00-00 00:00:00', '0000-00-00 00:00:00'),
	(580, 2, 2, 583, 1000.00, 1, '0000-00-00 00:00:00', '0000-00-00 00:00:00'),
	(581, 2, 2, 584, 1000.00, 1, '0000-00-00 00:00:00', '0000-00-00 00:00:00'),
	(582, 2, 2, 585, 1000.00, 1, '0000-00-00 00:00:00', '0000-00-00 00:00:00'),
	(583, 2, 2, 586, 1000.00, 1, '0000-00-00 00:00:00', '0000-00-00 00:00:00'),
	(584, 2, 2, 587, 1000.00, 1, '0000-00-00 00:00:00', '0000-00-00 00:00:00'),
	(585, 2, 2, 588, 1000.00, 1, '0000-00-00 00:00:00', '0000-00-00 00:00:00'),
	(586, 2, 2, 589, 1000.00, 1, '0000-00-00 00:00:00', '0000-00-00 00:00:00'),
	(587, 2, 2, 590, 1000.00, 1, '0000-00-00 00:00:00', '0000-00-00 00:00:00'),
	(588, 2, 2, 591, 1000.00, 1, '0000-00-00 00:00:00', '0000-00-00 00:00:00'),
	(589, 2, 2, 592, 1000.00, 1, '0000-00-00 00:00:00', '0000-00-00 00:00:00'),
	(590, 2, 2, 593, 1000.00, 1, '0000-00-00 00:00:00', '0000-00-00 00:00:00'),
	(591, 2, 2, 594, 1000.00, 1, '0000-00-00 00:00:00', '0000-00-00 00:00:00'),
	(592, 2, 2, 595, 1000.00, 1, '0000-00-00 00:00:00', '0000-00-00 00:00:00'),
	(593, 2, 2, 596, 1000.00, 1, '0000-00-00 00:00:00', '0000-00-00 00:00:00'),
	(594, 2, 2, 597, 1000.00, 1, '0000-00-00 00:00:00', '0000-00-00 00:00:00'),
	(595, 2, 2, 598, 1000.00, 1, '0000-00-00 00:00:00', '0000-00-00 00:00:00'),
	(596, 2, 2, 599, 1000.00, 1, '0000-00-00 00:00:00', '0000-00-00 00:00:00'),
	(597, 2, 2, 600, 1000.00, 1, '0000-00-00 00:00:00', '0000-00-00 00:00:00'),
	(598, 2, 2, 601, 1000.00, 1, '0000-00-00 00:00:00', '0000-00-00 00:00:00'),
	(599, 2, 2, 602, 1000.00, 1, '0000-00-00 00:00:00', '0000-00-00 00:00:00'),
	(600, 2, 2, 603, 1000.00, 1, '0000-00-00 00:00:00', '0000-00-00 00:00:00'),
	(601, 2, 2, 604, 1000.00, 1, '0000-00-00 00:00:00', '0000-00-00 00:00:00'),
	(602, 2, 2, 605, 1000.00, 1, '0000-00-00 00:00:00', '0000-00-00 00:00:00'),
	(603, 2, 2, 606, 1000.00, 1, '0000-00-00 00:00:00', '0000-00-00 00:00:00'),
	(604, 2, 2, 607, 1000.00, 1, '0000-00-00 00:00:00', '0000-00-00 00:00:00'),
	(605, 2, 2, 608, 1000.00, 1, '0000-00-00 00:00:00', '0000-00-00 00:00:00'),
	(606, 2, 2, 609, 1000.00, 1, '0000-00-00 00:00:00', '0000-00-00 00:00:00'),
	(607, 2, 2, 610, 1000.00, 1, '0000-00-00 00:00:00', '0000-00-00 00:00:00'),
	(608, 2, 2, 611, 1000.00, 1, '0000-00-00 00:00:00', '0000-00-00 00:00:00'),
	(609, 2, 2, 612, 1000.00, 1, '0000-00-00 00:00:00', '0000-00-00 00:00:00'),
	(610, 2, 2, 613, 1000.00, 1, '0000-00-00 00:00:00', '0000-00-00 00:00:00'),
	(611, 2, 2, 614, 1000.00, 1, '0000-00-00 00:00:00', '0000-00-00 00:00:00'),
	(612, 2, 2, 615, 1000.00, 1, '0000-00-00 00:00:00', '0000-00-00 00:00:00'),
	(613, 2, 2, 616, 1000.00, 1, '0000-00-00 00:00:00', '0000-00-00 00:00:00'),
	(614, 2, 2, 617, 1000.00, 1, '0000-00-00 00:00:00', '0000-00-00 00:00:00'),
	(615, 2, 2, 618, 1000.00, 1, '0000-00-00 00:00:00', '0000-00-00 00:00:00'),
	(616, 2, 2, 619, 1000.00, 1, '0000-00-00 00:00:00', '0000-00-00 00:00:00'),
	(617, 2, 2, 620, 1000.00, 1, '0000-00-00 00:00:00', '0000-00-00 00:00:00'),
	(618, 2, 2, 621, 1000.00, 1, '0000-00-00 00:00:00', '0000-00-00 00:00:00'),
	(619, 2, 2, 622, 1000.00, 1, '0000-00-00 00:00:00', '0000-00-00 00:00:00'),
	(620, 2, 2, 623, 1000.00, 1, '0000-00-00 00:00:00', '0000-00-00 00:00:00'),
	(621, 2, 2, 624, 1000.00, 1, '0000-00-00 00:00:00', '0000-00-00 00:00:00'),
	(622, 2, 2, 625, 1000.00, 1, '0000-00-00 00:00:00', '0000-00-00 00:00:00'),
	(623, 2, 2, 626, 1000.00, 1, '0000-00-00 00:00:00', '0000-00-00 00:00:00'),
	(624, 2, 2, 627, 1000.00, 1, '0000-00-00 00:00:00', '0000-00-00 00:00:00'),
	(625, 2, 2, 628, 1000.00, 1, '0000-00-00 00:00:00', '0000-00-00 00:00:00'),
	(626, 2, 2, 629, 1000.00, 1, '0000-00-00 00:00:00', '0000-00-00 00:00:00'),
	(627, 2, 2, 630, 1000.00, 1, '0000-00-00 00:00:00', '0000-00-00 00:00:00'),
	(628, 2, 2, 631, 1000.00, 1, '0000-00-00 00:00:00', '0000-00-00 00:00:00'),
	(629, 2, 2, 632, 1000.00, 1, '0000-00-00 00:00:00', '0000-00-00 00:00:00'),
	(630, 2, 2, 633, 1000.00, 1, '0000-00-00 00:00:00', '0000-00-00 00:00:00'),
	(631, 2, 2, 634, 1000.00, 1, '0000-00-00 00:00:00', '0000-00-00 00:00:00'),
	(632, 2, 2, 635, 1000.00, 1, '0000-00-00 00:00:00', '0000-00-00 00:00:00'),
	(633, 2, 2, 636, 1000.00, 1, '0000-00-00 00:00:00', '0000-00-00 00:00:00'),
	(634, 2, 2, 637, 1000.00, 1, '0000-00-00 00:00:00', '2018-09-21 11:34:15'),
	(635, 2, 2, 638, 1000.00, 1, '0000-00-00 00:00:00', '0000-00-00 00:00:00'),
	(636, 2, 2, 639, 1000.00, 1, '0000-00-00 00:00:00', '0000-00-00 00:00:00'),
	(637, 2, 2, 640, 1000.00, 1, '0000-00-00 00:00:00', '0000-00-00 00:00:00'),
	(638, 2, 2, 641, 1000.00, 1, '0000-00-00 00:00:00', '0000-00-00 00:00:00'),
	(639, 2, 2, 642, 1000.00, 1, '0000-00-00 00:00:00', '0000-00-00 00:00:00'),
	(640, 2, 2, 643, 1000.00, 1, '0000-00-00 00:00:00', '0000-00-00 00:00:00'),
	(641, 2, 2, 644, 1000.00, 1, '0000-00-00 00:00:00', '0000-00-00 00:00:00'),
	(642, 2, 2, 645, 1000.00, 1, '0000-00-00 00:00:00', '0000-00-00 00:00:00'),
	(643, 3, 3, 646, 0.00, 1, '0000-00-00 00:00:00', '2018-08-24 09:59:41'),
	(644, 3, 3, 647, 0.00, 1, '0000-00-00 00:00:00', '2018-08-24 09:59:41'),
	(645, 2, 2, 648, 1000.00, 1, '0000-00-00 00:00:00', '0000-00-00 00:00:00'),
	(646, 2, 2, 651, 1000.00, 1, '0000-00-00 00:00:00', '0000-00-00 00:00:00'),
	(647, 2, 2, 652, 1000.00, 1, '0000-00-00 00:00:00', '0000-00-00 00:00:00'),
	(648, 2, 2, 653, 1000.00, 1, '0000-00-00 00:00:00', '0000-00-00 00:00:00'),
	(649, 3, 3, 655, 0.00, 1, '0000-00-00 00:00:00', '2018-08-24 09:59:41'),
	(650, 2, 2, 656, 1000.00, 1, '0000-00-00 00:00:00', '0000-00-00 00:00:00'),
	(651, 3, 3, 657, 0.00, 1, '0000-00-00 00:00:00', '2018-08-24 09:59:41'),
	(652, 2, 2, 658, 1000.00, 1, '0000-00-00 00:00:00', '0000-00-00 00:00:00'),
	(653, 2, 2, 659, 1000.00, 1, '0000-00-00 00:00:00', '0000-00-00 00:00:00'),
	(654, 3, 3, 668, 0.00, 1, '0000-00-00 00:00:00', '2018-08-24 09:59:41'),
	(655, 1, 1, 37, 1000.00, 1, '0000-00-00 00:00:00', '0000-00-00 00:00:00'),
	(656, 1, 1, 160, 997.00, 1, '0000-00-00 00:00:00', '2018-09-01 13:56:49'),
	(657, 1, 1, 161, 1000.00, 1, '0000-00-00 00:00:00', '2018-09-04 15:43:08'),
	(658, 1, 1, 162, 1000.00, 1, '0000-00-00 00:00:00', '0000-00-00 00:00:00'),
	(659, 1, 1, 163, 1000.00, 1, '0000-00-00 00:00:00', '0000-00-00 00:00:00'),
	(660, 1, 1, 164, 1000.00, 1, '0000-00-00 00:00:00', '0000-00-00 00:00:00'),
	(661, 1, 1, 165, 1000.00, 1, '0000-00-00 00:00:00', '0000-00-00 00:00:00'),
	(662, 1, 1, 166, 1000.00, 1, '0000-00-00 00:00:00', '0000-00-00 00:00:00'),
	(663, 1, 1, 167, 1000.00, 1, '0000-00-00 00:00:00', '0000-00-00 00:00:00'),
	(664, 1, 1, 168, 1000.00, 1, '0000-00-00 00:00:00', '0000-00-00 00:00:00'),
	(665, 1, 1, 186, 1000.00, 1, '0000-00-00 00:00:00', '0000-00-00 00:00:00'),
	(666, 1, 1, 187, 999.00, 1, '0000-00-00 00:00:00', '2018-09-27 15:43:15'),
	(667, 1, 1, 196, 1000.00, 1, '0000-00-00 00:00:00', '0000-00-00 00:00:00'),
	(670, 1, 1, 199, 1000.00, 1, '0000-00-00 00:00:00', '0000-00-00 00:00:00'),
	(671, 1, 1, 200, 1000.00, 1, '0000-00-00 00:00:00', '0000-00-00 00:00:00'),
	(672, 1, 1, 201, 1000.00, 1, '0000-00-00 00:00:00', '0000-00-00 00:00:00'),
	(673, 1, 1, 202, 1000.00, 1, '0000-00-00 00:00:00', '0000-00-00 00:00:00'),
	(674, 1, 1, 203, 1000.00, 1, '0000-00-00 00:00:00', '0000-00-00 00:00:00'),
	(675, 1, 1, 204, 1000.00, 1, '0000-00-00 00:00:00', '0000-00-00 00:00:00'),
	(676, 1, 1, 205, 1000.00, 1, '0000-00-00 00:00:00', '0000-00-00 00:00:00'),
	(677, 1, 1, 206, 1000.00, 1, '0000-00-00 00:00:00', '0000-00-00 00:00:00'),
	(678, 1, 1, 207, 1000.00, 1, '0000-00-00 00:00:00', '0000-00-00 00:00:00'),
	(679, 1, 1, 208, 1000.00, 1, '0000-00-00 00:00:00', '0000-00-00 00:00:00'),
	(680, 1, 1, 210, 1000.00, 1, '0000-00-00 00:00:00', '0000-00-00 00:00:00'),
	(681, 1, 1, 211, 1000.00, 1, '0000-00-00 00:00:00', '0000-00-00 00:00:00'),
	(682, 1, 1, 212, 1000.00, 1, '0000-00-00 00:00:00', '0000-00-00 00:00:00'),
	(683, 1, 1, 213, 1000.00, 1, '0000-00-00 00:00:00', '0000-00-00 00:00:00'),
	(684, 1, 1, 214, 1000.00, 1, '0000-00-00 00:00:00', '0000-00-00 00:00:00'),
	(685, 1, 1, 215, 1000.00, 1, '0000-00-00 00:00:00', '0000-00-00 00:00:00'),
	(686, 1, 1, 216, 1000.00, 1, '0000-00-00 00:00:00', '0000-00-00 00:00:00'),
	(687, 1, 1, 217, 1000.00, 1, '0000-00-00 00:00:00', '0000-00-00 00:00:00'),
	(688, 1, 1, 218, 1000.00, 1, '0000-00-00 00:00:00', '0000-00-00 00:00:00'),
	(689, 1, 1, 219, 1000.00, 1, '0000-00-00 00:00:00', '0000-00-00 00:00:00'),
	(690, 1, 1, 220, 1000.00, 1, '0000-00-00 00:00:00', '0000-00-00 00:00:00'),
	(691, 1, 1, 221, 1000.00, 1, '0000-00-00 00:00:00', '0000-00-00 00:00:00'),
	(692, 1, 1, 222, 1000.00, 1, '0000-00-00 00:00:00', '0000-00-00 00:00:00'),
	(693, 1, 1, 223, 1000.00, 1, '0000-00-00 00:00:00', '0000-00-00 00:00:00'),
	(694, 1, 1, 224, 1000.00, 1, '0000-00-00 00:00:00', '0000-00-00 00:00:00'),
	(695, 1, 1, 225, 1000.00, 1, '0000-00-00 00:00:00', '0000-00-00 00:00:00'),
	(696, 1, 1, 226, 1000.00, 1, '0000-00-00 00:00:00', '0000-00-00 00:00:00'),
	(697, 1, 1, 227, 1000.00, 1, '0000-00-00 00:00:00', '0000-00-00 00:00:00'),
	(698, 1, 1, 228, 1000.00, 1, '0000-00-00 00:00:00', '0000-00-00 00:00:00'),
	(699, 1, 1, 229, 1000.00, 1, '0000-00-00 00:00:00', '0000-00-00 00:00:00'),
	(700, 1, 1, 230, 1000.00, 1, '0000-00-00 00:00:00', '0000-00-00 00:00:00'),
	(701, 1, 1, 231, 1000.00, 1, '0000-00-00 00:00:00', '0000-00-00 00:00:00'),
	(702, 1, 1, 232, 1000.00, 1, '0000-00-00 00:00:00', '0000-00-00 00:00:00'),
	(703, 1, 1, 234, 1000.00, 1, '0000-00-00 00:00:00', '0000-00-00 00:00:00'),
	(704, 1, 1, 235, 1000.00, 1, '0000-00-00 00:00:00', '0000-00-00 00:00:00'),
	(705, 1, 1, 236, 1000.00, 1, '0000-00-00 00:00:00', '0000-00-00 00:00:00'),
	(706, 1, 1, 237, 1000.00, 1, '0000-00-00 00:00:00', '0000-00-00 00:00:00'),
	(707, 1, 1, 238, 1000.00, 1, '0000-00-00 00:00:00', '0000-00-00 00:00:00'),
	(708, 1, 1, 239, 1000.00, 1, '0000-00-00 00:00:00', '0000-00-00 00:00:00'),
	(709, 1, 1, 240, 1000.00, 1, '0000-00-00 00:00:00', '0000-00-00 00:00:00'),
	(710, 1, 1, 241, 1000.00, 1, '0000-00-00 00:00:00', '0000-00-00 00:00:00'),
	(711, 1, 1, 242, 1000.00, 1, '0000-00-00 00:00:00', '0000-00-00 00:00:00'),
	(712, 1, 1, 243, 1000.00, 1, '0000-00-00 00:00:00', '0000-00-00 00:00:00'),
	(713, 1, 1, 244, 1000.00, 1, '0000-00-00 00:00:00', '0000-00-00 00:00:00'),
	(714, 1, 1, 245, 1000.00, 1, '0000-00-00 00:00:00', '0000-00-00 00:00:00'),
	(715, 1, 1, 246, 1000.00, 1, '0000-00-00 00:00:00', '0000-00-00 00:00:00'),
	(716, 1, 1, 247, 1000.00, 1, '0000-00-00 00:00:00', '0000-00-00 00:00:00'),
	(717, 1, 1, 248, 1000.00, 1, '0000-00-00 00:00:00', '0000-00-00 00:00:00'),
	(718, 1, 1, 249, 1000.00, 1, '0000-00-00 00:00:00', '0000-00-00 00:00:00'),
	(719, 1, 1, 250, 1000.00, 1, '0000-00-00 00:00:00', '0000-00-00 00:00:00'),
	(720, 1, 1, 251, 1000.00, 1, '0000-00-00 00:00:00', '0000-00-00 00:00:00'),
	(721, 1, 1, 252, 1000.00, 1, '0000-00-00 00:00:00', '0000-00-00 00:00:00'),
	(722, 1, 1, 253, 1000.00, 1, '0000-00-00 00:00:00', '0000-00-00 00:00:00'),
	(723, 1, 1, 254, 1000.00, 1, '0000-00-00 00:00:00', '0000-00-00 00:00:00'),
	(724, 1, 1, 255, 1000.00, 1, '0000-00-00 00:00:00', '0000-00-00 00:00:00'),
	(725, 1, 1, 256, 1000.00, 1, '0000-00-00 00:00:00', '0000-00-00 00:00:00'),
	(726, 1, 1, 257, 1000.00, 1, '0000-00-00 00:00:00', '0000-00-00 00:00:00'),
	(727, 1, 1, 258, 1000.00, 1, '0000-00-00 00:00:00', '0000-00-00 00:00:00'),
	(728, 1, 1, 259, 1000.00, 1, '0000-00-00 00:00:00', '0000-00-00 00:00:00'),
	(729, 1, 1, 260, 1000.00, 1, '0000-00-00 00:00:00', '0000-00-00 00:00:00'),
	(730, 1, 1, 261, 1000.00, 1, '0000-00-00 00:00:00', '0000-00-00 00:00:00'),
	(731, 1, 1, 262, 1000.00, 1, '0000-00-00 00:00:00', '0000-00-00 00:00:00'),
	(732, 1, 1, 263, 1000.00, 1, '0000-00-00 00:00:00', '0000-00-00 00:00:00'),
	(733, 1, 1, 264, 1000.00, 1, '0000-00-00 00:00:00', '0000-00-00 00:00:00'),
	(734, 1, 1, 265, 1000.00, 1, '0000-00-00 00:00:00', '0000-00-00 00:00:00'),
	(735, 1, 1, 266, 1000.00, 1, '0000-00-00 00:00:00', '0000-00-00 00:00:00'),
	(736, 1, 1, 267, 1000.00, 1, '0000-00-00 00:00:00', '0000-00-00 00:00:00'),
	(737, 1, 1, 268, 1000.00, 1, '0000-00-00 00:00:00', '0000-00-00 00:00:00'),
	(738, 1, 1, 282, 1000.00, 1, '0000-00-00 00:00:00', '0000-00-00 00:00:00'),
	(739, 1, 1, 283, 1000.00, 1, '0000-00-00 00:00:00', '0000-00-00 00:00:00'),
	(740, 1, 1, 284, 1000.00, 1, '0000-00-00 00:00:00', '0000-00-00 00:00:00'),
	(741, 1, 1, 285, 1000.00, 1, '0000-00-00 00:00:00', '0000-00-00 00:00:00'),
	(742, 1, 1, 286, 1000.00, 1, '0000-00-00 00:00:00', '0000-00-00 00:00:00'),
	(743, 1, 1, 287, 1000.00, 1, '0000-00-00 00:00:00', '0000-00-00 00:00:00'),
	(744, 1, 1, 288, 1000.00, 1, '0000-00-00 00:00:00', '0000-00-00 00:00:00'),
	(745, 1, 1, 289, 1000.00, 1, '0000-00-00 00:00:00', '0000-00-00 00:00:00'),
	(746, 1, 1, 290, 1000.00, 1, '0000-00-00 00:00:00', '0000-00-00 00:00:00'),
	(747, 1, 1, 291, 1000.00, 1, '0000-00-00 00:00:00', '0000-00-00 00:00:00'),
	(748, 1, 1, 292, 1000.00, 1, '0000-00-00 00:00:00', '0000-00-00 00:00:00'),
	(749, 1, 1, 293, 1000.00, 1, '0000-00-00 00:00:00', '0000-00-00 00:00:00'),
	(750, 1, 1, 294, 1000.00, 1, '0000-00-00 00:00:00', '0000-00-00 00:00:00'),
	(751, 1, 1, 295, 1000.00, 1, '0000-00-00 00:00:00', '0000-00-00 00:00:00'),
	(752, 1, 1, 296, 999.00, 1, '0000-00-00 00:00:00', '2018-09-27 15:43:15'),
	(753, 1, 1, 297, 1000.00, 1, '0000-00-00 00:00:00', '0000-00-00 00:00:00'),
	(754, 1, 1, 298, 1000.00, 1, '0000-00-00 00:00:00', '0000-00-00 00:00:00'),
	(755, 1, 1, 299, 1000.00, 1, '0000-00-00 00:00:00', '0000-00-00 00:00:00'),
	(756, 1, 1, 300, 1000.00, 1, '0000-00-00 00:00:00', '0000-00-00 00:00:00'),
	(757, 1, 1, 301, 999.00, 1, '0000-00-00 00:00:00', '2018-09-27 15:43:15'),
	(758, 1, 1, 302, 1000.00, 1, '0000-00-00 00:00:00', '0000-00-00 00:00:00'),
	(759, 1, 1, 303, 1000.00, 1, '0000-00-00 00:00:00', '0000-00-00 00:00:00'),
	(760, 1, 1, 304, 1000.00, 1, '0000-00-00 00:00:00', '0000-00-00 00:00:00'),
	(761, 1, 1, 305, 1000.00, 1, '0000-00-00 00:00:00', '0000-00-00 00:00:00'),
	(762, 1, 1, 306, 1000.00, 1, '0000-00-00 00:00:00', '0000-00-00 00:00:00'),
	(763, 1, 1, 307, 1000.00, 1, '0000-00-00 00:00:00', '0000-00-00 00:00:00'),
	(764, 1, 1, 308, 1000.00, 1, '0000-00-00 00:00:00', '0000-00-00 00:00:00'),
	(765, 1, 1, 309, 1000.00, 1, '0000-00-00 00:00:00', '0000-00-00 00:00:00'),
	(766, 1, 1, 310, 1000.00, 1, '0000-00-00 00:00:00', '0000-00-00 00:00:00'),
	(767, 1, 1, 311, 1000.00, 1, '0000-00-00 00:00:00', '0000-00-00 00:00:00'),
	(768, 1, 1, 312, 1000.00, 1, '0000-00-00 00:00:00', '0000-00-00 00:00:00'),
	(769, 1, 1, 313, 1000.00, 1, '0000-00-00 00:00:00', '0000-00-00 00:00:00'),
	(770, 1, 1, 314, 1000.00, 1, '0000-00-00 00:00:00', '0000-00-00 00:00:00'),
	(771, 1, 1, 315, 1000.00, 1, '0000-00-00 00:00:00', '0000-00-00 00:00:00'),
	(772, 1, 1, 316, 1000.00, 1, '0000-00-00 00:00:00', '0000-00-00 00:00:00'),
	(773, 1, 1, 317, 1000.00, 1, '0000-00-00 00:00:00', '0000-00-00 00:00:00'),
	(774, 1, 1, 318, 1000.00, 1, '0000-00-00 00:00:00', '0000-00-00 00:00:00'),
	(775, 1, 1, 319, 1000.00, 1, '0000-00-00 00:00:00', '0000-00-00 00:00:00'),
	(776, 1, 1, 320, 1000.00, 1, '0000-00-00 00:00:00', '0000-00-00 00:00:00'),
	(777, 1, 1, 321, 1000.00, 1, '0000-00-00 00:00:00', '0000-00-00 00:00:00'),
	(778, 1, 1, 322, 1000.00, 1, '0000-00-00 00:00:00', '0000-00-00 00:00:00'),
	(779, 1, 1, 323, 1000.00, 1, '0000-00-00 00:00:00', '0000-00-00 00:00:00'),
	(780, 1, 1, 324, 1000.00, 1, '0000-00-00 00:00:00', '0000-00-00 00:00:00'),
	(781, 1, 1, 325, 1000.00, 1, '0000-00-00 00:00:00', '0000-00-00 00:00:00'),
	(782, 1, 1, 326, 1000.00, 1, '0000-00-00 00:00:00', '0000-00-00 00:00:00'),
	(783, 1, 1, 327, 1000.00, 1, '0000-00-00 00:00:00', '0000-00-00 00:00:00'),
	(784, 1, 1, 328, 1000.00, 1, '0000-00-00 00:00:00', '0000-00-00 00:00:00'),
	(785, 1, 1, 329, 1000.00, 1, '0000-00-00 00:00:00', '0000-00-00 00:00:00'),
	(786, 1, 1, 330, 1000.00, 1, '0000-00-00 00:00:00', '0000-00-00 00:00:00'),
	(787, 1, 1, 331, 1000.00, 1, '0000-00-00 00:00:00', '0000-00-00 00:00:00'),
	(788, 1, 1, 332, 1000.00, 1, '0000-00-00 00:00:00', '0000-00-00 00:00:00'),
	(789, 1, 1, 333, 1000.00, 1, '0000-00-00 00:00:00', '0000-00-00 00:00:00'),
	(790, 1, 1, 334, 1000.00, 1, '0000-00-00 00:00:00', '0000-00-00 00:00:00'),
	(791, 1, 1, 335, 1000.00, 1, '0000-00-00 00:00:00', '0000-00-00 00:00:00'),
	(792, 1, 1, 336, 1000.00, 1, '0000-00-00 00:00:00', '0000-00-00 00:00:00'),
	(793, 1, 1, 337, 1000.00, 1, '0000-00-00 00:00:00', '0000-00-00 00:00:00'),
	(794, 1, 1, 338, 1000.00, 1, '0000-00-00 00:00:00', '0000-00-00 00:00:00'),
	(795, 1, 1, 339, 1000.00, 1, '0000-00-00 00:00:00', '0000-00-00 00:00:00'),
	(796, 1, 1, 340, 1000.00, 1, '0000-00-00 00:00:00', '0000-00-00 00:00:00'),
	(797, 1, 1, 341, 1000.00, 1, '0000-00-00 00:00:00', '0000-00-00 00:00:00'),
	(798, 1, 1, 342, 1000.00, 1, '0000-00-00 00:00:00', '0000-00-00 00:00:00'),
	(799, 1, 1, 343, 1000.00, 1, '0000-00-00 00:00:00', '0000-00-00 00:00:00'),
	(800, 1, 1, 344, 1000.00, 1, '0000-00-00 00:00:00', '0000-00-00 00:00:00'),
	(801, 1, 1, 345, 1000.00, 1, '0000-00-00 00:00:00', '0000-00-00 00:00:00'),
	(802, 1, 1, 346, 1000.00, 1, '0000-00-00 00:00:00', '0000-00-00 00:00:00'),
	(803, 1, 1, 347, 1000.00, 1, '0000-00-00 00:00:00', '0000-00-00 00:00:00'),
	(804, 1, 1, 348, 1000.00, 1, '0000-00-00 00:00:00', '0000-00-00 00:00:00'),
	(805, 1, 1, 349, 1000.00, 1, '0000-00-00 00:00:00', '0000-00-00 00:00:00'),
	(806, 1, 1, 350, 1000.00, 1, '0000-00-00 00:00:00', '0000-00-00 00:00:00'),
	(807, 1, 1, 351, 1000.00, 1, '0000-00-00 00:00:00', '0000-00-00 00:00:00'),
	(808, 1, 1, 352, 1000.00, 1, '0000-00-00 00:00:00', '0000-00-00 00:00:00'),
	(809, 1, 1, 353, 1000.00, 1, '0000-00-00 00:00:00', '0000-00-00 00:00:00'),
	(810, 1, 1, 354, 1000.00, 1, '0000-00-00 00:00:00', '0000-00-00 00:00:00'),
	(811, 1, 1, 355, 1000.00, 1, '0000-00-00 00:00:00', '0000-00-00 00:00:00'),
	(812, 1, 1, 356, 1000.00, 1, '0000-00-00 00:00:00', '0000-00-00 00:00:00'),
	(813, 1, 1, 357, 1000.00, 1, '0000-00-00 00:00:00', '0000-00-00 00:00:00'),
	(814, 1, 1, 358, 1000.00, 1, '0000-00-00 00:00:00', '0000-00-00 00:00:00'),
	(815, 1, 1, 359, 1000.00, 1, '0000-00-00 00:00:00', '0000-00-00 00:00:00'),
	(816, 1, 1, 360, 1000.00, 1, '0000-00-00 00:00:00', '0000-00-00 00:00:00'),
	(817, 1, 1, 361, 1000.00, 1, '0000-00-00 00:00:00', '0000-00-00 00:00:00'),
	(818, 1, 1, 362, 1000.00, 1, '0000-00-00 00:00:00', '0000-00-00 00:00:00'),
	(819, 1, 1, 363, 1000.00, 1, '0000-00-00 00:00:00', '0000-00-00 00:00:00'),
	(820, 1, 1, 364, 1000.00, 1, '0000-00-00 00:00:00', '0000-00-00 00:00:00'),
	(821, 1, 1, 365, 1000.00, 1, '0000-00-00 00:00:00', '0000-00-00 00:00:00'),
	(822, 1, 1, 366, 1000.00, 1, '0000-00-00 00:00:00', '0000-00-00 00:00:00'),
	(823, 1, 1, 367, 1000.00, 1, '0000-00-00 00:00:00', '0000-00-00 00:00:00'),
	(824, 1, 1, 368, 1000.00, 1, '0000-00-00 00:00:00', '0000-00-00 00:00:00'),
	(825, 1, 1, 369, 1000.00, 1, '0000-00-00 00:00:00', '0000-00-00 00:00:00'),
	(826, 1, 1, 370, 1000.00, 1, '0000-00-00 00:00:00', '0000-00-00 00:00:00'),
	(827, 1, 1, 371, 1000.00, 1, '0000-00-00 00:00:00', '0000-00-00 00:00:00'),
	(828, 1, 1, 372, 1000.00, 1, '0000-00-00 00:00:00', '0000-00-00 00:00:00'),
	(829, 1, 1, 373, 1000.00, 1, '0000-00-00 00:00:00', '0000-00-00 00:00:00'),
	(830, 1, 1, 374, 1000.00, 1, '0000-00-00 00:00:00', '0000-00-00 00:00:00'),
	(831, 1, 1, 375, 1000.00, 1, '0000-00-00 00:00:00', '0000-00-00 00:00:00'),
	(832, 1, 1, 376, 1000.00, 1, '0000-00-00 00:00:00', '0000-00-00 00:00:00'),
	(833, 1, 1, 377, 1000.00, 1, '0000-00-00 00:00:00', '0000-00-00 00:00:00'),
	(834, 1, 1, 378, 1000.00, 1, '0000-00-00 00:00:00', '0000-00-00 00:00:00'),
	(835, 1, 1, 379, 1000.00, 1, '0000-00-00 00:00:00', '0000-00-00 00:00:00'),
	(836, 1, 1, 380, 1000.00, 1, '0000-00-00 00:00:00', '0000-00-00 00:00:00'),
	(837, 1, 1, 381, 1000.00, 1, '0000-00-00 00:00:00', '0000-00-00 00:00:00'),
	(838, 1, 1, 382, 1000.00, 1, '0000-00-00 00:00:00', '0000-00-00 00:00:00'),
	(839, 1, 1, 383, 1000.00, 1, '0000-00-00 00:00:00', '0000-00-00 00:00:00'),
	(840, 1, 1, 384, 1000.00, 1, '0000-00-00 00:00:00', '0000-00-00 00:00:00'),
	(841, 1, 1, 385, 1000.00, 1, '0000-00-00 00:00:00', '0000-00-00 00:00:00'),
	(842, 1, 1, 386, 1000.00, 1, '0000-00-00 00:00:00', '0000-00-00 00:00:00'),
	(843, 1, 1, 387, 1000.00, 1, '0000-00-00 00:00:00', '0000-00-00 00:00:00'),
	(844, 1, 1, 388, 1000.00, 1, '0000-00-00 00:00:00', '0000-00-00 00:00:00'),
	(845, 1, 1, 389, 1000.00, 1, '0000-00-00 00:00:00', '0000-00-00 00:00:00'),
	(846, 1, 1, 390, 1000.00, 1, '0000-00-00 00:00:00', '0000-00-00 00:00:00'),
	(847, 1, 1, 391, 1000.00, 1, '0000-00-00 00:00:00', '0000-00-00 00:00:00'),
	(848, 1, 1, 392, 1000.00, 1, '0000-00-00 00:00:00', '0000-00-00 00:00:00'),
	(849, 1, 1, 393, 1000.00, 1, '0000-00-00 00:00:00', '0000-00-00 00:00:00'),
	(850, 1, 1, 394, 1000.00, 1, '0000-00-00 00:00:00', '0000-00-00 00:00:00'),
	(851, 1, 1, 395, 1000.00, 1, '0000-00-00 00:00:00', '0000-00-00 00:00:00'),
	(852, 1, 1, 396, 998.00, 1, '0000-00-00 00:00:00', '2018-09-27 15:43:15'),
	(853, 1, 1, 397, 1000.00, 1, '0000-00-00 00:00:00', '0000-00-00 00:00:00'),
	(854, 1, 1, 398, 1000.00, 1, '0000-00-00 00:00:00', '0000-00-00 00:00:00'),
	(855, 1, 1, 399, 1000.00, 1, '0000-00-00 00:00:00', '0000-00-00 00:00:00'),
	(856, 1, 1, 400, 1000.00, 1, '0000-00-00 00:00:00', '0000-00-00 00:00:00'),
	(857, 1, 1, 401, 1000.00, 1, '0000-00-00 00:00:00', '0000-00-00 00:00:00'),
	(858, 1, 1, 402, 1000.00, 1, '0000-00-00 00:00:00', '0000-00-00 00:00:00'),
	(859, 1, 1, 403, 1000.00, 1, '0000-00-00 00:00:00', '0000-00-00 00:00:00'),
	(860, 1, 1, 404, 1000.00, 1, '0000-00-00 00:00:00', '0000-00-00 00:00:00'),
	(861, 1, 1, 405, 1000.00, 1, '0000-00-00 00:00:00', '0000-00-00 00:00:00'),
	(862, 1, 1, 406, 1000.00, 1, '0000-00-00 00:00:00', '0000-00-00 00:00:00'),
	(863, 1, 1, 407, 1000.00, 1, '0000-00-00 00:00:00', '0000-00-00 00:00:00'),
	(864, 1, 1, 408, 1000.00, 1, '0000-00-00 00:00:00', '0000-00-00 00:00:00'),
	(865, 1, 1, 409, 1000.00, 1, '0000-00-00 00:00:00', '0000-00-00 00:00:00'),
	(866, 1, 1, 410, 1000.00, 1, '0000-00-00 00:00:00', '0000-00-00 00:00:00'),
	(867, 1, 1, 411, 1000.00, 1, '0000-00-00 00:00:00', '0000-00-00 00:00:00'),
	(868, 1, 1, 412, 1000.00, 1, '0000-00-00 00:00:00', '0000-00-00 00:00:00'),
	(869, 1, 1, 413, 1000.00, 1, '0000-00-00 00:00:00', '0000-00-00 00:00:00'),
	(870, 1, 1, 414, 1000.00, 1, '0000-00-00 00:00:00', '0000-00-00 00:00:00'),
	(871, 1, 1, 415, 1000.00, 1, '0000-00-00 00:00:00', '0000-00-00 00:00:00'),
	(872, 1, 1, 416, 1000.00, 1, '0000-00-00 00:00:00', '0000-00-00 00:00:00'),
	(873, 1, 1, 417, 1000.00, 1, '0000-00-00 00:00:00', '0000-00-00 00:00:00'),
	(874, 1, 1, 418, 1000.00, 1, '0000-00-00 00:00:00', '0000-00-00 00:00:00'),
	(875, 1, 1, 419, 1000.00, 1, '0000-00-00 00:00:00', '0000-00-00 00:00:00'),
	(876, 1, 1, 420, 1000.00, 1, '0000-00-00 00:00:00', '0000-00-00 00:00:00'),
	(877, 1, 1, 422, 1000.00, 1, '0000-00-00 00:00:00', '0000-00-00 00:00:00'),
	(878, 1, 1, 423, 1000.00, 1, '0000-00-00 00:00:00', '0000-00-00 00:00:00'),
	(879, 1, 1, 424, 1000.00, 1, '0000-00-00 00:00:00', '0000-00-00 00:00:00'),
	(880, 1, 1, 425, 1000.00, 1, '0000-00-00 00:00:00', '0000-00-00 00:00:00'),
	(881, 1, 1, 426, 1000.00, 1, '0000-00-00 00:00:00', '0000-00-00 00:00:00'),
	(882, 1, 1, 427, 1000.00, 1, '0000-00-00 00:00:00', '0000-00-00 00:00:00'),
	(883, 1, 1, 428, 1000.00, 1, '0000-00-00 00:00:00', '0000-00-00 00:00:00'),
	(884, 1, 1, 429, 1000.00, 1, '0000-00-00 00:00:00', '0000-00-00 00:00:00'),
	(885, 1, 1, 430, 1000.00, 1, '0000-00-00 00:00:00', '0000-00-00 00:00:00'),
	(886, 1, 1, 431, 1000.00, 1, '0000-00-00 00:00:00', '0000-00-00 00:00:00'),
	(887, 1, 1, 432, 1000.00, 1, '0000-00-00 00:00:00', '0000-00-00 00:00:00'),
	(888, 1, 1, 433, 1000.00, 1, '0000-00-00 00:00:00', '0000-00-00 00:00:00'),
	(889, 1, 1, 434, 1000.00, 1, '0000-00-00 00:00:00', '0000-00-00 00:00:00'),
	(890, 1, 1, 435, 1000.00, 1, '0000-00-00 00:00:00', '0000-00-00 00:00:00'),
	(891, 1, 1, 436, 1000.00, 1, '0000-00-00 00:00:00', '0000-00-00 00:00:00'),
	(892, 1, 1, 437, 1000.00, 1, '0000-00-00 00:00:00', '0000-00-00 00:00:00'),
	(893, 1, 1, 438, 1000.00, 1, '0000-00-00 00:00:00', '0000-00-00 00:00:00'),
	(894, 1, 1, 439, 1000.00, 1, '0000-00-00 00:00:00', '0000-00-00 00:00:00'),
	(895, 1, 1, 440, 1000.00, 1, '0000-00-00 00:00:00', '0000-00-00 00:00:00'),
	(896, 1, 1, 441, 1000.00, 1, '0000-00-00 00:00:00', '0000-00-00 00:00:00'),
	(897, 1, 1, 442, 1000.00, 1, '0000-00-00 00:00:00', '0000-00-00 00:00:00'),
	(898, 1, 1, 443, 1000.00, 1, '0000-00-00 00:00:00', '0000-00-00 00:00:00'),
	(899, 1, 1, 444, 1000.00, 1, '0000-00-00 00:00:00', '0000-00-00 00:00:00'),
	(900, 1, 1, 445, 1000.00, 1, '0000-00-00 00:00:00', '0000-00-00 00:00:00'),
	(901, 1, 1, 446, 1000.00, 1, '0000-00-00 00:00:00', '0000-00-00 00:00:00'),
	(902, 1, 1, 447, 1000.00, 1, '0000-00-00 00:00:00', '0000-00-00 00:00:00'),
	(903, 1, 1, 448, 1000.00, 1, '0000-00-00 00:00:00', '0000-00-00 00:00:00'),
	(904, 1, 1, 449, 1000.00, 1, '0000-00-00 00:00:00', '0000-00-00 00:00:00'),
	(905, 1, 1, 450, 1000.00, 1, '0000-00-00 00:00:00', '0000-00-00 00:00:00'),
	(906, 1, 1, 451, 1000.00, 1, '0000-00-00 00:00:00', '0000-00-00 00:00:00'),
	(907, 1, 1, 452, 1000.00, 1, '0000-00-00 00:00:00', '0000-00-00 00:00:00'),
	(908, 1, 1, 453, 1000.00, 1, '0000-00-00 00:00:00', '0000-00-00 00:00:00'),
	(909, 1, 1, 454, 1000.00, 1, '0000-00-00 00:00:00', '0000-00-00 00:00:00'),
	(910, 1, 1, 455, 1000.00, 1, '0000-00-00 00:00:00', '0000-00-00 00:00:00'),
	(911, 1, 1, 456, 1000.00, 1, '0000-00-00 00:00:00', '0000-00-00 00:00:00'),
	(912, 1, 1, 457, 1000.00, 1, '0000-00-00 00:00:00', '0000-00-00 00:00:00'),
	(913, 1, 1, 458, 1000.00, 1, '0000-00-00 00:00:00', '0000-00-00 00:00:00'),
	(914, 1, 1, 459, 1000.00, 1, '0000-00-00 00:00:00', '0000-00-00 00:00:00'),
	(915, 1, 1, 460, 1000.00, 1, '0000-00-00 00:00:00', '0000-00-00 00:00:00'),
	(916, 1, 1, 461, 1000.00, 1, '0000-00-00 00:00:00', '0000-00-00 00:00:00'),
	(917, 1, 1, 462, 1000.00, 1, '0000-00-00 00:00:00', '0000-00-00 00:00:00'),
	(918, 1, 1, 463, 1000.00, 1, '0000-00-00 00:00:00', '0000-00-00 00:00:00'),
	(919, 1, 1, 464, 1000.00, 1, '0000-00-00 00:00:00', '0000-00-00 00:00:00'),
	(920, 1, 1, 465, 1000.00, 1, '0000-00-00 00:00:00', '0000-00-00 00:00:00'),
	(921, 1, 1, 466, 1000.00, 1, '0000-00-00 00:00:00', '0000-00-00 00:00:00'),
	(922, 1, 1, 467, 1000.00, 1, '0000-00-00 00:00:00', '0000-00-00 00:00:00'),
	(923, 1, 1, 468, 1000.00, 1, '0000-00-00 00:00:00', '0000-00-00 00:00:00'),
	(924, 1, 1, 469, 1000.00, 1, '0000-00-00 00:00:00', '0000-00-00 00:00:00'),
	(925, 1, 1, 470, 1000.00, 1, '0000-00-00 00:00:00', '0000-00-00 00:00:00'),
	(926, 1, 1, 471, 1000.00, 1, '0000-00-00 00:00:00', '0000-00-00 00:00:00'),
	(927, 1, 1, 472, 1000.00, 1, '0000-00-00 00:00:00', '0000-00-00 00:00:00'),
	(928, 1, 1, 473, 1000.00, 1, '0000-00-00 00:00:00', '0000-00-00 00:00:00'),
	(929, 1, 1, 474, 1000.00, 1, '0000-00-00 00:00:00', '0000-00-00 00:00:00'),
	(930, 1, 1, 475, 1000.00, 1, '0000-00-00 00:00:00', '0000-00-00 00:00:00'),
	(931, 1, 1, 476, 1000.00, 1, '0000-00-00 00:00:00', '0000-00-00 00:00:00'),
	(932, 1, 1, 477, 1000.00, 1, '0000-00-00 00:00:00', '0000-00-00 00:00:00'),
	(933, 1, 1, 478, 1000.00, 1, '0000-00-00 00:00:00', '0000-00-00 00:00:00'),
	(934, 1, 1, 479, 1000.00, 1, '0000-00-00 00:00:00', '0000-00-00 00:00:00'),
	(935, 1, 1, 480, 1000.00, 1, '0000-00-00 00:00:00', '0000-00-00 00:00:00'),
	(936, 1, 1, 481, 1000.00, 1, '0000-00-00 00:00:00', '0000-00-00 00:00:00'),
	(937, 1, 1, 482, 1000.00, 1, '0000-00-00 00:00:00', '0000-00-00 00:00:00'),
	(938, 1, 1, 483, 1000.00, 1, '0000-00-00 00:00:00', '0000-00-00 00:00:00'),
	(939, 1, 1, 484, 1000.00, 1, '0000-00-00 00:00:00', '0000-00-00 00:00:00'),
	(940, 1, 1, 485, 1000.00, 1, '0000-00-00 00:00:00', '0000-00-00 00:00:00'),
	(941, 1, 1, 486, 1000.00, 1, '0000-00-00 00:00:00', '0000-00-00 00:00:00'),
	(942, 1, 1, 487, 1000.00, 1, '0000-00-00 00:00:00', '0000-00-00 00:00:00'),
	(943, 1, 1, 488, 1000.00, 1, '0000-00-00 00:00:00', '0000-00-00 00:00:00'),
	(944, 1, 1, 489, 1000.00, 1, '0000-00-00 00:00:00', '0000-00-00 00:00:00'),
	(945, 1, 1, 490, 1000.00, 1, '0000-00-00 00:00:00', '0000-00-00 00:00:00'),
	(946, 1, 1, 491, 1000.00, 1, '0000-00-00 00:00:00', '0000-00-00 00:00:00'),
	(947, 1, 1, 492, 1000.00, 1, '0000-00-00 00:00:00', '0000-00-00 00:00:00'),
	(948, 1, 1, 493, 1000.00, 1, '0000-00-00 00:00:00', '0000-00-00 00:00:00'),
	(949, 1, 1, 494, 1000.00, 1, '0000-00-00 00:00:00', '0000-00-00 00:00:00'),
	(950, 1, 1, 495, 1000.00, 1, '0000-00-00 00:00:00', '0000-00-00 00:00:00'),
	(951, 1, 1, 496, 1000.00, 1, '0000-00-00 00:00:00', '0000-00-00 00:00:00'),
	(952, 1, 1, 497, 1000.00, 1, '0000-00-00 00:00:00', '0000-00-00 00:00:00'),
	(953, 1, 1, 498, 1000.00, 1, '0000-00-00 00:00:00', '0000-00-00 00:00:00'),
	(954, 1, 1, 499, 1000.00, 1, '0000-00-00 00:00:00', '0000-00-00 00:00:00'),
	(955, 1, 1, 500, 1000.00, 1, '0000-00-00 00:00:00', '0000-00-00 00:00:00'),
	(956, 1, 1, 501, 1000.00, 1, '0000-00-00 00:00:00', '0000-00-00 00:00:00'),
	(957, 1, 1, 502, 1000.00, 1, '0000-00-00 00:00:00', '0000-00-00 00:00:00'),
	(958, 1, 1, 503, 1000.00, 1, '0000-00-00 00:00:00', '0000-00-00 00:00:00'),
	(959, 1, 1, 504, 1000.00, 1, '0000-00-00 00:00:00', '0000-00-00 00:00:00'),
	(960, 1, 1, 505, 1000.00, 1, '0000-00-00 00:00:00', '0000-00-00 00:00:00'),
	(961, 1, 1, 506, 1000.00, 1, '0000-00-00 00:00:00', '0000-00-00 00:00:00'),
	(962, 1, 1, 507, 1000.00, 1, '0000-00-00 00:00:00', '0000-00-00 00:00:00'),
	(963, 1, 1, 508, 1000.00, 1, '0000-00-00 00:00:00', '0000-00-00 00:00:00'),
	(964, 1, 1, 509, 1000.00, 1, '0000-00-00 00:00:00', '0000-00-00 00:00:00'),
	(965, 1, 1, 510, 1000.00, 1, '0000-00-00 00:00:00', '0000-00-00 00:00:00'),
	(966, 1, 1, 511, 1000.00, 1, '0000-00-00 00:00:00', '0000-00-00 00:00:00'),
	(967, 1, 1, 512, 1000.00, 1, '0000-00-00 00:00:00', '0000-00-00 00:00:00'),
	(968, 1, 1, 513, 1000.00, 1, '0000-00-00 00:00:00', '0000-00-00 00:00:00'),
	(969, 1, 1, 514, 1000.00, 1, '0000-00-00 00:00:00', '0000-00-00 00:00:00'),
	(970, 1, 1, 515, 1000.00, 1, '0000-00-00 00:00:00', '0000-00-00 00:00:00'),
	(971, 1, 1, 516, 1000.00, 1, '0000-00-00 00:00:00', '0000-00-00 00:00:00'),
	(972, 1, 1, 517, 1000.00, 1, '0000-00-00 00:00:00', '0000-00-00 00:00:00'),
	(973, 1, 1, 518, 1000.00, 1, '0000-00-00 00:00:00', '0000-00-00 00:00:00'),
	(974, 1, 1, 519, 1000.00, 1, '0000-00-00 00:00:00', '0000-00-00 00:00:00'),
	(975, 1, 1, 520, 1000.00, 1, '0000-00-00 00:00:00', '0000-00-00 00:00:00'),
	(976, 1, 1, 521, 1000.00, 1, '0000-00-00 00:00:00', '0000-00-00 00:00:00'),
	(977, 1, 1, 522, 1000.00, 1, '0000-00-00 00:00:00', '0000-00-00 00:00:00'),
	(978, 1, 1, 523, 1000.00, 1, '0000-00-00 00:00:00', '0000-00-00 00:00:00'),
	(979, 1, 1, 524, 1000.00, 1, '0000-00-00 00:00:00', '0000-00-00 00:00:00'),
	(980, 1, 1, 525, 1000.00, 1, '0000-00-00 00:00:00', '0000-00-00 00:00:00'),
	(981, 1, 1, 526, 1000.00, 1, '0000-00-00 00:00:00', '0000-00-00 00:00:00'),
	(982, 1, 1, 527, 1000.00, 1, '0000-00-00 00:00:00', '0000-00-00 00:00:00'),
	(983, 1, 1, 528, 1000.00, 1, '0000-00-00 00:00:00', '0000-00-00 00:00:00'),
	(984, 1, 1, 529, 1000.00, 1, '0000-00-00 00:00:00', '0000-00-00 00:00:00'),
	(985, 1, 1, 530, 1000.00, 1, '0000-00-00 00:00:00', '0000-00-00 00:00:00'),
	(986, 1, 1, 531, 1000.00, 1, '0000-00-00 00:00:00', '0000-00-00 00:00:00'),
	(987, 1, 1, 532, 1000.00, 1, '0000-00-00 00:00:00', '0000-00-00 00:00:00'),
	(988, 1, 1, 533, 1000.00, 1, '0000-00-00 00:00:00', '0000-00-00 00:00:00'),
	(989, 1, 1, 534, 1000.00, 1, '0000-00-00 00:00:00', '0000-00-00 00:00:00'),
	(990, 1, 1, 535, 1000.00, 1, '0000-00-00 00:00:00', '0000-00-00 00:00:00'),
	(991, 1, 1, 536, 1000.00, 1, '0000-00-00 00:00:00', '0000-00-00 00:00:00'),
	(992, 1, 1, 537, 1000.00, 1, '0000-00-00 00:00:00', '0000-00-00 00:00:00'),
	(993, 1, 1, 538, 1000.00, 1, '0000-00-00 00:00:00', '0000-00-00 00:00:00'),
	(994, 1, 1, 539, 1000.00, 1, '0000-00-00 00:00:00', '0000-00-00 00:00:00'),
	(995, 1, 1, 540, 1000.00, 1, '0000-00-00 00:00:00', '0000-00-00 00:00:00'),
	(996, 1, 1, 541, 1000.00, 1, '0000-00-00 00:00:00', '0000-00-00 00:00:00'),
	(997, 1, 1, 542, 1000.00, 1, '0000-00-00 00:00:00', '0000-00-00 00:00:00'),
	(998, 1, 1, 543, 1000.00, 1, '0000-00-00 00:00:00', '0000-00-00 00:00:00'),
	(999, 1, 1, 544, 1000.00, 1, '0000-00-00 00:00:00', '0000-00-00 00:00:00'),
	(1000, 1, 1, 545, 1000.00, 1, '0000-00-00 00:00:00', '0000-00-00 00:00:00'),
	(1001, 1, 1, 546, 1000.00, 1, '0000-00-00 00:00:00', '0000-00-00 00:00:00'),
	(1002, 1, 1, 547, 1000.00, 1, '0000-00-00 00:00:00', '0000-00-00 00:00:00'),
	(1003, 1, 1, 548, 1000.00, 1, '0000-00-00 00:00:00', '0000-00-00 00:00:00'),
	(1004, 1, 1, 549, 1000.00, 1, '0000-00-00 00:00:00', '0000-00-00 00:00:00'),
	(1005, 1, 1, 550, 1000.00, 1, '0000-00-00 00:00:00', '0000-00-00 00:00:00'),
	(1006, 1, 1, 551, 1000.00, 1, '0000-00-00 00:00:00', '0000-00-00 00:00:00'),
	(1007, 1, 1, 552, 1000.00, 1, '0000-00-00 00:00:00', '0000-00-00 00:00:00'),
	(1008, 1, 1, 553, 1000.00, 1, '0000-00-00 00:00:00', '0000-00-00 00:00:00'),
	(1009, 1, 1, 554, 1000.00, 1, '0000-00-00 00:00:00', '0000-00-00 00:00:00'),
	(1010, 1, 1, 555, 1000.00, 1, '0000-00-00 00:00:00', '0000-00-00 00:00:00'),
	(1011, 1, 1, 556, 1000.00, 1, '0000-00-00 00:00:00', '0000-00-00 00:00:00'),
	(1012, 1, 1, 557, 1000.00, 1, '0000-00-00 00:00:00', '0000-00-00 00:00:00'),
	(1013, 1, 1, 558, 1000.00, 1, '0000-00-00 00:00:00', '0000-00-00 00:00:00'),
	(1014, 1, 1, 559, 1000.00, 1, '0000-00-00 00:00:00', '0000-00-00 00:00:00'),
	(1015, 1, 1, 560, 1000.00, 1, '0000-00-00 00:00:00', '0000-00-00 00:00:00'),
	(1016, 1, 1, 561, 1000.00, 1, '0000-00-00 00:00:00', '0000-00-00 00:00:00'),
	(1017, 1, 1, 562, 1000.00, 1, '0000-00-00 00:00:00', '0000-00-00 00:00:00'),
	(1018, 1, 1, 563, 1000.00, 1, '0000-00-00 00:00:00', '0000-00-00 00:00:00'),
	(1019, 1, 1, 564, 1000.00, 1, '0000-00-00 00:00:00', '0000-00-00 00:00:00'),
	(1020, 1, 1, 565, 1000.00, 1, '0000-00-00 00:00:00', '0000-00-00 00:00:00'),
	(1021, 1, 1, 566, 1000.00, 1, '0000-00-00 00:00:00', '0000-00-00 00:00:00'),
	(1022, 1, 1, 567, 1000.00, 1, '0000-00-00 00:00:00', '0000-00-00 00:00:00'),
	(1023, 1, 1, 568, 1000.00, 1, '0000-00-00 00:00:00', '0000-00-00 00:00:00'),
	(1024, 1, 1, 569, 1000.00, 1, '0000-00-00 00:00:00', '0000-00-00 00:00:00'),
	(1025, 1, 1, 570, 1000.00, 1, '0000-00-00 00:00:00', '0000-00-00 00:00:00'),
	(1026, 1, 1, 571, 1000.00, 1, '0000-00-00 00:00:00', '0000-00-00 00:00:00'),
	(1027, 1, 1, 572, 1000.00, 1, '0000-00-00 00:00:00', '0000-00-00 00:00:00'),
	(1028, 1, 1, 574, 1000.00, 1, '0000-00-00 00:00:00', '0000-00-00 00:00:00'),
	(1029, 1, 1, 575, 1000.00, 1, '0000-00-00 00:00:00', '0000-00-00 00:00:00'),
	(1030, 1, 1, 576, 1000.00, 1, '0000-00-00 00:00:00', '0000-00-00 00:00:00'),
	(1031, 1, 1, 577, 1000.00, 1, '0000-00-00 00:00:00', '0000-00-00 00:00:00'),
	(1032, 1, 1, 578, 1000.00, 1, '0000-00-00 00:00:00', '0000-00-00 00:00:00'),
	(1033, 1, 1, 579, 1000.00, 1, '0000-00-00 00:00:00', '0000-00-00 00:00:00'),
	(1034, 1, 1, 580, 1000.00, 1, '0000-00-00 00:00:00', '0000-00-00 00:00:00'),
	(1035, 1, 1, 581, 1000.00, 1, '0000-00-00 00:00:00', '0000-00-00 00:00:00'),
	(1036, 1, 1, 582, 1000.00, 1, '0000-00-00 00:00:00', '0000-00-00 00:00:00'),
	(1037, 1, 1, 583, 1000.00, 1, '0000-00-00 00:00:00', '0000-00-00 00:00:00'),
	(1038, 1, 1, 584, 1000.00, 1, '0000-00-00 00:00:00', '0000-00-00 00:00:00'),
	(1039, 1, 1, 585, 1000.00, 1, '0000-00-00 00:00:00', '0000-00-00 00:00:00'),
	(1040, 1, 1, 586, 1000.00, 1, '0000-00-00 00:00:00', '0000-00-00 00:00:00'),
	(1041, 1, 1, 587, 1000.00, 1, '0000-00-00 00:00:00', '0000-00-00 00:00:00'),
	(1042, 1, 1, 588, 1000.00, 1, '0000-00-00 00:00:00', '0000-00-00 00:00:00'),
	(1043, 1, 1, 589, 1000.00, 1, '0000-00-00 00:00:00', '0000-00-00 00:00:00'),
	(1044, 1, 1, 590, 1000.00, 1, '0000-00-00 00:00:00', '0000-00-00 00:00:00'),
	(1045, 1, 1, 591, 1000.00, 1, '0000-00-00 00:00:00', '0000-00-00 00:00:00'),
	(1046, 1, 1, 592, 1000.00, 1, '0000-00-00 00:00:00', '0000-00-00 00:00:00'),
	(1047, 1, 1, 593, 1000.00, 1, '0000-00-00 00:00:00', '0000-00-00 00:00:00'),
	(1048, 1, 1, 594, 1000.00, 1, '0000-00-00 00:00:00', '0000-00-00 00:00:00'),
	(1049, 1, 1, 595, 1000.00, 1, '0000-00-00 00:00:00', '0000-00-00 00:00:00'),
	(1050, 1, 1, 596, 1000.00, 1, '0000-00-00 00:00:00', '0000-00-00 00:00:00'),
	(1051, 1, 1, 597, 1000.00, 1, '0000-00-00 00:00:00', '0000-00-00 00:00:00'),
	(1052, 1, 1, 598, 1000.00, 1, '0000-00-00 00:00:00', '0000-00-00 00:00:00'),
	(1053, 1, 1, 599, 1000.00, 1, '0000-00-00 00:00:00', '0000-00-00 00:00:00'),
	(1054, 1, 1, 600, 1000.00, 1, '0000-00-00 00:00:00', '0000-00-00 00:00:00'),
	(1055, 1, 1, 601, 1000.00, 1, '0000-00-00 00:00:00', '0000-00-00 00:00:00'),
	(1056, 1, 1, 602, 1000.00, 1, '0000-00-00 00:00:00', '0000-00-00 00:00:00'),
	(1057, 1, 1, 603, 1000.00, 1, '0000-00-00 00:00:00', '0000-00-00 00:00:00'),
	(1058, 1, 1, 604, 1000.00, 1, '0000-00-00 00:00:00', '0000-00-00 00:00:00'),
	(1059, 1, 1, 605, 1000.00, 1, '0000-00-00 00:00:00', '0000-00-00 00:00:00'),
	(1060, 1, 1, 606, 1000.00, 1, '0000-00-00 00:00:00', '0000-00-00 00:00:00'),
	(1061, 1, 1, 607, 1000.00, 1, '0000-00-00 00:00:00', '0000-00-00 00:00:00'),
	(1062, 1, 1, 608, 1000.00, 1, '0000-00-00 00:00:00', '0000-00-00 00:00:00'),
	(1063, 1, 1, 609, 1000.00, 1, '0000-00-00 00:00:00', '0000-00-00 00:00:00'),
	(1064, 1, 1, 610, 1000.00, 1, '0000-00-00 00:00:00', '0000-00-00 00:00:00'),
	(1065, 1, 1, 611, 1000.00, 1, '0000-00-00 00:00:00', '0000-00-00 00:00:00'),
	(1066, 1, 1, 612, 1000.00, 1, '0000-00-00 00:00:00', '0000-00-00 00:00:00'),
	(1067, 1, 1, 613, 1000.00, 1, '0000-00-00 00:00:00', '0000-00-00 00:00:00'),
	(1068, 1, 1, 614, 1000.00, 1, '0000-00-00 00:00:00', '0000-00-00 00:00:00'),
	(1069, 1, 1, 615, 1000.00, 1, '0000-00-00 00:00:00', '0000-00-00 00:00:00'),
	(1070, 1, 1, 616, 1000.00, 1, '0000-00-00 00:00:00', '0000-00-00 00:00:00'),
	(1071, 1, 1, 617, 1000.00, 1, '0000-00-00 00:00:00', '0000-00-00 00:00:00'),
	(1072, 1, 1, 618, 1000.00, 1, '0000-00-00 00:00:00', '0000-00-00 00:00:00'),
	(1073, 1, 1, 619, 1000.00, 1, '0000-00-00 00:00:00', '0000-00-00 00:00:00'),
	(1074, 1, 1, 620, 1000.00, 1, '0000-00-00 00:00:00', '0000-00-00 00:00:00'),
	(1075, 1, 1, 621, 1000.00, 1, '0000-00-00 00:00:00', '0000-00-00 00:00:00'),
	(1076, 1, 1, 622, 1000.00, 1, '0000-00-00 00:00:00', '0000-00-00 00:00:00'),
	(1077, 1, 1, 623, 1000.00, 1, '0000-00-00 00:00:00', '0000-00-00 00:00:00'),
	(1078, 1, 1, 624, 1000.00, 1, '0000-00-00 00:00:00', '0000-00-00 00:00:00'),
	(1079, 1, 1, 625, 1000.00, 1, '0000-00-00 00:00:00', '0000-00-00 00:00:00'),
	(1080, 1, 1, 626, 1000.00, 1, '0000-00-00 00:00:00', '0000-00-00 00:00:00'),
	(1081, 1, 1, 627, 1000.00, 1, '0000-00-00 00:00:00', '0000-00-00 00:00:00'),
	(1082, 1, 1, 628, 1000.00, 1, '0000-00-00 00:00:00', '0000-00-00 00:00:00'),
	(1083, 1, 1, 629, 1000.00, 1, '0000-00-00 00:00:00', '0000-00-00 00:00:00'),
	(1084, 1, 1, 630, 1000.00, 1, '0000-00-00 00:00:00', '0000-00-00 00:00:00'),
	(1085, 1, 1, 631, 1000.00, 1, '0000-00-00 00:00:00', '0000-00-00 00:00:00'),
	(1086, 1, 1, 632, 1000.00, 1, '0000-00-00 00:00:00', '0000-00-00 00:00:00'),
	(1087, 1, 1, 633, 1000.00, 1, '0000-00-00 00:00:00', '0000-00-00 00:00:00'),
	(1088, 1, 1, 634, 1000.00, 1, '0000-00-00 00:00:00', '0000-00-00 00:00:00'),
	(1089, 1, 1, 635, 1000.00, 1, '0000-00-00 00:00:00', '0000-00-00 00:00:00'),
	(1090, 1, 1, 636, 1000.00, 1, '0000-00-00 00:00:00', '0000-00-00 00:00:00'),
	(1091, 1, 1, 637, 1000.00, 1, '0000-00-00 00:00:00', '0000-00-00 00:00:00'),
	(1092, 1, 1, 638, 1000.00, 1, '0000-00-00 00:00:00', '0000-00-00 00:00:00'),
	(1093, 1, 1, 639, 1000.00, 1, '0000-00-00 00:00:00', '0000-00-00 00:00:00'),
	(1094, 1, 1, 640, 1000.00, 1, '0000-00-00 00:00:00', '0000-00-00 00:00:00'),
	(1095, 1, 1, 641, 1000.00, 1, '0000-00-00 00:00:00', '0000-00-00 00:00:00'),
	(1096, 1, 1, 642, 1000.00, 1, '0000-00-00 00:00:00', '0000-00-00 00:00:00'),
	(1097, 1, 1, 643, 1000.00, 1, '0000-00-00 00:00:00', '0000-00-00 00:00:00'),
	(1098, 1, 1, 644, 1000.00, 1, '0000-00-00 00:00:00', '0000-00-00 00:00:00'),
	(1099, 1, 1, 645, 1000.00, 1, '0000-00-00 00:00:00', '0000-00-00 00:00:00'),
	(1100, 1, 1, 648, 1000.00, 1, '0000-00-00 00:00:00', '0000-00-00 00:00:00'),
	(1101, 1, 1, 651, 1000.00, 1, '0000-00-00 00:00:00', '0000-00-00 00:00:00'),
	(1102, 1, 1, 652, 1000.00, 1, '0000-00-00 00:00:00', '0000-00-00 00:00:00'),
	(1103, 1, 1, 653, 1000.00, 1, '0000-00-00 00:00:00', '0000-00-00 00:00:00'),
	(1104, 1, 1, 656, 1000.00, 1, '0000-00-00 00:00:00', '0000-00-00 00:00:00'),
	(1105, 1, 1, 658, 1000.00, 1, '0000-00-00 00:00:00', '0000-00-00 00:00:00'),
	(1106, 1, 1, 659, 1000.00, 1, '0000-00-00 00:00:00', '0000-00-00 00:00:00'),
	(1107, 4, 4, 187, 1.00, 0, '2018-09-27 15:43:15', '2018-09-27 15:43:15'),
	(1108, 4, 4, 396, 2.00, 0, '2018-09-27 15:43:15', '2018-09-27 15:43:15'),
	(1109, 4, 4, 296, 1.00, 0, '2018-09-27 15:43:15', '2018-09-27 15:43:15'),
	(1110, 4, 4, 301, 1.00, 0, '2018-09-27 15:43:15', '2018-09-27 15:43:15'),
	(1111, 4, 5, 415, 1.00, 0, '2018-09-28 15:46:16', '2018-09-28 15:46:16'),
	(1112, 4, 5, 296, 150.00, 0, '2018-09-28 15:59:23', '2018-09-28 15:59:23'),
	(1113, 4, 5, 301, 200.00, 0, '2018-09-28 15:59:23', '2018-09-28 15:59:23'),
	(1114, 4, 5, 300, 150.00, 0, '2018-09-28 15:59:23', '2018-09-28 15:59:23'),
	(1115, 4, 5, 297, 100.00, 0, '2018-09-28 15:59:23', '2018-09-28 15:59:23'),
	(1116, 4, 5, 350, 10.00, 0, '2018-09-28 15:59:23', '2018-09-28 15:59:23'),
	(1117, 3, 3, 671, 0.00, 1, '2018-09-29 06:28:58', '2018-09-29 01:30:21');
/*!40000 ALTER TABLE `d_stock` ENABLE KEYS */;

-- Dumping structure for table bisnis_tamma.d_stock_mutation
CREATE TABLE IF NOT EXISTS `d_stock_mutation` (
  `sm_stock` bigint(20) NOT NULL,
  `sm_detailid` tinyint(4) NOT NULL,
  `sm_date` datetime DEFAULT NULL,
  `sm_comp` int(11) DEFAULT NULL COMMENT '1: G. Bahan Baku | 2:G.Produksi |3: G.Grosir | 11: G. Retail',
  `sm_position` int(11) DEFAULT NULL,
  `sm_mutcat` tinyint(4) DEFAULT NULL,
  `sm_item` int(11) DEFAULT NULL,
  `sm_qty` decimal(10,2) DEFAULT '0.00',
  `sm_qty_used` decimal(10,2) DEFAULT '0.00',
  `sm_qty_sisa` decimal(10,2) DEFAULT '0.00',
  `sm_qty_expired` decimal(10,2) DEFAULT '0.00',
  `sm_detail` varchar(255) DEFAULT NULL,
  `sm_hpp` decimal(10,2) DEFAULT '0.00',
  `sm_sell` decimal(10,2) DEFAULT '0.00',
  `sm_reff` varchar(50) DEFAULT NULL,
  `sm_insert` datetime DEFAULT NULL,
  `sm_update` datetime DEFAULT NULL,
  PRIMARY KEY (`sm_detailid`,`sm_stock`),
  KEY `FK_d_stock_mutation_d_gudangcabang` (`sm_comp`),
  KEY `FK_d_stock_mutation_d_stock` (`sm_stock`),
  KEY `FK_d_stock_mutation_d_stock_mutcat` (`sm_mutcat`),
  CONSTRAINT `FK_d_stock_mutation_d_gudangcabang` FOREIGN KEY (`sm_comp`) REFERENCES `d_gudangcabang` (`cg_id`),
  CONSTRAINT `FK_d_stock_mutation_d_stock` FOREIGN KEY (`sm_stock`) REFERENCES `d_stock` (`s_id`),
  CONSTRAINT `FK_d_stock_mutation_d_stock_mutcat` FOREIGN KEY (`sm_mutcat`) REFERENCES `d_stock_mutcat` (`smc_id`)
) ENGINE=InnoDB DEFAULT CHARSET=latin1 ROW_FORMAT=COMPACT;

-- Dumping data for table bisnis_tamma.d_stock_mutation: ~1.133 rows (approximately)
DELETE FROM `d_stock_mutation`;
/*!40000 ALTER TABLE `d_stock_mutation` DISABLE KEYS */;
INSERT INTO `d_stock_mutation` (`sm_stock`, `sm_detailid`, `sm_date`, `sm_comp`, `sm_position`, `sm_mutcat`, `sm_item`, `sm_qty`, `sm_qty_used`, `sm_qty_sisa`, `sm_qty_expired`, `sm_detail`, `sm_hpp`, `sm_sell`, `sm_reff`, `sm_insert`, `sm_update`) VALUES
	(1, 1, '2018-08-24 09:59:41', 3, 3, 6, 1, 0.00, 0.00, 0.00, 0.00, 'PENAMBAHAN', 0.00, 0.00, 'OD0809041', '2018-08-24 09:59:41', '0000-00-00 00:00:00'),
	(2, 1, '2018-08-24 09:59:42', 3, 3, 6, 2, 0.00, 0.00, 0.00, 0.00, 'PENAMBAHAN', 0.00, 0.00, 'OD0809041', '2018-08-24 09:59:42', '0000-00-00 00:00:00'),
	(3, 1, '2018-08-24 09:59:43', 3, 3, 6, 3, 0.00, 0.00, 0.00, 0.00, 'PENAMBAHAN', 0.00, 0.00, 'OD0809041', '2018-08-24 09:59:43', '0000-00-00 00:00:00'),
	(4, 1, '2018-08-24 09:59:44', 3, 3, 6, 4, 0.00, 0.00, 0.00, 0.00, 'PENAMBAHAN', 0.00, 0.00, 'OD0809041', '2018-08-24 09:59:44', '0000-00-00 00:00:00'),
	(5, 1, '2018-08-24 09:59:45', 3, 3, 6, 5, 0.00, 0.00, 0.00, 0.00, 'PENAMBAHAN', 0.00, 0.00, 'OD0809041', '2018-08-24 09:59:45', '0000-00-00 00:00:00'),
	(6, 1, '2018-08-24 09:59:46', 3, 3, 6, 6, 0.00, 0.00, 0.00, 0.00, 'PENAMBAHAN', 0.00, 0.00, 'OD0809041', '2018-08-24 09:59:46', '0000-00-00 00:00:00'),
	(7, 1, '2018-08-24 09:59:47', 3, 3, 6, 7, 0.00, 0.00, 0.00, 0.00, 'PENAMBAHAN', 0.00, 0.00, 'OD0809041', '2018-08-24 09:59:41', '0000-00-00 00:00:00'),
	(8, 1, '2018-08-24 09:59:48', 3, 3, 6, 8, 0.00, 0.00, 0.00, 0.00, 'PENAMBAHAN', 0.00, 0.00, 'OD0809041', '2018-08-24 09:59:42', '0000-00-00 00:00:00'),
	(9, 1, '2018-08-24 09:59:49', 3, 3, 6, 9, 0.00, 0.00, 0.00, 0.00, 'PENAMBAHAN', 0.00, 0.00, 'OD0809041', '2018-08-24 09:59:43', '0000-00-00 00:00:00'),
	(10, 1, '2018-08-24 09:59:50', 3, 3, 6, 10, 0.00, 0.00, 0.00, 0.00, 'PENAMBAHAN', 0.00, 0.00, 'OD0809041', '2018-08-24 09:59:44', '0000-00-00 00:00:00'),
	(11, 1, '2018-08-24 09:59:51', 3, 3, 6, 11, 0.00, 0.00, 0.00, 0.00, 'PENAMBAHAN', 0.00, 0.00, 'OD0809041', '2018-08-24 09:59:45', '0000-00-00 00:00:00'),
	(12, 1, '2018-08-24 09:59:52', 3, 3, 6, 12, 0.00, 0.00, 0.00, 0.00, 'PENAMBAHAN', 0.00, 0.00, 'OD0809041', '2018-08-24 09:59:46', '0000-00-00 00:00:00'),
	(13, 1, '2018-08-24 09:59:53', 3, 3, 6, 13, 0.00, 0.00, 0.00, 0.00, 'PENAMBAHAN', 0.00, 0.00, 'OD0809041', '2018-08-24 09:59:41', '0000-00-00 00:00:00'),
	(14, 1, '2018-08-24 09:59:54', 3, 3, 6, 14, 0.00, 0.00, 0.00, 0.00, 'PENAMBAHAN', 0.00, 0.00, 'OD0809041', '2018-08-24 09:59:42', '0000-00-00 00:00:00'),
	(15, 1, '2018-08-24 09:59:55', 3, 3, 6, 15, 0.00, 0.00, 0.00, 0.00, 'PENAMBAHAN', 0.00, 0.00, 'OD0809041', '2018-08-24 09:59:43', '0000-00-00 00:00:00'),
	(16, 1, '2018-08-24 09:59:56', 3, 3, 6, 16, 0.00, 0.00, 0.00, 0.00, 'PENAMBAHAN', 0.00, 0.00, 'OD0809041', '2018-08-24 09:59:44', '0000-00-00 00:00:00'),
	(17, 1, '2018-08-24 09:59:57', 3, 3, 6, 17, 0.00, 0.00, 0.00, 0.00, 'PENAMBAHAN', 0.00, 0.00, 'OD0809041', '2018-08-24 09:59:45', '0000-00-00 00:00:00'),
	(18, 1, '2018-08-24 09:59:58', 3, 3, 6, 18, 0.00, 0.00, 0.00, 0.00, 'PENAMBAHAN', 0.00, 0.00, 'OD0809041', '2018-08-24 09:59:46', '0000-00-00 00:00:00'),
	(19, 1, '2018-08-24 09:59:59', 3, 3, 6, 19, 0.00, 0.00, 0.00, 0.00, 'PENAMBAHAN', 0.00, 0.00, 'OD0809041', '2018-08-24 09:59:41', '0000-00-00 00:00:00'),
	(20, 1, '0000-00-00 00:00:00', 3, 3, 6, 20, 0.00, 0.00, 0.00, 0.00, 'PENAMBAHAN', 0.00, 0.00, 'OD0809041', '2018-08-24 09:59:42', '0000-00-00 00:00:00'),
	(21, 1, '0000-00-00 00:00:00', 3, 3, 6, 21, 0.00, 0.00, 0.00, 0.00, 'PENAMBAHAN', 0.00, 0.00, 'OD0809041', '2018-08-24 09:59:43', '0000-00-00 00:00:00'),
	(22, 1, '0000-00-00 00:00:00', 3, 3, 6, 22, 0.00, 0.00, 0.00, 0.00, 'PENAMBAHAN', 0.00, 0.00, 'OD0809041', '2018-08-24 09:59:44', '0000-00-00 00:00:00'),
	(23, 1, '0000-00-00 00:00:00', 3, 3, 6, 23, 0.00, 0.00, 0.00, 0.00, 'PENAMBAHAN', 0.00, 0.00, 'OD0809041', '2018-08-24 09:59:45', '0000-00-00 00:00:00'),
	(24, 1, '0000-00-00 00:00:00', 3, 3, 6, 24, 0.00, 0.00, 0.00, 0.00, 'PENAMBAHAN', 0.00, 0.00, 'OD0809041', '2018-08-24 09:59:46', '0000-00-00 00:00:00'),
	(25, 1, '0000-00-00 00:00:00', 3, 3, 6, 25, 0.00, 0.00, 0.00, 0.00, 'PENAMBAHAN', 0.00, 0.00, 'OD0809041', '2018-08-24 09:59:41', '0000-00-00 00:00:00'),
	(26, 1, '0000-00-00 00:00:00', 3, 3, 6, 26, 0.00, 0.00, 0.00, 0.00, 'PENAMBAHAN', 0.00, 0.00, 'OD0809041', '2018-08-24 09:59:42', '0000-00-00 00:00:00'),
	(27, 1, '0000-00-00 00:00:00', 3, 3, 6, 27, 0.00, 0.00, 0.00, 0.00, 'PENAMBAHAN', 0.00, 0.00, 'OD0809041', '2018-08-24 09:59:43', '0000-00-00 00:00:00'),
	(28, 1, '0000-00-00 00:00:00', 3, 3, 6, 28, 0.00, 0.00, 0.00, 0.00, 'PENAMBAHAN', 0.00, 0.00, 'OD0809041', '2018-08-24 09:59:44', '0000-00-00 00:00:00'),
	(29, 1, '0000-00-00 00:00:00', 3, 3, 6, 29, 0.00, 0.00, 0.00, 0.00, 'PENAMBAHAN', 0.00, 0.00, 'OD0809041', '2018-08-24 09:59:45', '0000-00-00 00:00:00'),
	(30, 1, '0000-00-00 00:00:00', 3, 3, 6, 30, 0.00, 0.00, 0.00, 0.00, 'PENAMBAHAN', 0.00, 0.00, 'OD0809041', '2018-08-24 09:59:46', '0000-00-00 00:00:00'),
	(31, 1, '0000-00-00 00:00:00', 3, 3, 6, 31, 0.00, 0.00, 0.00, 0.00, 'PENAMBAHAN', 0.00, 0.00, 'OD0809041', '2018-08-24 09:59:41', '0000-00-00 00:00:00'),
	(32, 1, '0000-00-00 00:00:00', 3, 3, 6, 32, 0.00, 0.00, 0.00, 0.00, 'PENAMBAHAN', 0.00, 0.00, 'OD0809041', '2018-08-24 09:59:42', '0000-00-00 00:00:00'),
	(33, 1, '0000-00-00 00:00:00', 3, 3, 6, 33, 0.00, 0.00, 0.00, 0.00, 'PENAMBAHAN', 0.00, 0.00, 'OD0809041', '2018-08-24 09:59:43', '0000-00-00 00:00:00'),
	(34, 1, '0000-00-00 00:00:00', 3, 3, 6, 34, 0.00, 0.00, 0.00, 0.00, 'PENAMBAHAN', 0.00, 0.00, 'OD0809041', '2018-08-24 09:59:44', '0000-00-00 00:00:00'),
	(35, 1, '0000-00-00 00:00:00', 3, 3, 6, 35, 0.00, 0.00, 0.00, 0.00, 'PENAMBAHAN', 0.00, 0.00, 'OD0809041', '2018-08-24 09:59:45', '0000-00-00 00:00:00'),
	(36, 1, '0000-00-00 00:00:00', 3, 3, 6, 36, 0.00, 0.00, 0.00, 0.00, 'PENAMBAHAN', 0.00, 0.00, 'OD0809041', '2018-08-24 09:59:46', '0000-00-00 00:00:00'),
	(37, 1, '0000-00-00 00:00:00', 2, 2, 6, 37, 1000.00, 0.00, 1000.00, 0.00, 'PENAMBAHAN', 0.00, 0.00, 'OD0809041', '2018-08-24 09:59:41', '0000-00-00 00:00:00'),
	(38, 1, '0000-00-00 00:00:00', 3, 3, 6, 38, 0.00, 0.00, 0.00, 0.00, 'PENAMBAHAN', 0.00, 0.00, 'OD0809041', '2018-08-24 09:59:42', '0000-00-00 00:00:00'),
	(39, 1, '0000-00-00 00:00:00', 3, 3, 6, 39, 0.00, 0.00, 0.00, 0.00, 'PENAMBAHAN', 0.00, 0.00, 'OD0809041', '2018-08-24 09:59:43', '0000-00-00 00:00:00'),
	(40, 1, '0000-00-00 00:00:00', 3, 3, 6, 40, 0.00, 0.00, 0.00, 0.00, 'PENAMBAHAN', 0.00, 0.00, 'OD0809041', '2018-08-24 09:59:44', '0000-00-00 00:00:00'),
	(41, 1, '0000-00-00 00:00:00', 3, 3, 6, 41, 0.00, 0.00, 0.00, 0.00, 'PENAMBAHAN', 0.00, 0.00, 'OD0809041', '2018-08-24 09:59:45', '0000-00-00 00:00:00'),
	(42, 1, '0000-00-00 00:00:00', 3, 3, 6, 42, 0.00, 0.00, 0.00, 0.00, 'PENAMBAHAN', 0.00, 0.00, 'OD0809041', '2018-08-24 09:59:46', '0000-00-00 00:00:00'),
	(43, 1, '0000-00-00 00:00:00', 3, 3, 6, 43, 0.00, 0.00, 0.00, 0.00, 'PENAMBAHAN', 0.00, 0.00, 'OD0809041', '2018-08-24 09:59:41', '0000-00-00 00:00:00'),
	(44, 1, '0000-00-00 00:00:00', 3, 3, 6, 44, 0.00, 0.00, 0.00, 0.00, 'PENAMBAHAN', 0.00, 0.00, 'OD0809041', '2018-08-24 09:59:42', '0000-00-00 00:00:00'),
	(45, 1, '0000-00-00 00:00:00', 3, 3, 6, 45, 0.00, 0.00, 0.00, 0.00, 'PENAMBAHAN', 0.00, 0.00, 'OD0809041', '2018-08-24 09:59:43', '0000-00-00 00:00:00'),
	(46, 1, '0000-00-00 00:00:00', 3, 3, 6, 46, 0.00, 0.00, 0.00, 0.00, 'PENAMBAHAN', 0.00, 0.00, 'OD0809041', '2018-08-24 09:59:44', '0000-00-00 00:00:00'),
	(47, 1, '0000-00-00 00:00:00', 3, 3, 6, 47, 0.00, 0.00, 0.00, 0.00, 'PENAMBAHAN', 0.00, 0.00, 'OD0809041', '2018-08-24 09:59:45', '0000-00-00 00:00:00'),
	(48, 1, '0000-00-00 00:00:00', 3, 3, 6, 48, 0.00, 0.00, 0.00, 0.00, 'PENAMBAHAN', 0.00, 0.00, 'OD0809041', '2018-08-24 09:59:46', '0000-00-00 00:00:00'),
	(49, 1, '0000-00-00 00:00:00', 3, 3, 6, 49, 0.00, 0.00, 0.00, 0.00, 'PENAMBAHAN', 0.00, 0.00, 'OD0809041', '2018-08-24 09:59:41', '0000-00-00 00:00:00'),
	(50, 1, '0000-00-00 00:00:00', 3, 3, 6, 50, 0.00, 0.00, 0.00, 0.00, 'PENAMBAHAN', 0.00, 0.00, 'OD0809041', '2018-08-24 09:59:42', '0000-00-00 00:00:00'),
	(51, 1, '0000-00-00 00:00:00', 3, 3, 6, 51, 0.00, 0.00, 0.00, 0.00, 'PENAMBAHAN', 0.00, 0.00, 'OD0809041', '2018-08-24 09:59:43', '0000-00-00 00:00:00'),
	(52, 1, '0000-00-00 00:00:00', 3, 3, 6, 52, 0.00, 0.00, 0.00, 0.00, 'PENAMBAHAN', 0.00, 0.00, 'OD0809041', '2018-08-24 09:59:44', '0000-00-00 00:00:00'),
	(53, 1, '0000-00-00 00:00:00', 3, 3, 6, 53, 0.00, 0.00, 0.00, 0.00, 'PENAMBAHAN', 0.00, 0.00, 'OD0809041', '2018-08-24 09:59:45', '0000-00-00 00:00:00'),
	(54, 1, '0000-00-00 00:00:00', 3, 3, 6, 54, 0.00, 0.00, 0.00, 0.00, 'PENAMBAHAN', 0.00, 0.00, 'OD0809041', '2018-08-24 09:59:46', '0000-00-00 00:00:00'),
	(55, 1, '0000-00-00 00:00:00', 3, 3, 6, 55, 0.00, 0.00, 0.00, 0.00, 'PENAMBAHAN', 0.00, 0.00, 'OD0809041', '2018-08-24 09:59:41', '0000-00-00 00:00:00'),
	(56, 1, '0000-00-00 00:00:00', 3, 3, 6, 56, 0.00, 0.00, 0.00, 0.00, 'PENAMBAHAN', 0.00, 0.00, 'OD0809041', '2018-08-24 09:59:42', '0000-00-00 00:00:00'),
	(57, 1, '0000-00-00 00:00:00', 3, 3, 6, 57, 0.00, 0.00, 0.00, 0.00, 'PENAMBAHAN', 0.00, 0.00, 'OD0809041', '2018-08-24 09:59:43', '0000-00-00 00:00:00'),
	(58, 1, '0000-00-00 00:00:00', 3, 3, 6, 58, 0.00, 0.00, 0.00, 0.00, 'PENAMBAHAN', 0.00, 0.00, 'OD0809041', '2018-08-24 09:59:44', '0000-00-00 00:00:00'),
	(59, 1, '0000-00-00 00:00:00', 3, 3, 6, 59, 0.00, 0.00, 0.00, 0.00, 'PENAMBAHAN', 0.00, 0.00, 'OD0809041', '2018-08-24 09:59:45', '0000-00-00 00:00:00'),
	(60, 1, '0000-00-00 00:00:00', 3, 3, 6, 60, 0.00, 0.00, 0.00, 0.00, 'PENAMBAHAN', 0.00, 0.00, 'OD0809041', '2018-08-24 09:59:46', '0000-00-00 00:00:00'),
	(61, 1, '0000-00-00 00:00:00', 3, 3, 6, 61, 0.00, 0.00, 0.00, 0.00, 'PENAMBAHAN', 0.00, 0.00, 'OD0809041', '2018-08-24 09:59:41', '0000-00-00 00:00:00'),
	(62, 1, '0000-00-00 00:00:00', 3, 3, 6, 62, 0.00, 0.00, 0.00, 0.00, 'PENAMBAHAN', 0.00, 0.00, 'OD0809041', '2018-08-24 09:59:42', '0000-00-00 00:00:00'),
	(63, 1, '0000-00-00 00:00:00', 3, 3, 6, 63, 0.00, 0.00, 0.00, 0.00, 'PENAMBAHAN', 0.00, 0.00, 'OD0809041', '2018-08-24 09:59:43', '0000-00-00 00:00:00'),
	(64, 1, '0000-00-00 00:00:00', 3, 3, 6, 64, 0.00, 0.00, 0.00, 0.00, 'PENAMBAHAN', 0.00, 0.00, 'OD0809041', '2018-08-24 09:59:44', '0000-00-00 00:00:00'),
	(65, 1, '0000-00-00 00:00:00', 3, 3, 6, 65, 0.00, 0.00, 0.00, 0.00, 'PENAMBAHAN', 0.00, 0.00, 'OD0809041', '2018-08-24 09:59:45', '0000-00-00 00:00:00'),
	(66, 1, '0000-00-00 00:00:00', 3, 3, 6, 66, 0.00, 0.00, 0.00, 0.00, 'PENAMBAHAN', 0.00, 0.00, 'OD0809041', '2018-08-24 09:59:46', '0000-00-00 00:00:00'),
	(67, 1, '0000-00-00 00:00:00', 3, 3, 6, 67, 0.00, 0.00, 0.00, 0.00, 'PENAMBAHAN', 0.00, 0.00, 'OD0809041', '2018-08-24 09:59:41', '0000-00-00 00:00:00'),
	(68, 1, '0000-00-00 00:00:00', 3, 3, 6, 68, 0.00, 0.00, 0.00, 0.00, 'PENAMBAHAN', 0.00, 0.00, 'OD0809041', '2018-08-24 09:59:42', '0000-00-00 00:00:00'),
	(69, 1, '0000-00-00 00:00:00', 3, 3, 6, 69, 0.00, 0.00, 0.00, 0.00, 'PENAMBAHAN', 0.00, 0.00, 'OD0809041', '2018-08-24 09:59:43', '0000-00-00 00:00:00'),
	(70, 1, '0000-00-00 00:00:00', 3, 3, 6, 70, 0.00, 0.00, 0.00, 0.00, 'PENAMBAHAN', 0.00, 0.00, 'OD0809041', '2018-08-24 09:59:44', '0000-00-00 00:00:00'),
	(71, 1, '0000-00-00 00:00:00', 3, 3, 6, 71, 0.00, 0.00, 0.00, 0.00, 'PENAMBAHAN', 0.00, 0.00, 'OD0809041', '2018-08-24 09:59:45', '0000-00-00 00:00:00'),
	(72, 1, '0000-00-00 00:00:00', 3, 3, 6, 72, 0.00, 0.00, 0.00, 0.00, 'PENAMBAHAN', 0.00, 0.00, 'OD0809041', '2018-08-24 09:59:46', '0000-00-00 00:00:00'),
	(73, 1, '0000-00-00 00:00:00', 3, 3, 6, 73, 0.00, 0.00, 0.00, 0.00, 'PENAMBAHAN', 0.00, 0.00, 'OD0809041', '2018-08-24 09:59:41', '0000-00-00 00:00:00'),
	(74, 1, '0000-00-00 00:00:00', 3, 3, 6, 74, 0.00, 0.00, 0.00, 0.00, 'PENAMBAHAN', 0.00, 0.00, 'OD0809041', '2018-08-24 09:59:42', '0000-00-00 00:00:00'),
	(75, 1, '0000-00-00 00:00:00', 3, 3, 6, 75, 0.00, 0.00, 0.00, 0.00, 'PENAMBAHAN', 0.00, 0.00, 'OD0809041', '2018-08-24 09:59:43', '0000-00-00 00:00:00'),
	(76, 1, '0000-00-00 00:00:00', 3, 3, 6, 76, 0.00, 0.00, 0.00, 0.00, 'PENAMBAHAN', 0.00, 0.00, 'OD0809041', '2018-08-24 09:59:44', '0000-00-00 00:00:00'),
	(77, 1, '0000-00-00 00:00:00', 3, 3, 6, 77, 0.00, 0.00, 0.00, 0.00, 'PENAMBAHAN', 0.00, 0.00, 'OD0809041', '2018-08-24 09:59:45', '0000-00-00 00:00:00'),
	(78, 1, '0000-00-00 00:00:00', 3, 3, 6, 78, 0.00, 0.00, 0.00, 0.00, 'PENAMBAHAN', 0.00, 0.00, 'OD0809041', '2018-08-24 09:59:46', '0000-00-00 00:00:00'),
	(79, 1, '0000-00-00 00:00:00', 3, 3, 6, 79, 0.00, 0.00, 0.00, 0.00, 'PENAMBAHAN', 0.00, 0.00, 'OD0809041', '2018-08-24 09:59:41', '0000-00-00 00:00:00'),
	(80, 1, '0000-00-00 00:00:00', 3, 3, 6, 80, 0.00, 0.00, 0.00, 0.00, 'PENAMBAHAN', 0.00, 0.00, 'OD0809041', '2018-08-24 09:59:42', '0000-00-00 00:00:00'),
	(81, 1, '0000-00-00 00:00:00', 3, 3, 6, 81, 0.00, 0.00, 0.00, 0.00, 'PENAMBAHAN', 0.00, 0.00, 'OD0809041', '2018-08-24 09:59:43', '0000-00-00 00:00:00'),
	(82, 1, '0000-00-00 00:00:00', 3, 3, 6, 82, 0.00, 0.00, 0.00, 0.00, 'PENAMBAHAN', 0.00, 0.00, 'OD0809041', '2018-08-24 09:59:44', '0000-00-00 00:00:00'),
	(83, 1, '0000-00-00 00:00:00', 3, 3, 6, 83, 0.00, 0.00, 0.00, 0.00, 'PENAMBAHAN', 0.00, 0.00, 'OD0809041', '2018-08-24 09:59:45', '0000-00-00 00:00:00'),
	(84, 1, '0000-00-00 00:00:00', 3, 3, 6, 84, 0.00, 0.00, 0.00, 0.00, 'PENAMBAHAN', 0.00, 0.00, 'OD0809041', '2018-08-24 09:59:46', '0000-00-00 00:00:00'),
	(85, 1, '0000-00-00 00:00:00', 3, 3, 6, 85, 0.00, 0.00, 0.00, 0.00, 'PENAMBAHAN', 0.00, 0.00, 'OD0809041', '2018-08-24 09:59:41', '0000-00-00 00:00:00'),
	(86, 1, '0000-00-00 00:00:00', 3, 3, 6, 86, 0.00, 0.00, 0.00, 0.00, 'PENAMBAHAN', 0.00, 0.00, 'OD0809041', '2018-08-24 09:59:42', '0000-00-00 00:00:00'),
	(87, 1, '0000-00-00 00:00:00', 3, 3, 6, 87, 0.00, 0.00, 0.00, 0.00, 'PENAMBAHAN', 0.00, 0.00, 'OD0809041', '2018-08-24 09:59:43', '0000-00-00 00:00:00'),
	(88, 1, '0000-00-00 00:00:00', 3, 3, 6, 88, 0.00, 0.00, 0.00, 0.00, 'PENAMBAHAN', 0.00, 0.00, 'OD0809041', '2018-08-24 09:59:44', '0000-00-00 00:00:00'),
	(89, 1, '0000-00-00 00:00:00', 3, 3, 6, 89, 0.00, 0.00, 0.00, 0.00, 'PENAMBAHAN', 0.00, 0.00, 'OD0809041', '2018-08-24 09:59:45', '0000-00-00 00:00:00'),
	(90, 1, '0000-00-00 00:00:00', 3, 3, 6, 90, 0.00, 0.00, 0.00, 0.00, 'PENAMBAHAN', 0.00, 0.00, 'OD0809041', '2018-08-24 09:59:46', '0000-00-00 00:00:00'),
	(91, 1, '0000-00-00 00:00:00', 3, 3, 6, 91, 0.00, 0.00, 0.00, 0.00, 'PENAMBAHAN', 0.00, 0.00, 'OD0809041', '2018-08-24 09:59:41', '0000-00-00 00:00:00'),
	(92, 1, '0000-00-00 00:00:00', 3, 3, 6, 92, 0.00, 0.00, 0.00, 0.00, 'PENAMBAHAN', 0.00, 0.00, 'OD0809041', '2018-08-24 09:59:42', '0000-00-00 00:00:00'),
	(93, 1, '0000-00-00 00:00:00', 3, 3, 6, 93, 0.00, 0.00, 0.00, 0.00, 'PENAMBAHAN', 0.00, 0.00, 'OD0809041', '2018-08-24 09:59:43', '0000-00-00 00:00:00'),
	(94, 1, '0000-00-00 00:00:00', 3, 3, 6, 94, 0.00, 0.00, 0.00, 0.00, 'PENAMBAHAN', 0.00, 0.00, 'OD0809041', '2018-08-24 09:59:44', '0000-00-00 00:00:00'),
	(95, 1, '0000-00-00 00:00:00', 3, 3, 6, 95, 0.00, 0.00, 0.00, 0.00, 'PENAMBAHAN', 0.00, 0.00, 'OD0809041', '2018-08-24 09:59:45', '0000-00-00 00:00:00'),
	(96, 1, '0000-00-00 00:00:00', 3, 3, 6, 96, 0.00, 0.00, 0.00, 0.00, 'PENAMBAHAN', 0.00, 0.00, 'OD0809041', '2018-08-24 09:59:46', '0000-00-00 00:00:00'),
	(97, 1, '0000-00-00 00:00:00', 3, 3, 6, 97, 0.00, 0.00, 0.00, 0.00, 'PENAMBAHAN', 0.00, 0.00, 'OD0809041', '2018-08-24 09:59:41', '0000-00-00 00:00:00'),
	(98, 1, '0000-00-00 00:00:00', 3, 3, 6, 98, 0.00, 0.00, 0.00, 0.00, 'PENAMBAHAN', 0.00, 0.00, 'OD0809041', '2018-08-24 09:59:42', '0000-00-00 00:00:00'),
	(99, 1, '0000-00-00 00:00:00', 3, 3, 6, 99, 0.00, 0.00, 0.00, 0.00, 'PENAMBAHAN', 0.00, 0.00, 'OD0809041', '2018-08-24 09:59:43', '0000-00-00 00:00:00'),
	(100, 1, '0000-00-00 00:00:00', 3, 3, 6, 100, 0.00, 0.00, 0.00, 0.00, 'PENAMBAHAN', 0.00, 0.00, 'OD0809041', '2018-08-24 09:59:44', '0000-00-00 00:00:00'),
	(101, 1, '0000-00-00 00:00:00', 3, 3, 6, 101, 0.00, 0.00, 0.00, 0.00, 'PENAMBAHAN', 0.00, 0.00, 'OD0809041', '2018-08-24 09:59:45', '0000-00-00 00:00:00'),
	(102, 1, '0000-00-00 00:00:00', 3, 3, 6, 102, 0.00, 0.00, 0.00, 0.00, 'PENAMBAHAN', 0.00, 0.00, 'OD0809041', '2018-08-24 09:59:46', '0000-00-00 00:00:00'),
	(103, 1, '0000-00-00 00:00:00', 3, 3, 6, 103, 0.00, 0.00, 0.00, 0.00, 'PENAMBAHAN', 0.00, 0.00, 'OD0809041', '2018-08-24 09:59:41', '0000-00-00 00:00:00'),
	(104, 1, '0000-00-00 00:00:00', 3, 3, 6, 104, 0.00, 0.00, 0.00, 0.00, 'PENAMBAHAN', 0.00, 0.00, 'OD0809041', '2018-08-24 09:59:42', '0000-00-00 00:00:00'),
	(105, 1, '0000-00-00 00:00:00', 3, 3, 6, 105, 0.00, 0.00, 0.00, 0.00, 'PENAMBAHAN', 0.00, 0.00, 'OD0809041', '2018-08-24 09:59:43', '0000-00-00 00:00:00'),
	(106, 1, '0000-00-00 00:00:00', 3, 3, 6, 106, 0.00, 0.00, 0.00, 0.00, 'PENAMBAHAN', 0.00, 0.00, 'OD0809041', '2018-08-24 09:59:44', '0000-00-00 00:00:00'),
	(107, 1, '0000-00-00 00:00:00', 3, 3, 6, 107, 0.00, 0.00, 0.00, 0.00, 'PENAMBAHAN', 0.00, 0.00, 'OD0809041', '2018-08-24 09:59:45', '0000-00-00 00:00:00'),
	(108, 1, '0000-00-00 00:00:00', 3, 3, 6, 108, 0.00, 0.00, 0.00, 0.00, 'PENAMBAHAN', 0.00, 0.00, 'OD0809041', '2018-08-24 09:59:46', '0000-00-00 00:00:00'),
	(109, 1, '0000-00-00 00:00:00', 3, 3, 6, 109, 0.00, 0.00, 0.00, 0.00, 'PENAMBAHAN', 0.00, 0.00, 'OD0809041', '2018-08-24 09:59:41', '0000-00-00 00:00:00'),
	(110, 1, '0000-00-00 00:00:00', 3, 3, 6, 110, 0.00, 0.00, 0.00, 0.00, 'PENAMBAHAN', 0.00, 0.00, 'OD0809041', '2018-08-24 09:59:42', '0000-00-00 00:00:00'),
	(111, 1, '0000-00-00 00:00:00', 3, 3, 6, 111, 0.00, 0.00, 0.00, 0.00, 'PENAMBAHAN', 0.00, 0.00, 'OD0809041', '2018-08-24 09:59:43', '0000-00-00 00:00:00'),
	(112, 1, '0000-00-00 00:00:00', 3, 3, 6, 112, 0.00, 0.00, 0.00, 0.00, 'PENAMBAHAN', 0.00, 0.00, 'OD0809041', '2018-08-24 09:59:44', '0000-00-00 00:00:00'),
	(113, 1, '0000-00-00 00:00:00', 3, 3, 6, 113, 0.00, 0.00, 0.00, 0.00, 'PENAMBAHAN', 0.00, 0.00, 'OD0809041', '2018-08-24 09:59:45', '0000-00-00 00:00:00'),
	(114, 1, '0000-00-00 00:00:00', 3, 3, 6, 114, 0.00, 0.00, 0.00, 0.00, 'PENAMBAHAN', 0.00, 0.00, 'OD0809041', '2018-08-24 09:59:46', '0000-00-00 00:00:00'),
	(115, 1, '0000-00-00 00:00:00', 3, 3, 6, 115, 0.00, 0.00, 0.00, 0.00, 'PENAMBAHAN', 0.00, 0.00, 'OD0809041', '2018-08-24 09:59:41', '0000-00-00 00:00:00'),
	(116, 1, '0000-00-00 00:00:00', 3, 3, 6, 116, 0.00, 0.00, 0.00, 0.00, 'PENAMBAHAN', 0.00, 0.00, 'OD0809041', '2018-08-24 09:59:42', '0000-00-00 00:00:00'),
	(117, 1, '0000-00-00 00:00:00', 3, 3, 6, 117, 0.00, 0.00, 0.00, 0.00, 'PENAMBAHAN', 0.00, 0.00, 'OD0809041', '2018-08-24 09:59:43', '0000-00-00 00:00:00'),
	(118, 1, '0000-00-00 00:00:00', 3, 3, 6, 118, 0.00, 0.00, 0.00, 0.00, 'PENAMBAHAN', 0.00, 0.00, 'OD0809041', '2018-08-24 09:59:44', '0000-00-00 00:00:00'),
	(119, 1, '0000-00-00 00:00:00', 3, 3, 6, 119, 0.00, 0.00, 0.00, 0.00, 'PENAMBAHAN', 0.00, 0.00, 'OD0809041', '2018-08-24 09:59:45', '0000-00-00 00:00:00'),
	(120, 1, '0000-00-00 00:00:00', 3, 3, 6, 120, 0.00, 0.00, 0.00, 0.00, 'PENAMBAHAN', 0.00, 0.00, 'OD0809041', '2018-08-24 09:59:46', '0000-00-00 00:00:00'),
	(121, 1, '0000-00-00 00:00:00', 3, 3, 6, 121, 0.00, 0.00, 0.00, 0.00, 'PENAMBAHAN', 0.00, 0.00, 'OD0809041', '2018-08-24 09:59:41', '0000-00-00 00:00:00'),
	(122, 1, '0000-00-00 00:00:00', 3, 3, 6, 122, 0.00, 0.00, 0.00, 0.00, 'PENAMBAHAN', 0.00, 0.00, 'OD0809041', '2018-08-24 09:59:42', '0000-00-00 00:00:00'),
	(123, 1, '0000-00-00 00:00:00', 3, 3, 6, 123, 0.00, 0.00, 0.00, 0.00, 'PENAMBAHAN', 0.00, 0.00, 'OD0809041', '2018-08-24 09:59:43', '0000-00-00 00:00:00'),
	(124, 1, '0000-00-00 00:00:00', 3, 3, 6, 124, 0.00, 0.00, 0.00, 0.00, 'PENAMBAHAN', 0.00, 0.00, 'OD0809041', '2018-08-24 09:59:44', '0000-00-00 00:00:00'),
	(125, 1, '0000-00-00 00:00:00', 3, 3, 6, 125, 0.00, 0.00, 0.00, 0.00, 'PENAMBAHAN', 0.00, 0.00, 'OD0809041', '2018-08-24 09:59:45', '0000-00-00 00:00:00'),
	(126, 1, '0000-00-00 00:00:00', 3, 3, 6, 126, 0.00, 0.00, 0.00, 0.00, 'PENAMBAHAN', 0.00, 0.00, 'OD0809041', '2018-08-24 09:59:46', '0000-00-00 00:00:00'),
	(127, 1, '0000-00-00 00:00:00', 3, 3, 6, 127, 0.00, 0.00, 0.00, 0.00, 'PENAMBAHAN', 0.00, 0.00, 'OD0809041', '2018-08-24 09:59:41', '0000-00-00 00:00:00'),
	(128, 1, '0000-00-00 00:00:00', 3, 3, 6, 128, 0.00, 0.00, 0.00, 0.00, 'PENAMBAHAN', 0.00, 0.00, 'OD0809041', '2018-08-24 09:59:42', '0000-00-00 00:00:00'),
	(129, 1, '0000-00-00 00:00:00', 3, 3, 6, 129, 0.00, 0.00, 0.00, 0.00, 'PENAMBAHAN', 0.00, 0.00, 'OD0809041', '2018-08-24 09:59:43', '0000-00-00 00:00:00'),
	(130, 1, '0000-00-00 00:00:00', 3, 3, 6, 130, 0.00, 0.00, 0.00, 0.00, 'PENAMBAHAN', 0.00, 0.00, 'OD0809041', '2018-08-24 09:59:44', '0000-00-00 00:00:00'),
	(131, 1, '0000-00-00 00:00:00', 3, 3, 6, 131, 0.00, 0.00, 0.00, 0.00, 'PENAMBAHAN', 0.00, 0.00, 'OD0809041', '2018-08-24 09:59:45', '0000-00-00 00:00:00'),
	(132, 1, '0000-00-00 00:00:00', 3, 3, 6, 132, 0.00, 0.00, 0.00, 0.00, 'PENAMBAHAN', 0.00, 0.00, 'OD0809041', '2018-08-24 09:59:46', '0000-00-00 00:00:00'),
	(133, 1, '0000-00-00 00:00:00', 3, 3, 6, 133, 0.00, 0.00, 0.00, 0.00, 'PENAMBAHAN', 0.00, 0.00, 'OD0809041', '2018-08-24 09:59:41', '0000-00-00 00:00:00'),
	(134, 1, '0000-00-00 00:00:00', 3, 3, 6, 134, 0.00, 0.00, 0.00, 0.00, 'PENAMBAHAN', 0.00, 0.00, 'OD0809041', '2018-08-24 09:59:42', '0000-00-00 00:00:00'),
	(135, 1, '0000-00-00 00:00:00', 3, 3, 6, 135, 0.00, 0.00, 0.00, 0.00, 'PENAMBAHAN', 0.00, 0.00, 'OD0809041', '2018-08-24 09:59:43', '0000-00-00 00:00:00'),
	(136, 1, '0000-00-00 00:00:00', 3, 3, 6, 136, 0.00, 0.00, 0.00, 0.00, 'PENAMBAHAN', 0.00, 0.00, 'OD0809041', '2018-08-24 09:59:44', '0000-00-00 00:00:00'),
	(137, 1, '0000-00-00 00:00:00', 3, 3, 6, 137, 0.00, 0.00, 0.00, 0.00, 'PENAMBAHAN', 0.00, 0.00, 'OD0809041', '2018-08-24 09:59:45', '0000-00-00 00:00:00'),
	(138, 1, '0000-00-00 00:00:00', 3, 3, 6, 138, 0.00, 0.00, 0.00, 0.00, 'PENAMBAHAN', 0.00, 0.00, 'OD0809041', '2018-08-24 09:59:46', '0000-00-00 00:00:00'),
	(139, 1, '0000-00-00 00:00:00', 3, 3, 6, 139, 0.00, 0.00, 0.00, 0.00, 'PENAMBAHAN', 0.00, 0.00, 'OD0809041', '2018-08-24 09:59:41', '0000-00-00 00:00:00'),
	(140, 1, '0000-00-00 00:00:00', 3, 3, 6, 140, 0.00, 0.00, 0.00, 0.00, 'PENAMBAHAN', 0.00, 0.00, 'OD0809041', '2018-08-24 09:59:42', '0000-00-00 00:00:00'),
	(141, 1, '0000-00-00 00:00:00', 3, 3, 6, 141, 0.00, 0.00, 0.00, 0.00, 'PENAMBAHAN', 0.00, 0.00, 'OD0809041', '2018-08-24 09:59:43', '0000-00-00 00:00:00'),
	(142, 1, '0000-00-00 00:00:00', 3, 3, 6, 142, 0.00, 0.00, 0.00, 0.00, 'PENAMBAHAN', 0.00, 0.00, 'OD0809041', '2018-08-24 09:59:44', '0000-00-00 00:00:00'),
	(143, 1, '0000-00-00 00:00:00', 3, 3, 6, 143, 0.00, 0.00, 0.00, 0.00, 'PENAMBAHAN', 0.00, 0.00, 'OD0809041', '2018-08-24 09:59:45', '0000-00-00 00:00:00'),
	(144, 1, '0000-00-00 00:00:00', 3, 3, 6, 144, 0.00, 0.00, 0.00, 0.00, 'PENAMBAHAN', 0.00, 0.00, 'OD0809041', '2018-08-24 09:59:46', '0000-00-00 00:00:00'),
	(145, 1, '0000-00-00 00:00:00', 3, 3, 6, 145, 0.00, 0.00, 0.00, 0.00, 'PENAMBAHAN', 0.00, 0.00, 'OD0809041', '2018-08-24 09:59:41', '0000-00-00 00:00:00'),
	(146, 1, '0000-00-00 00:00:00', 3, 3, 6, 146, 0.00, 0.00, 0.00, 0.00, 'PENAMBAHAN', 0.00, 0.00, 'OD0809041', '2018-08-24 09:59:42', '0000-00-00 00:00:00'),
	(147, 1, '0000-00-00 00:00:00', 3, 3, 6, 147, 0.00, 0.00, 0.00, 0.00, 'PENAMBAHAN', 0.00, 0.00, 'OD0809041', '2018-08-24 09:59:43', '0000-00-00 00:00:00'),
	(148, 1, '0000-00-00 00:00:00', 3, 3, 6, 148, 0.00, 0.00, 0.00, 0.00, 'PENAMBAHAN', 0.00, 0.00, 'OD0809041', '2018-08-24 09:59:44', '0000-00-00 00:00:00'),
	(149, 1, '0000-00-00 00:00:00', 3, 3, 6, 149, 0.00, 0.00, 0.00, 0.00, 'PENAMBAHAN', 0.00, 0.00, 'OD0809041', '2018-08-24 09:59:45', '0000-00-00 00:00:00'),
	(150, 1, '0000-00-00 00:00:00', 3, 3, 6, 150, 0.00, 0.00, 0.00, 0.00, 'PENAMBAHAN', 0.00, 0.00, 'OD0809041', '2018-08-24 09:59:46', '0000-00-00 00:00:00'),
	(151, 1, '0000-00-00 00:00:00', 3, 3, 6, 151, 0.00, 0.00, 0.00, 0.00, 'PENAMBAHAN', 0.00, 0.00, 'OD0809041', '2018-08-24 09:59:41', '0000-00-00 00:00:00'),
	(152, 1, '0000-00-00 00:00:00', 3, 3, 6, 152, 0.00, 0.00, 0.00, 0.00, 'PENAMBAHAN', 0.00, 0.00, 'OD0809041', '2018-08-24 09:59:42', '0000-00-00 00:00:00'),
	(153, 1, '0000-00-00 00:00:00', 3, 3, 6, 153, 0.00, 0.00, 0.00, 0.00, 'PENAMBAHAN', 0.00, 0.00, 'OD0809041', '2018-08-24 09:59:43', '0000-00-00 00:00:00'),
	(154, 1, '0000-00-00 00:00:00', 3, 3, 6, 154, 0.00, 0.00, 0.00, 0.00, 'PENAMBAHAN', 0.00, 0.00, 'OD0809041', '2018-08-24 09:59:44', '0000-00-00 00:00:00'),
	(155, 1, '0000-00-00 00:00:00', 3, 3, 6, 155, 0.00, 0.00, 0.00, 0.00, 'PENAMBAHAN', 0.00, 0.00, 'OD0809041', '2018-08-24 09:59:45', '0000-00-00 00:00:00'),
	(156, 1, '0000-00-00 00:00:00', 3, 3, 6, 156, 0.00, 0.00, 0.00, 0.00, 'PENAMBAHAN', 0.00, 0.00, 'OD0809041', '2018-08-24 09:59:46', '0000-00-00 00:00:00'),
	(157, 1, '0000-00-00 00:00:00', 3, 3, 6, 157, 0.00, 0.00, 0.00, 0.00, 'PENAMBAHAN', 0.00, 0.00, 'OD0809041', '2018-08-24 09:59:41', '0000-00-00 00:00:00'),
	(158, 1, '0000-00-00 00:00:00', 3, 3, 6, 158, 0.00, 0.00, 0.00, 0.00, 'PENAMBAHAN', 0.00, 0.00, 'OD0809041', '2018-08-24 09:59:42', '0000-00-00 00:00:00'),
	(159, 1, '0000-00-00 00:00:00', 3, 3, 6, 159, 0.00, 0.00, 0.00, 0.00, 'PENAMBAHAN', 0.00, 0.00, 'OD0809041', '2018-08-24 09:59:43', '0000-00-00 00:00:00'),
	(160, 1, '0000-00-00 00:00:00', 2, 2, 6, 160, 1000.00, 0.00, 1000.00, 0.00, 'PENAMBAHAN', 0.00, 0.00, 'OD0809041', '2018-08-24 09:59:44', '0000-00-00 00:00:00'),
	(161, 1, '0000-00-00 00:00:00', 2, 2, 6, 161, 1000.00, 0.00, 1000.00, 0.00, 'PENAMBAHAN', 0.00, 0.00, 'OD0809041', '2018-08-24 09:59:45', '0000-00-00 00:00:00'),
	(162, 1, '0000-00-00 00:00:00', 2, 2, 6, 162, 1000.00, 0.00, 1000.00, 0.00, 'PENAMBAHAN', 0.00, 0.00, 'OD0809041', '2018-08-24 09:59:46', '0000-00-00 00:00:00'),
	(163, 1, '0000-00-00 00:00:00', 2, 2, 6, 163, 1000.00, 0.00, 1000.00, 0.00, 'PENAMBAHAN', 0.00, 0.00, 'OD0809041', '2018-08-24 09:59:41', '0000-00-00 00:00:00'),
	(164, 1, '0000-00-00 00:00:00', 2, 2, 6, 164, 1000.00, 0.00, 1000.00, 0.00, 'PENAMBAHAN', 0.00, 0.00, 'OD0809041', '2018-08-24 09:59:42', '0000-00-00 00:00:00'),
	(165, 1, '0000-00-00 00:00:00', 2, 2, 6, 165, 1000.00, 0.00, 1000.00, 0.00, 'PENAMBAHAN', 0.00, 0.00, 'OD0809041', '2018-08-24 09:59:43', '0000-00-00 00:00:00'),
	(166, 1, '0000-00-00 00:00:00', 2, 2, 6, 166, 1000.00, 0.00, 1000.00, 0.00, 'PENAMBAHAN', 0.00, 0.00, 'OD0809041', '2018-08-24 09:59:44', '0000-00-00 00:00:00'),
	(167, 1, '0000-00-00 00:00:00', 2, 2, 6, 167, 1000.00, 0.00, 1000.00, 0.00, 'PENAMBAHAN', 0.00, 0.00, 'OD0809041', '2018-08-24 09:59:45', '0000-00-00 00:00:00'),
	(168, 1, '0000-00-00 00:00:00', 2, 2, 6, 168, 1000.00, 0.00, 1000.00, 0.00, 'PENAMBAHAN', 0.00, 0.00, 'OD0809041', '2018-08-24 09:59:46', '0000-00-00 00:00:00'),
	(169, 1, '0000-00-00 00:00:00', 3, 3, 6, 169, 0.00, 0.00, 0.00, 0.00, 'PENAMBAHAN', 0.00, 0.00, 'OD0809041', '2018-08-24 09:59:41', '0000-00-00 00:00:00'),
	(170, 1, '0000-00-00 00:00:00', 3, 3, 6, 170, 0.00, 0.00, 0.00, 0.00, 'PENAMBAHAN', 0.00, 0.00, 'OD0809041', '2018-08-24 09:59:42', '0000-00-00 00:00:00'),
	(171, 1, '0000-00-00 00:00:00', 3, 3, 6, 171, 0.00, 0.00, 0.00, 0.00, 'PENAMBAHAN', 0.00, 0.00, 'OD0809041', '2018-08-24 09:59:43', '0000-00-00 00:00:00'),
	(172, 1, '0000-00-00 00:00:00', 3, 3, 6, 172, 0.00, 0.00, 0.00, 0.00, 'PENAMBAHAN', 0.00, 0.00, 'OD0809041', '2018-08-24 09:59:44', '0000-00-00 00:00:00'),
	(173, 1, '0000-00-00 00:00:00', 3, 3, 6, 173, 0.00, 0.00, 0.00, 0.00, 'PENAMBAHAN', 0.00, 0.00, 'OD0809041', '2018-08-24 09:59:45', '0000-00-00 00:00:00'),
	(174, 1, '0000-00-00 00:00:00', 3, 3, 6, 174, 0.00, 0.00, 0.00, 0.00, 'PENAMBAHAN', 0.00, 0.00, 'OD0809041', '2018-08-24 09:59:46', '0000-00-00 00:00:00'),
	(175, 1, '0000-00-00 00:00:00', 3, 3, 6, 175, 0.00, 0.00, 0.00, 0.00, 'PENAMBAHAN', 0.00, 0.00, 'OD0809041', '2018-08-24 09:59:41', '0000-00-00 00:00:00'),
	(176, 1, '0000-00-00 00:00:00', 3, 3, 6, 176, 0.00, 0.00, 0.00, 0.00, 'PENAMBAHAN', 0.00, 0.00, 'OD0809041', '2018-08-24 09:59:42', '0000-00-00 00:00:00'),
	(177, 1, '0000-00-00 00:00:00', 3, 3, 6, 177, 0.00, 0.00, 0.00, 0.00, 'PENAMBAHAN', 0.00, 0.00, 'OD0809041', '2018-08-24 09:59:43', '0000-00-00 00:00:00'),
	(178, 1, '0000-00-00 00:00:00', 3, 3, 6, 178, 0.00, 0.00, 0.00, 0.00, 'PENAMBAHAN', 0.00, 0.00, 'OD0809041', '2018-08-24 09:59:44', '0000-00-00 00:00:00'),
	(179, 1, '0000-00-00 00:00:00', 3, 3, 6, 179, 0.00, 0.00, 0.00, 0.00, 'PENAMBAHAN', 0.00, 0.00, 'OD0809041', '2018-08-24 09:59:45', '0000-00-00 00:00:00'),
	(180, 1, '0000-00-00 00:00:00', 3, 3, 6, 180, 0.00, 0.00, 0.00, 0.00, 'PENAMBAHAN', 0.00, 0.00, 'OD0809041', '2018-08-24 09:59:46', '0000-00-00 00:00:00'),
	(181, 1, '0000-00-00 00:00:00', 3, 3, 6, 181, 0.00, 0.00, 0.00, 0.00, 'PENAMBAHAN', 0.00, 0.00, 'OD0809041', '2018-08-24 09:59:41', '0000-00-00 00:00:00'),
	(182, 1, '0000-00-00 00:00:00', 3, 3, 6, 182, 0.00, 0.00, 0.00, 0.00, 'PENAMBAHAN', 0.00, 0.00, 'OD0809041', '2018-08-24 09:59:42', '0000-00-00 00:00:00'),
	(183, 1, '0000-00-00 00:00:00', 3, 3, 6, 183, 0.00, 0.00, 0.00, 0.00, 'PENAMBAHAN', 0.00, 0.00, 'OD0809041', '2018-08-24 09:59:43', '0000-00-00 00:00:00'),
	(184, 1, '0000-00-00 00:00:00', 3, 3, 6, 184, 0.00, 0.00, 0.00, 0.00, 'PENAMBAHAN', 0.00, 0.00, 'OD0809041', '2018-08-24 09:59:44', '0000-00-00 00:00:00'),
	(185, 1, '0000-00-00 00:00:00', 3, 3, 6, 185, 0.00, 0.00, 0.00, 0.00, 'PENAMBAHAN', 0.00, 0.00, 'OD0809041', '2018-08-24 09:59:45', '0000-00-00 00:00:00'),
	(186, 1, '0000-00-00 00:00:00', 2, 2, 6, 186, 1000.00, 0.00, 1000.00, 0.00, 'PENAMBAHAN', 0.00, 0.00, 'OD0809041', '2018-08-24 09:59:46', '0000-00-00 00:00:00'),
	(187, 1, '0000-00-00 00:00:00', 2, 2, 6, 187, 1000.00, 0.00, 1000.00, 0.00, 'PENAMBAHAN', 0.00, 0.00, 'OD0809041', '2018-08-24 09:59:41', '0000-00-00 00:00:00'),
	(188, 1, '0000-00-00 00:00:00', 3, 3, 6, 188, 0.00, 0.00, 0.00, 0.00, 'PENAMBAHAN', 0.00, 0.00, 'OD0809041', '2018-08-24 09:59:42', '0000-00-00 00:00:00'),
	(189, 1, '0000-00-00 00:00:00', 3, 3, 6, 189, 0.00, 0.00, 0.00, 0.00, 'PENAMBAHAN', 0.00, 0.00, 'OD0809041', '2018-08-24 09:59:43', '0000-00-00 00:00:00'),
	(190, 1, '0000-00-00 00:00:00', 3, 3, 6, 190, 0.00, 0.00, 0.00, 0.00, 'PENAMBAHAN', 0.00, 0.00, 'OD0809041', '2018-08-24 09:59:44', '0000-00-00 00:00:00'),
	(191, 1, '0000-00-00 00:00:00', 3, 3, 6, 191, 0.00, 0.00, 0.00, 0.00, 'PENAMBAHAN', 0.00, 0.00, 'OD0809041', '2018-08-24 09:59:45', '0000-00-00 00:00:00'),
	(192, 1, '0000-00-00 00:00:00', 3, 3, 6, 192, 0.00, 0.00, 0.00, 0.00, 'PENAMBAHAN', 0.00, 0.00, 'OD0809041', '2018-08-24 09:59:46', '0000-00-00 00:00:00'),
	(193, 1, '0000-00-00 00:00:00', 3, 3, 6, 193, 0.00, 0.00, 0.00, 0.00, 'PENAMBAHAN', 0.00, 0.00, 'OD0809041', '2018-08-24 09:59:41', '0000-00-00 00:00:00'),
	(194, 1, '0000-00-00 00:00:00', 3, 3, 6, 194, 0.00, 0.00, 0.00, 0.00, 'PENAMBAHAN', 0.00, 0.00, 'OD0809041', '2018-08-24 09:59:42', '0000-00-00 00:00:00'),
	(195, 1, '0000-00-00 00:00:00', 3, 3, 6, 195, 0.00, 0.00, 0.00, 0.00, 'PENAMBAHAN', 0.00, 0.00, 'OD0809041', '2018-08-24 09:59:43', '0000-00-00 00:00:00'),
	(196, 1, '0000-00-00 00:00:00', 2, 2, 6, 196, 1000.00, 0.00, 1000.00, 0.00, 'PENAMBAHAN', 0.00, 0.00, 'OD0809041', '2018-08-24 09:59:44', '0000-00-00 00:00:00'),
	(197, 1, '0000-00-00 00:00:00', 2, 2, 6, 197, 1000.00, 0.00, 1000.00, 0.00, 'PENAMBAHAN', 0.00, 0.00, 'OD0809041', '2018-08-24 09:59:45', '0000-00-00 00:00:00'),
	(198, 1, '0000-00-00 00:00:00', 2, 2, 6, 198, 1000.00, 0.00, 1000.00, 0.00, 'PENAMBAHAN', 0.00, 0.00, 'OD0809041', '2018-08-24 09:59:46', '0000-00-00 00:00:00'),
	(199, 1, '0000-00-00 00:00:00', 2, 2, 6, 199, 1000.00, 0.00, 1000.00, 0.00, 'PENAMBAHAN', 0.00, 0.00, 'OD0809041', '2018-08-24 09:59:41', '0000-00-00 00:00:00'),
	(200, 1, '0000-00-00 00:00:00', 2, 2, 6, 200, 1000.00, 0.00, 1000.00, 0.00, 'PENAMBAHAN', 0.00, 0.00, 'OD0809041', '2018-08-24 09:59:42', '0000-00-00 00:00:00'),
	(201, 1, '0000-00-00 00:00:00', 2, 2, 6, 201, 1000.00, 0.00, 1000.00, 0.00, 'PENAMBAHAN', 0.00, 0.00, 'OD0809041', '2018-08-24 09:59:43', '0000-00-00 00:00:00'),
	(202, 1, '0000-00-00 00:00:00', 2, 2, 6, 202, 1000.00, 0.00, 1000.00, 0.00, 'PENAMBAHAN', 0.00, 0.00, 'OD0809041', '2018-08-24 09:59:44', '0000-00-00 00:00:00'),
	(203, 1, '0000-00-00 00:00:00', 2, 2, 6, 203, 1000.00, 0.00, 1000.00, 0.00, 'PENAMBAHAN', 0.00, 0.00, 'OD0809041', '2018-08-24 09:59:45', '0000-00-00 00:00:00'),
	(204, 1, '0000-00-00 00:00:00', 2, 2, 6, 204, 1000.00, 0.00, 1000.00, 0.00, 'PENAMBAHAN', 0.00, 0.00, 'OD0809041', '2018-08-24 09:59:46', '0000-00-00 00:00:00'),
	(205, 1, '0000-00-00 00:00:00', 2, 2, 6, 205, 1000.00, 0.00, 1000.00, 0.00, 'PENAMBAHAN', 0.00, 0.00, 'OD0809041', '2018-08-24 09:59:41', '0000-00-00 00:00:00'),
	(206, 1, '0000-00-00 00:00:00', 2, 2, 6, 206, 1000.00, 0.00, 1000.00, 0.00, 'PENAMBAHAN', 0.00, 0.00, 'OD0809041', '2018-08-24 09:59:42', '0000-00-00 00:00:00'),
	(207, 1, '0000-00-00 00:00:00', 2, 2, 6, 207, 1000.00, 0.00, 1000.00, 0.00, 'PENAMBAHAN', 0.00, 0.00, 'OD0809041', '2018-08-24 09:59:43', '0000-00-00 00:00:00'),
	(208, 1, '0000-00-00 00:00:00', 2, 2, 6, 208, 1000.00, 0.00, 1000.00, 0.00, 'PENAMBAHAN', 0.00, 0.00, 'OD0809041', '2018-08-24 09:59:44', '0000-00-00 00:00:00'),
	(209, 1, '0000-00-00 00:00:00', 3, 3, 6, 209, 0.00, 0.00, 0.00, 0.00, 'PENAMBAHAN', 0.00, 0.00, 'OD0809041', '2018-08-24 09:59:45', '0000-00-00 00:00:00'),
	(210, 1, '0000-00-00 00:00:00', 2, 2, 6, 210, 1000.00, 0.00, 1000.00, 0.00, 'PENAMBAHAN', 0.00, 0.00, 'OD0809041', '2018-08-24 09:59:46', '0000-00-00 00:00:00'),
	(211, 1, '0000-00-00 00:00:00', 2, 2, 6, 211, 1000.00, 0.00, 1000.00, 0.00, 'PENAMBAHAN', 0.00, 0.00, 'OD0809041', '2018-08-24 09:59:41', '0000-00-00 00:00:00'),
	(212, 1, '0000-00-00 00:00:00', 2, 2, 6, 212, 1000.00, 0.00, 1000.00, 0.00, 'PENAMBAHAN', 0.00, 0.00, 'OD0809041', '2018-08-24 09:59:42', '0000-00-00 00:00:00'),
	(213, 1, '0000-00-00 00:00:00', 2, 2, 6, 213, 1000.00, 0.00, 1000.00, 0.00, 'PENAMBAHAN', 0.00, 0.00, 'OD0809041', '2018-08-24 09:59:43', '0000-00-00 00:00:00'),
	(214, 1, '0000-00-00 00:00:00', 2, 2, 6, 214, 1000.00, 0.00, 1000.00, 0.00, 'PENAMBAHAN', 0.00, 0.00, 'OD0809041', '2018-08-24 09:59:44', '0000-00-00 00:00:00'),
	(215, 1, '0000-00-00 00:00:00', 2, 2, 6, 215, 1000.00, 0.00, 1000.00, 0.00, 'PENAMBAHAN', 0.00, 0.00, 'OD0809041', '2018-08-24 09:59:45', '0000-00-00 00:00:00'),
	(216, 1, '0000-00-00 00:00:00', 2, 2, 6, 216, 1000.00, 0.00, 1000.00, 0.00, 'PENAMBAHAN', 0.00, 0.00, 'OD0809041', '2018-08-24 09:59:46', '0000-00-00 00:00:00'),
	(217, 1, '0000-00-00 00:00:00', 2, 2, 6, 217, 1000.00, 0.00, 1000.00, 0.00, 'PENAMBAHAN', 0.00, 0.00, 'OD0809041', '2018-08-24 09:59:41', '0000-00-00 00:00:00'),
	(218, 1, '0000-00-00 00:00:00', 2, 2, 6, 218, 1000.00, 0.00, 1000.00, 0.00, 'PENAMBAHAN', 0.00, 0.00, 'OD0809041', '2018-08-24 09:59:42', '0000-00-00 00:00:00'),
	(219, 1, '0000-00-00 00:00:00', 2, 2, 6, 219, 1000.00, 0.00, 1000.00, 0.00, 'PENAMBAHAN', 0.00, 0.00, 'OD0809041', '2018-08-24 09:59:43', '0000-00-00 00:00:00'),
	(220, 1, '0000-00-00 00:00:00', 2, 2, 6, 220, 1000.00, 0.00, 1000.00, 0.00, 'PENAMBAHAN', 0.00, 0.00, 'OD0809041', '2018-08-24 09:59:44', '0000-00-00 00:00:00'),
	(221, 1, '0000-00-00 00:00:00', 2, 2, 6, 221, 1000.00, 0.00, 1000.00, 0.00, 'PENAMBAHAN', 0.00, 0.00, 'OD0809041', '2018-08-24 09:59:45', '0000-00-00 00:00:00'),
	(222, 1, '0000-00-00 00:00:00', 2, 2, 6, 222, 1000.00, 0.00, 1000.00, 0.00, 'PENAMBAHAN', 0.00, 0.00, 'OD0809041', '2018-08-24 09:59:46', '0000-00-00 00:00:00'),
	(223, 1, '0000-00-00 00:00:00', 2, 2, 6, 223, 1000.00, 0.00, 1000.00, 0.00, 'PENAMBAHAN', 0.00, 0.00, 'OD0809041', '2018-08-24 09:59:41', '0000-00-00 00:00:00'),
	(224, 1, '0000-00-00 00:00:00', 2, 2, 6, 224, 1000.00, 0.00, 1000.00, 0.00, 'PENAMBAHAN', 0.00, 0.00, 'OD0809041', '2018-08-24 09:59:42', '0000-00-00 00:00:00'),
	(225, 1, '0000-00-00 00:00:00', 2, 2, 6, 225, 1000.00, 0.00, 1000.00, 0.00, 'PENAMBAHAN', 0.00, 0.00, 'OD0809041', '2018-08-24 09:59:43', '0000-00-00 00:00:00'),
	(226, 1, '0000-00-00 00:00:00', 2, 2, 6, 226, 1000.00, 0.00, 1000.00, 0.00, 'PENAMBAHAN', 0.00, 0.00, 'OD0809041', '2018-08-24 09:59:44', '0000-00-00 00:00:00'),
	(227, 1, '0000-00-00 00:00:00', 2, 2, 6, 227, 1000.00, 0.00, 1000.00, 0.00, 'PENAMBAHAN', 0.00, 0.00, 'OD0809041', '2018-08-24 09:59:45', '0000-00-00 00:00:00'),
	(228, 1, '0000-00-00 00:00:00', 2, 2, 6, 228, 1000.00, 0.00, 1000.00, 0.00, 'PENAMBAHAN', 0.00, 0.00, 'OD0809041', '2018-08-24 09:59:46', '0000-00-00 00:00:00'),
	(229, 1, '0000-00-00 00:00:00', 2, 2, 6, 229, 1000.00, 0.00, 1000.00, 0.00, 'PENAMBAHAN', 0.00, 0.00, 'OD0809041', '2018-08-24 09:59:41', '0000-00-00 00:00:00'),
	(230, 1, '0000-00-00 00:00:00', 2, 2, 6, 230, 1000.00, 0.00, 1000.00, 0.00, 'PENAMBAHAN', 0.00, 0.00, 'OD0809041', '2018-08-24 09:59:42', '0000-00-00 00:00:00'),
	(231, 1, '0000-00-00 00:00:00', 2, 2, 6, 231, 1000.00, 0.00, 1000.00, 0.00, 'PENAMBAHAN', 0.00, 0.00, 'OD0809041', '2018-08-24 09:59:43', '0000-00-00 00:00:00'),
	(232, 1, '0000-00-00 00:00:00', 2, 2, 6, 232, 1000.00, 0.00, 1000.00, 0.00, 'PENAMBAHAN', 0.00, 0.00, 'OD0809041', '2018-08-24 09:59:44', '0000-00-00 00:00:00'),
	(233, 1, '0000-00-00 00:00:00', 2, 2, 6, 234, 1000.00, 0.00, 1000.00, 0.00, 'PENAMBAHAN', 0.00, 0.00, 'OD0809041', '2018-08-24 09:59:45', '0000-00-00 00:00:00'),
	(234, 1, '0000-00-00 00:00:00', 2, 2, 6, 235, 1000.00, 0.00, 1000.00, 0.00, 'PENAMBAHAN', 0.00, 0.00, 'OD0809041', '2018-08-24 09:59:46', '0000-00-00 00:00:00'),
	(235, 1, '0000-00-00 00:00:00', 2, 2, 6, 236, 1000.00, 0.00, 1000.00, 0.00, 'PENAMBAHAN', 0.00, 0.00, 'OD0809041', '2018-08-24 09:59:41', '0000-00-00 00:00:00'),
	(236, 1, '0000-00-00 00:00:00', 2, 2, 6, 237, 1000.00, 0.00, 1000.00, 0.00, 'PENAMBAHAN', 0.00, 0.00, 'OD0809041', '2018-08-24 09:59:42', '0000-00-00 00:00:00'),
	(237, 1, '0000-00-00 00:00:00', 2, 2, 6, 238, 1000.00, 0.00, 1000.00, 0.00, 'PENAMBAHAN', 0.00, 0.00, 'OD0809041', '2018-08-24 09:59:43', '0000-00-00 00:00:00'),
	(238, 1, '0000-00-00 00:00:00', 2, 2, 6, 239, 1000.00, 0.00, 1000.00, 0.00, 'PENAMBAHAN', 0.00, 0.00, 'OD0809041', '2018-08-24 09:59:44', '0000-00-00 00:00:00'),
	(239, 1, '0000-00-00 00:00:00', 2, 2, 6, 240, 1000.00, 0.00, 1000.00, 0.00, 'PENAMBAHAN', 0.00, 0.00, 'OD0809041', '2018-08-24 09:59:45', '0000-00-00 00:00:00'),
	(240, 1, '0000-00-00 00:00:00', 2, 2, 6, 241, 1000.00, 0.00, 1000.00, 0.00, 'PENAMBAHAN', 0.00, 0.00, 'OD0809041', '2018-08-24 09:59:46', '0000-00-00 00:00:00'),
	(241, 1, '0000-00-00 00:00:00', 2, 2, 6, 242, 1000.00, 0.00, 1000.00, 0.00, 'PENAMBAHAN', 0.00, 0.00, 'OD0809041', '2018-08-24 09:59:41', '0000-00-00 00:00:00'),
	(242, 1, '0000-00-00 00:00:00', 2, 2, 6, 243, 1000.00, 0.00, 1000.00, 0.00, 'PENAMBAHAN', 0.00, 0.00, 'OD0809041', '2018-08-24 09:59:42', '0000-00-00 00:00:00'),
	(243, 1, '0000-00-00 00:00:00', 2, 2, 6, 244, 1000.00, 0.00, 1000.00, 0.00, 'PENAMBAHAN', 0.00, 0.00, 'OD0809041', '2018-08-24 09:59:43', '0000-00-00 00:00:00'),
	(244, 1, '0000-00-00 00:00:00', 2, 2, 6, 245, 1000.00, 0.00, 1000.00, 0.00, 'PENAMBAHAN', 0.00, 0.00, 'OD0809041', '2018-08-24 09:59:44', '0000-00-00 00:00:00'),
	(245, 1, '0000-00-00 00:00:00', 2, 2, 6, 246, 1000.00, 0.00, 1000.00, 0.00, 'PENAMBAHAN', 0.00, 0.00, 'OD0809041', '2018-08-24 09:59:45', '0000-00-00 00:00:00'),
	(246, 1, '0000-00-00 00:00:00', 2, 2, 6, 247, 1000.00, 0.00, 1000.00, 0.00, 'PENAMBAHAN', 0.00, 0.00, 'OD0809041', '2018-08-24 09:59:46', '0000-00-00 00:00:00'),
	(247, 1, '0000-00-00 00:00:00', 2, 2, 6, 248, 1000.00, 0.00, 1000.00, 0.00, 'PENAMBAHAN', 0.00, 0.00, 'OD0809041', '2018-08-24 09:59:41', '0000-00-00 00:00:00'),
	(248, 1, '0000-00-00 00:00:00', 2, 2, 6, 249, 1000.00, 0.00, 1000.00, 0.00, 'PENAMBAHAN', 0.00, 0.00, 'OD0809041', '2018-08-24 09:59:42', '0000-00-00 00:00:00'),
	(249, 1, '0000-00-00 00:00:00', 2, 2, 6, 250, 1000.00, 0.00, 1000.00, 0.00, 'PENAMBAHAN', 0.00, 0.00, 'OD0809041', '2018-08-24 09:59:43', '0000-00-00 00:00:00'),
	(250, 1, '0000-00-00 00:00:00', 2, 2, 6, 251, 1000.00, 0.00, 1000.00, 0.00, 'PENAMBAHAN', 0.00, 0.00, 'OD0809041', '2018-08-24 09:59:44', '0000-00-00 00:00:00'),
	(251, 1, '0000-00-00 00:00:00', 2, 2, 6, 252, 1000.00, 0.00, 1000.00, 0.00, 'PENAMBAHAN', 0.00, 0.00, 'OD0809041', '2018-08-24 09:59:45', '0000-00-00 00:00:00'),
	(252, 1, '0000-00-00 00:00:00', 2, 2, 6, 253, 1000.00, 0.00, 1000.00, 0.00, 'PENAMBAHAN', 0.00, 0.00, 'OD0809041', '2018-08-24 09:59:46', '0000-00-00 00:00:00'),
	(253, 1, '0000-00-00 00:00:00', 2, 2, 6, 254, 1000.00, 0.00, 1000.00, 0.00, 'PENAMBAHAN', 0.00, 0.00, 'OD0809041', '2018-08-24 09:59:41', '0000-00-00 00:00:00'),
	(254, 1, '0000-00-00 00:00:00', 2, 2, 6, 255, 1000.00, 0.00, 1000.00, 0.00, 'PENAMBAHAN', 0.00, 0.00, 'OD0809041', '2018-08-24 09:59:42', '0000-00-00 00:00:00'),
	(255, 1, '0000-00-00 00:00:00', 2, 2, 6, 256, 1000.00, 0.00, 1000.00, 0.00, 'PENAMBAHAN', 0.00, 0.00, 'OD0809041', '2018-08-24 09:59:43', '0000-00-00 00:00:00'),
	(256, 1, '0000-00-00 00:00:00', 2, 2, 6, 257, 1000.00, 0.00, 1000.00, 0.00, 'PENAMBAHAN', 0.00, 0.00, 'OD0809041', '2018-08-24 09:59:44', '0000-00-00 00:00:00'),
	(257, 1, '0000-00-00 00:00:00', 2, 2, 6, 258, 1000.00, 0.00, 1000.00, 0.00, 'PENAMBAHAN', 0.00, 0.00, 'OD0809041', '2018-08-24 09:59:45', '0000-00-00 00:00:00'),
	(258, 1, '0000-00-00 00:00:00', 2, 2, 6, 259, 1000.00, 0.00, 1000.00, 0.00, 'PENAMBAHAN', 0.00, 0.00, 'OD0809041', '2018-08-24 09:59:46', '0000-00-00 00:00:00'),
	(259, 1, '0000-00-00 00:00:00', 2, 2, 6, 260, 1000.00, 0.00, 1000.00, 0.00, 'PENAMBAHAN', 0.00, 0.00, 'OD0809041', '2018-08-24 09:59:41', '0000-00-00 00:00:00'),
	(260, 1, '0000-00-00 00:00:00', 2, 2, 6, 261, 1000.00, 0.00, 1000.00, 0.00, 'PENAMBAHAN', 0.00, 0.00, 'OD0809041', '2018-08-24 09:59:42', '0000-00-00 00:00:00'),
	(261, 1, '0000-00-00 00:00:00', 2, 2, 6, 262, 1000.00, 0.00, 1000.00, 0.00, 'PENAMBAHAN', 0.00, 0.00, 'OD0809041', '2018-08-24 09:59:43', '0000-00-00 00:00:00'),
	(262, 1, '0000-00-00 00:00:00', 2, 2, 6, 263, 1000.00, 0.00, 1000.00, 0.00, 'PENAMBAHAN', 0.00, 0.00, 'OD0809041', '2018-08-24 09:59:44', '0000-00-00 00:00:00'),
	(263, 1, '0000-00-00 00:00:00', 2, 2, 6, 264, 1000.00, 0.00, 1000.00, 0.00, 'PENAMBAHAN', 0.00, 0.00, 'OD0809041', '2018-08-24 09:59:45', '0000-00-00 00:00:00'),
	(264, 1, '0000-00-00 00:00:00', 2, 2, 6, 265, 1000.00, 0.00, 1000.00, 0.00, 'PENAMBAHAN', 0.00, 0.00, 'OD0809041', '2018-08-24 09:59:46', '0000-00-00 00:00:00'),
	(265, 1, '0000-00-00 00:00:00', 2, 2, 6, 266, 1000.00, 0.00, 1000.00, 0.00, 'PENAMBAHAN', 0.00, 0.00, 'OD0809041', '2018-08-24 09:59:41', '0000-00-00 00:00:00'),
	(266, 1, '0000-00-00 00:00:00', 2, 2, 6, 267, 1000.00, 0.00, 1000.00, 0.00, 'PENAMBAHAN', 0.00, 0.00, 'OD0809041', '2018-08-24 09:59:42', '0000-00-00 00:00:00'),
	(267, 1, '0000-00-00 00:00:00', 2, 2, 6, 268, 1000.00, 0.00, 1000.00, 0.00, 'PENAMBAHAN', 0.00, 0.00, 'OD0809041', '2018-08-24 09:59:43', '0000-00-00 00:00:00'),
	(268, 1, '0000-00-00 00:00:00', 3, 3, 6, 269, 0.00, 0.00, 0.00, 0.00, 'PENAMBAHAN', 0.00, 0.00, 'OD0809041', '2018-08-24 09:59:44', '0000-00-00 00:00:00'),
	(269, 1, '0000-00-00 00:00:00', 3, 3, 6, 270, 0.00, 0.00, 0.00, 0.00, 'PENAMBAHAN', 0.00, 0.00, 'OD0809041', '2018-08-24 09:59:45', '0000-00-00 00:00:00'),
	(270, 1, '0000-00-00 00:00:00', 3, 3, 6, 271, 0.00, 0.00, 0.00, 0.00, 'PENAMBAHAN', 0.00, 0.00, 'OD0809041', '2018-08-24 09:59:46', '0000-00-00 00:00:00'),
	(271, 1, '0000-00-00 00:00:00', 3, 3, 6, 272, 0.00, 0.00, 0.00, 0.00, 'PENAMBAHAN', 0.00, 0.00, 'OD0809041', '2018-08-24 09:59:41', '0000-00-00 00:00:00'),
	(272, 1, '0000-00-00 00:00:00', 3, 3, 6, 273, 0.00, 0.00, 0.00, 0.00, 'PENAMBAHAN', 0.00, 0.00, 'OD0809041', '2018-08-24 09:59:42', '0000-00-00 00:00:00'),
	(273, 1, '0000-00-00 00:00:00', 3, 3, 6, 274, 0.00, 0.00, 0.00, 0.00, 'PENAMBAHAN', 0.00, 0.00, 'OD0809041', '2018-08-24 09:59:43', '0000-00-00 00:00:00'),
	(274, 1, '0000-00-00 00:00:00', 3, 3, 6, 275, 0.00, 0.00, 0.00, 0.00, 'PENAMBAHAN', 0.00, 0.00, 'OD0809041', '2018-08-24 09:59:44', '0000-00-00 00:00:00'),
	(275, 1, '0000-00-00 00:00:00', 3, 3, 6, 276, 0.00, 0.00, 0.00, 0.00, 'PENAMBAHAN', 0.00, 0.00, 'OD0809041', '2018-08-24 09:59:45', '0000-00-00 00:00:00'),
	(276, 1, '0000-00-00 00:00:00', 3, 3, 6, 277, 0.00, 0.00, 0.00, 0.00, 'PENAMBAHAN', 0.00, 0.00, 'OD0809041', '2018-08-24 09:59:46', '0000-00-00 00:00:00'),
	(277, 1, '0000-00-00 00:00:00', 3, 3, 6, 278, 0.00, 0.00, 0.00, 0.00, 'PENAMBAHAN', 0.00, 0.00, 'OD0809041', '2018-08-24 09:59:41', '0000-00-00 00:00:00'),
	(278, 1, '0000-00-00 00:00:00', 3, 3, 6, 279, 0.00, 0.00, 0.00, 0.00, 'PENAMBAHAN', 0.00, 0.00, 'OD0809041', '2018-08-24 09:59:42', '0000-00-00 00:00:00'),
	(279, 1, '0000-00-00 00:00:00', 3, 3, 6, 280, 0.00, 0.00, 0.00, 0.00, 'PENAMBAHAN', 0.00, 0.00, 'OD0809041', '2018-08-24 09:59:43', '0000-00-00 00:00:00'),
	(280, 1, '0000-00-00 00:00:00', 3, 3, 6, 281, 0.00, 0.00, 0.00, 0.00, 'PENAMBAHAN', 0.00, 0.00, 'OD0809041', '2018-08-24 09:59:44', '0000-00-00 00:00:00'),
	(281, 1, '0000-00-00 00:00:00', 2, 2, 6, 282, 1000.00, 0.00, 1000.00, 0.00, 'PENAMBAHAN', 0.00, 0.00, 'OD0809041', '2018-08-24 09:59:45', '0000-00-00 00:00:00'),
	(282, 1, '0000-00-00 00:00:00', 2, 2, 6, 283, 1000.00, 0.00, 1000.00, 0.00, 'PENAMBAHAN', 0.00, 0.00, 'OD0809041', '2018-08-24 09:59:46', '0000-00-00 00:00:00'),
	(283, 1, '0000-00-00 00:00:00', 2, 2, 6, 284, 1000.00, 0.00, 1000.00, 0.00, 'PENAMBAHAN', 0.00, 0.00, 'OD0809041', '2018-08-24 09:59:41', '0000-00-00 00:00:00'),
	(284, 1, '0000-00-00 00:00:00', 2, 2, 6, 285, 1000.00, 0.00, 1000.00, 0.00, 'PENAMBAHAN', 0.00, 0.00, 'OD0809041', '2018-08-24 09:59:42', '0000-00-00 00:00:00'),
	(285, 1, '0000-00-00 00:00:00', 2, 2, 6, 286, 1000.00, 0.00, 1000.00, 0.00, 'PENAMBAHAN', 0.00, 0.00, 'OD0809041', '2018-08-24 09:59:43', '0000-00-00 00:00:00'),
	(286, 1, '0000-00-00 00:00:00', 2, 2, 6, 287, 1000.00, 0.00, 1000.00, 0.00, 'PENAMBAHAN', 0.00, 0.00, 'OD0809041', '2018-08-24 09:59:44', '0000-00-00 00:00:00'),
	(287, 1, '0000-00-00 00:00:00', 2, 2, 6, 288, 1000.00, 0.00, 1000.00, 0.00, 'PENAMBAHAN', 0.00, 0.00, 'OD0809041', '2018-08-24 09:59:45', '0000-00-00 00:00:00'),
	(288, 1, '0000-00-00 00:00:00', 2, 2, 6, 289, 1000.00, 0.00, 1000.00, 0.00, 'PENAMBAHAN', 0.00, 0.00, 'OD0809041', '2018-08-24 09:59:46', '0000-00-00 00:00:00'),
	(289, 1, '0000-00-00 00:00:00', 2, 2, 6, 290, 1000.00, 0.00, 1000.00, 0.00, 'PENAMBAHAN', 0.00, 0.00, 'OD0809041', '2018-08-24 09:59:41', '0000-00-00 00:00:00'),
	(290, 1, '0000-00-00 00:00:00', 2, 2, 6, 291, 1000.00, 0.00, 1000.00, 0.00, 'PENAMBAHAN', 0.00, 0.00, 'OD0809041', '2018-08-24 09:59:42', '0000-00-00 00:00:00'),
	(291, 1, '0000-00-00 00:00:00', 2, 2, 6, 292, 1000.00, 0.00, 1000.00, 0.00, 'PENAMBAHAN', 0.00, 0.00, 'OD0809041', '2018-08-24 09:59:43', '0000-00-00 00:00:00'),
	(292, 1, '0000-00-00 00:00:00', 2, 2, 6, 293, 1000.00, 0.00, 1000.00, 0.00, 'PENAMBAHAN', 0.00, 0.00, 'OD0809041', '2018-08-24 09:59:44', '0000-00-00 00:00:00'),
	(293, 1, '0000-00-00 00:00:00', 2, 2, 6, 294, 1000.00, 0.00, 1000.00, 0.00, 'PENAMBAHAN', 0.00, 0.00, 'OD0809041', '2018-08-24 09:59:45', '0000-00-00 00:00:00'),
	(294, 1, '0000-00-00 00:00:00', 2, 2, 6, 295, 1000.00, 0.00, 1000.00, 0.00, 'PENAMBAHAN', 0.00, 0.00, 'OD0809041', '2018-08-24 09:59:46', '0000-00-00 00:00:00'),
	(295, 1, '0000-00-00 00:00:00', 2, 2, 6, 296, 1000.00, 150.00, 850.00, 0.00, 'PENAMBAHAN', 0.00, 0.00, 'OD0809041', '2018-08-24 09:59:41', '2018-09-28 15:59:23'),
	(296, 1, '0000-00-00 00:00:00', 2, 2, 6, 297, 1000.00, 100.00, 900.00, 0.00, 'PENAMBAHAN', 0.00, 0.00, 'OD0809041', '2018-08-24 09:59:42', '2018-09-28 15:59:23'),
	(297, 1, '0000-00-00 00:00:00', 2, 2, 6, 298, 1000.00, 0.00, 1000.00, 0.00, 'PENAMBAHAN', 0.00, 0.00, 'OD0809041', '2018-08-24 09:59:43', '0000-00-00 00:00:00'),
	(298, 1, '0000-00-00 00:00:00', 2, 2, 6, 299, 1000.00, 0.00, 1000.00, 0.00, 'PENAMBAHAN', 0.00, 0.00, 'OD0809041', '2018-08-24 09:59:44', '0000-00-00 00:00:00'),
	(299, 1, '0000-00-00 00:00:00', 2, 2, 6, 300, 1000.00, 150.00, 850.00, 0.00, 'PENAMBAHAN', 0.00, 0.00, 'OD0809041', '2018-08-24 09:59:45', '2018-09-28 15:59:23'),
	(300, 1, '0000-00-00 00:00:00', 2, 2, 6, 301, 1000.00, 200.00, 800.00, 0.00, 'PENAMBAHAN', 0.00, 0.00, 'OD0809041', '2018-08-24 09:59:46', '2018-09-28 15:59:23'),
	(301, 1, '0000-00-00 00:00:00', 2, 2, 6, 302, 1000.00, 0.00, 1000.00, 0.00, 'PENAMBAHAN', 0.00, 0.00, 'OD0809041', '2018-08-24 09:59:41', '0000-00-00 00:00:00'),
	(302, 1, '0000-00-00 00:00:00', 2, 2, 6, 303, 1000.00, 0.00, 1000.00, 0.00, 'PENAMBAHAN', 0.00, 0.00, 'OD0809041', '2018-08-24 09:59:42', '0000-00-00 00:00:00'),
	(303, 1, '0000-00-00 00:00:00', 2, 2, 6, 304, 1000.00, 0.00, 1000.00, 0.00, 'PENAMBAHAN', 0.00, 0.00, 'OD0809041', '2018-08-24 09:59:43', '0000-00-00 00:00:00'),
	(304, 1, '0000-00-00 00:00:00', 2, 2, 6, 305, 1000.00, 0.00, 1000.00, 0.00, 'PENAMBAHAN', 0.00, 0.00, 'OD0809041', '2018-08-24 09:59:44', '0000-00-00 00:00:00'),
	(305, 1, '0000-00-00 00:00:00', 2, 2, 6, 306, 1000.00, 0.00, 1000.00, 0.00, 'PENAMBAHAN', 0.00, 0.00, 'OD0809041', '2018-08-24 09:59:45', '0000-00-00 00:00:00'),
	(306, 1, '0000-00-00 00:00:00', 2, 2, 6, 307, 1000.00, 0.00, 1000.00, 0.00, 'PENAMBAHAN', 0.00, 0.00, 'OD0809041', '2018-08-24 09:59:46', '0000-00-00 00:00:00'),
	(307, 1, '0000-00-00 00:00:00', 2, 2, 6, 308, 1000.00, 0.00, 1000.00, 0.00, 'PENAMBAHAN', 0.00, 0.00, 'OD0809041', '2018-08-24 09:59:41', '0000-00-00 00:00:00'),
	(308, 1, '0000-00-00 00:00:00', 2, 2, 6, 309, 1000.00, 0.00, 1000.00, 0.00, 'PENAMBAHAN', 0.00, 0.00, 'OD0809041', '2018-08-24 09:59:42', '0000-00-00 00:00:00'),
	(309, 1, '0000-00-00 00:00:00', 2, 2, 6, 310, 1000.00, 0.00, 1000.00, 0.00, 'PENAMBAHAN', 0.00, 0.00, 'OD0809041', '2018-08-24 09:59:43', '0000-00-00 00:00:00'),
	(310, 1, '0000-00-00 00:00:00', 2, 2, 6, 311, 1000.00, 0.00, 1000.00, 0.00, 'PENAMBAHAN', 0.00, 0.00, 'OD0809041', '2018-08-24 09:59:44', '0000-00-00 00:00:00'),
	(311, 1, '0000-00-00 00:00:00', 2, 2, 6, 312, 1000.00, 0.00, 1000.00, 0.00, 'PENAMBAHAN', 0.00, 0.00, 'OD0809041', '2018-08-24 09:59:45', '0000-00-00 00:00:00'),
	(312, 1, '0000-00-00 00:00:00', 2, 2, 6, 313, 1000.00, 0.00, 1000.00, 0.00, 'PENAMBAHAN', 0.00, 0.00, 'OD0809041', '2018-08-24 09:59:46', '0000-00-00 00:00:00'),
	(313, 1, '0000-00-00 00:00:00', 2, 2, 6, 314, 1000.00, 0.00, 1000.00, 0.00, 'PENAMBAHAN', 0.00, 0.00, 'OD0809041', '2018-08-24 09:59:41', '0000-00-00 00:00:00'),
	(314, 1, '0000-00-00 00:00:00', 2, 2, 6, 315, 1000.00, 0.00, 1000.00, 0.00, 'PENAMBAHAN', 0.00, 0.00, 'OD0809041', '2018-08-24 09:59:42', '0000-00-00 00:00:00'),
	(315, 1, '0000-00-00 00:00:00', 2, 2, 6, 316, 1000.00, 0.00, 1000.00, 0.00, 'PENAMBAHAN', 0.00, 0.00, 'OD0809041', '2018-08-24 09:59:43', '0000-00-00 00:00:00'),
	(316, 1, '0000-00-00 00:00:00', 2, 2, 6, 317, 1000.00, 0.00, 1000.00, 0.00, 'PENAMBAHAN', 0.00, 0.00, 'OD0809041', '2018-08-24 09:59:44', '0000-00-00 00:00:00'),
	(317, 1, '0000-00-00 00:00:00', 2, 2, 6, 318, 1000.00, 0.00, 1000.00, 0.00, 'PENAMBAHAN', 0.00, 0.00, 'OD0809041', '2018-08-24 09:59:45', '0000-00-00 00:00:00'),
	(318, 1, '0000-00-00 00:00:00', 2, 2, 6, 319, 1000.00, 0.00, 1000.00, 0.00, 'PENAMBAHAN', 0.00, 0.00, 'OD0809041', '2018-08-24 09:59:46', '0000-00-00 00:00:00'),
	(319, 1, '0000-00-00 00:00:00', 2, 2, 6, 320, 1000.00, 0.00, 1000.00, 0.00, 'PENAMBAHAN', 0.00, 0.00, 'OD0809041', '2018-08-24 09:59:41', '0000-00-00 00:00:00'),
	(320, 1, '0000-00-00 00:00:00', 2, 2, 6, 321, 1000.00, 0.00, 1000.00, 0.00, 'PENAMBAHAN', 0.00, 0.00, 'OD0809041', '2018-08-24 09:59:42', '0000-00-00 00:00:00'),
	(321, 1, '0000-00-00 00:00:00', 2, 2, 6, 322, 1000.00, 0.00, 1000.00, 0.00, 'PENAMBAHAN', 0.00, 0.00, 'OD0809041', '2018-08-24 09:59:43', '0000-00-00 00:00:00'),
	(322, 1, '0000-00-00 00:00:00', 2, 2, 6, 323, 1000.00, 0.00, 1000.00, 0.00, 'PENAMBAHAN', 0.00, 0.00, 'OD0809041', '2018-08-24 09:59:44', '0000-00-00 00:00:00'),
	(323, 1, '0000-00-00 00:00:00', 2, 2, 6, 324, 1000.00, 0.00, 1000.00, 0.00, 'PENAMBAHAN', 0.00, 0.00, 'OD0809041', '2018-08-24 09:59:45', '0000-00-00 00:00:00'),
	(324, 1, '0000-00-00 00:00:00', 2, 2, 6, 325, 1000.00, 0.00, 1000.00, 0.00, 'PENAMBAHAN', 0.00, 0.00, 'OD0809041', '2018-08-24 09:59:46', '0000-00-00 00:00:00'),
	(325, 1, '0000-00-00 00:00:00', 2, 2, 6, 326, 1000.00, 0.00, 1000.00, 0.00, 'PENAMBAHAN', 0.00, 0.00, 'OD0809041', '2018-08-24 09:59:41', '0000-00-00 00:00:00'),
	(326, 1, '0000-00-00 00:00:00', 2, 2, 6, 327, 1000.00, 0.00, 1000.00, 0.00, 'PENAMBAHAN', 0.00, 0.00, 'OD0809041', '2018-08-24 09:59:42', '0000-00-00 00:00:00'),
	(327, 1, '0000-00-00 00:00:00', 2, 2, 6, 328, 1000.00, 0.00, 1000.00, 0.00, 'PENAMBAHAN', 0.00, 0.00, 'OD0809041', '2018-08-24 09:59:43', '0000-00-00 00:00:00'),
	(328, 1, '0000-00-00 00:00:00', 2, 2, 6, 329, 1000.00, 0.00, 1000.00, 0.00, 'PENAMBAHAN', 0.00, 0.00, 'OD0809041', '2018-08-24 09:59:44', '0000-00-00 00:00:00'),
	(329, 1, '0000-00-00 00:00:00', 2, 2, 6, 330, 1000.00, 0.00, 1000.00, 0.00, 'PENAMBAHAN', 0.00, 0.00, 'OD0809041', '2018-08-24 09:59:45', '0000-00-00 00:00:00'),
	(330, 1, '0000-00-00 00:00:00', 2, 2, 6, 331, 1000.00, 0.00, 1000.00, 0.00, 'PENAMBAHAN', 0.00, 0.00, 'OD0809041', '2018-08-24 09:59:46', '0000-00-00 00:00:00'),
	(331, 1, '0000-00-00 00:00:00', 2, 2, 6, 332, 1000.00, 0.00, 1000.00, 0.00, 'PENAMBAHAN', 0.00, 0.00, 'OD0809041', '2018-08-24 09:59:41', '0000-00-00 00:00:00'),
	(332, 1, '0000-00-00 00:00:00', 2, 2, 6, 333, 1000.00, 0.00, 1000.00, 0.00, 'PENAMBAHAN', 0.00, 0.00, 'OD0809041', '2018-08-24 09:59:42', '0000-00-00 00:00:00'),
	(333, 1, '0000-00-00 00:00:00', 2, 2, 6, 334, 1000.00, 0.00, 1000.00, 0.00, 'PENAMBAHAN', 0.00, 0.00, 'OD0809041', '2018-08-24 09:59:43', '0000-00-00 00:00:00'),
	(334, 1, '0000-00-00 00:00:00', 2, 2, 6, 335, 1000.00, 0.00, 1000.00, 0.00, 'PENAMBAHAN', 0.00, 0.00, 'OD0809041', '2018-08-24 09:59:44', '0000-00-00 00:00:00'),
	(335, 1, '0000-00-00 00:00:00', 2, 2, 6, 336, 1000.00, 0.00, 1000.00, 0.00, 'PENAMBAHAN', 0.00, 0.00, 'OD0809041', '2018-08-24 09:59:45', '0000-00-00 00:00:00'),
	(336, 1, '0000-00-00 00:00:00', 2, 2, 6, 337, 1000.00, 0.00, 1000.00, 0.00, 'PENAMBAHAN', 0.00, 0.00, 'OD0809041', '2018-08-24 09:59:46', '0000-00-00 00:00:00'),
	(337, 1, '0000-00-00 00:00:00', 2, 2, 6, 338, 1000.00, 0.00, 1000.00, 0.00, 'PENAMBAHAN', 0.00, 0.00, 'OD0809041', '2018-08-24 09:59:41', '0000-00-00 00:00:00'),
	(338, 1, '0000-00-00 00:00:00', 2, 2, 6, 339, 1000.00, 0.00, 1000.00, 0.00, 'PENAMBAHAN', 0.00, 0.00, 'OD0809041', '2018-08-24 09:59:42', '0000-00-00 00:00:00'),
	(339, 1, '0000-00-00 00:00:00', 2, 2, 6, 340, 1000.00, 0.00, 1000.00, 0.00, 'PENAMBAHAN', 0.00, 0.00, 'OD0809041', '2018-08-24 09:59:43', '0000-00-00 00:00:00'),
	(340, 1, '0000-00-00 00:00:00', 2, 2, 6, 341, 1000.00, 0.00, 1000.00, 0.00, 'PENAMBAHAN', 0.00, 0.00, 'OD0809041', '2018-08-24 09:59:44', '0000-00-00 00:00:00'),
	(341, 1, '0000-00-00 00:00:00', 2, 2, 6, 342, 1000.00, 0.00, 1000.00, 0.00, 'PENAMBAHAN', 0.00, 0.00, 'OD0809041', '2018-08-24 09:59:45', '0000-00-00 00:00:00'),
	(342, 1, '0000-00-00 00:00:00', 2, 2, 6, 343, 1000.00, 0.00, 1000.00, 0.00, 'PENAMBAHAN', 0.00, 0.00, 'OD0809041', '2018-08-24 09:59:46', '0000-00-00 00:00:00'),
	(343, 1, '0000-00-00 00:00:00', 2, 2, 6, 344, 1000.00, 0.00, 1000.00, 0.00, 'PENAMBAHAN', 0.00, 0.00, 'OD0809041', '2018-08-24 09:59:41', '0000-00-00 00:00:00'),
	(344, 1, '0000-00-00 00:00:00', 2, 2, 6, 345, 1000.00, 0.00, 1000.00, 0.00, 'PENAMBAHAN', 0.00, 0.00, 'OD0809041', '2018-08-24 09:59:42', '0000-00-00 00:00:00'),
	(345, 1, '0000-00-00 00:00:00', 2, 2, 6, 346, 1000.00, 0.00, 1000.00, 0.00, 'PENAMBAHAN', 0.00, 0.00, 'OD0809041', '2018-08-24 09:59:43', '0000-00-00 00:00:00'),
	(346, 1, '0000-00-00 00:00:00', 2, 2, 6, 347, 1000.00, 0.00, 1000.00, 0.00, 'PENAMBAHAN', 0.00, 0.00, 'OD0809041', '2018-08-24 09:59:44', '0000-00-00 00:00:00'),
	(347, 1, '0000-00-00 00:00:00', 2, 2, 6, 348, 1000.00, 0.00, 1000.00, 0.00, 'PENAMBAHAN', 0.00, 0.00, 'OD0809041', '2018-08-24 09:59:45', '0000-00-00 00:00:00'),
	(348, 1, '0000-00-00 00:00:00', 2, 2, 6, 349, 1000.00, 0.00, 1000.00, 0.00, 'PENAMBAHAN', 0.00, 0.00, 'OD0809041', '2018-08-24 09:59:46', '0000-00-00 00:00:00'),
	(349, 1, '0000-00-00 00:00:00', 2, 2, 6, 350, 1000.00, 10.00, 990.00, 0.00, 'PENAMBAHAN', 0.00, 0.00, 'OD0809041', '2018-08-24 09:59:41', '2018-09-28 15:59:23'),
	(350, 1, '0000-00-00 00:00:00', 2, 2, 6, 351, 1000.00, 0.00, 1000.00, 0.00, 'PENAMBAHAN', 0.00, 0.00, 'OD0809041', '2018-08-24 09:59:42', '0000-00-00 00:00:00'),
	(351, 1, '0000-00-00 00:00:00', 2, 2, 6, 352, 1000.00, 0.00, 1000.00, 0.00, 'PENAMBAHAN', 0.00, 0.00, 'OD0809041', '2018-08-24 09:59:43', '0000-00-00 00:00:00'),
	(352, 1, '0000-00-00 00:00:00', 2, 2, 6, 353, 1000.00, 0.00, 1000.00, 0.00, 'PENAMBAHAN', 0.00, 0.00, 'OD0809041', '2018-08-24 09:59:44', '0000-00-00 00:00:00'),
	(353, 1, '0000-00-00 00:00:00', 2, 2, 6, 354, 1000.00, 0.00, 1000.00, 0.00, 'PENAMBAHAN', 0.00, 0.00, 'OD0809041', '2018-08-24 09:59:45', '0000-00-00 00:00:00'),
	(354, 1, '0000-00-00 00:00:00', 2, 2, 6, 355, 1000.00, 0.00, 1000.00, 0.00, 'PENAMBAHAN', 0.00, 0.00, 'OD0809041', '2018-08-24 09:59:46', '0000-00-00 00:00:00'),
	(355, 1, '0000-00-00 00:00:00', 2, 2, 6, 356, 1000.00, 0.00, 1000.00, 0.00, 'PENAMBAHAN', 0.00, 0.00, 'OD0809041', '2018-08-24 09:59:41', '0000-00-00 00:00:00'),
	(356, 1, '0000-00-00 00:00:00', 2, 2, 6, 357, 1000.00, 0.00, 1000.00, 0.00, 'PENAMBAHAN', 0.00, 0.00, 'OD0809041', '2018-08-24 09:59:42', '0000-00-00 00:00:00'),
	(357, 1, '0000-00-00 00:00:00', 2, 2, 6, 358, 1000.00, 0.00, 1000.00, 0.00, 'PENAMBAHAN', 0.00, 0.00, 'OD0809041', '2018-08-24 09:59:43', '0000-00-00 00:00:00'),
	(358, 1, '0000-00-00 00:00:00', 2, 2, 6, 359, 1000.00, 0.00, 1000.00, 0.00, 'PENAMBAHAN', 0.00, 0.00, 'OD0809041', '2018-08-24 09:59:44', '0000-00-00 00:00:00'),
	(359, 1, '0000-00-00 00:00:00', 2, 2, 6, 360, 1000.00, 0.00, 1000.00, 0.00, 'PENAMBAHAN', 0.00, 0.00, 'OD0809041', '2018-08-24 09:59:45', '0000-00-00 00:00:00'),
	(360, 1, '0000-00-00 00:00:00', 2, 2, 6, 361, 1000.00, 0.00, 1000.00, 0.00, 'PENAMBAHAN', 0.00, 0.00, 'OD0809041', '2018-08-24 09:59:46', '0000-00-00 00:00:00'),
	(361, 1, '0000-00-00 00:00:00', 2, 2, 6, 362, 1000.00, 0.00, 1000.00, 0.00, 'PENAMBAHAN', 0.00, 0.00, 'OD0809041', '2018-08-24 09:59:41', '0000-00-00 00:00:00'),
	(362, 1, '0000-00-00 00:00:00', 2, 2, 6, 363, 1000.00, 0.00, 1000.00, 0.00, 'PENAMBAHAN', 0.00, 0.00, 'OD0809041', '2018-08-24 09:59:42', '0000-00-00 00:00:00'),
	(363, 1, '0000-00-00 00:00:00', 2, 2, 6, 364, 1000.00, 0.00, 1000.00, 0.00, 'PENAMBAHAN', 0.00, 0.00, 'OD0809041', '2018-08-24 09:59:43', '0000-00-00 00:00:00'),
	(364, 1, '0000-00-00 00:00:00', 2, 2, 6, 365, 1000.00, 0.00, 1000.00, 0.00, 'PENAMBAHAN', 0.00, 0.00, 'OD0809041', '2018-08-24 09:59:44', '0000-00-00 00:00:00'),
	(365, 1, '0000-00-00 00:00:00', 2, 2, 6, 366, 1000.00, 0.00, 1000.00, 0.00, 'PENAMBAHAN', 0.00, 0.00, 'OD0809041', '2018-08-24 09:59:45', '0000-00-00 00:00:00'),
	(366, 1, '0000-00-00 00:00:00', 2, 2, 6, 367, 1000.00, 0.00, 1000.00, 0.00, 'PENAMBAHAN', 0.00, 0.00, 'OD0809041', '2018-08-24 09:59:46', '0000-00-00 00:00:00'),
	(367, 1, '0000-00-00 00:00:00', 2, 2, 6, 368, 1000.00, 0.00, 1000.00, 0.00, 'PENAMBAHAN', 0.00, 0.00, 'OD0809041', '2018-08-24 09:59:41', '0000-00-00 00:00:00'),
	(368, 1, '0000-00-00 00:00:00', 2, 2, 6, 369, 1000.00, 0.00, 1000.00, 0.00, 'PENAMBAHAN', 0.00, 0.00, 'OD0809041', '2018-08-24 09:59:42', '0000-00-00 00:00:00'),
	(369, 1, '0000-00-00 00:00:00', 2, 2, 6, 370, 1000.00, 0.00, 1000.00, 0.00, 'PENAMBAHAN', 0.00, 0.00, 'OD0809041', '2018-08-24 09:59:43', '0000-00-00 00:00:00'),
	(370, 1, '0000-00-00 00:00:00', 2, 2, 6, 371, 1000.00, 0.00, 1000.00, 0.00, 'PENAMBAHAN', 0.00, 0.00, 'OD0809041', '2018-08-24 09:59:44', '0000-00-00 00:00:00'),
	(371, 1, '0000-00-00 00:00:00', 2, 2, 6, 372, 1000.00, 0.00, 1000.00, 0.00, 'PENAMBAHAN', 0.00, 0.00, 'OD0809041', '2018-08-24 09:59:45', '0000-00-00 00:00:00'),
	(372, 1, '0000-00-00 00:00:00', 2, 2, 6, 373, 1000.00, 0.00, 1000.00, 0.00, 'PENAMBAHAN', 0.00, 0.00, 'OD0809041', '2018-08-24 09:59:46', '0000-00-00 00:00:00'),
	(373, 1, '0000-00-00 00:00:00', 2, 2, 6, 374, 1000.00, 0.00, 1000.00, 0.00, 'PENAMBAHAN', 0.00, 0.00, 'OD0809041', '2018-08-24 09:59:41', '0000-00-00 00:00:00'),
	(374, 1, '0000-00-00 00:00:00', 2, 2, 6, 375, 1000.00, 0.00, 1000.00, 0.00, 'PENAMBAHAN', 0.00, 0.00, 'OD0809041', '2018-08-24 09:59:42', '0000-00-00 00:00:00'),
	(375, 1, '0000-00-00 00:00:00', 2, 2, 6, 376, 1000.00, 0.00, 1000.00, 0.00, 'PENAMBAHAN', 0.00, 0.00, 'OD0809041', '2018-08-24 09:59:43', '0000-00-00 00:00:00'),
	(376, 1, '0000-00-00 00:00:00', 2, 2, 6, 377, 1000.00, 0.00, 1000.00, 0.00, 'PENAMBAHAN', 0.00, 0.00, 'OD0809041', '2018-08-24 09:59:44', '0000-00-00 00:00:00'),
	(377, 1, '0000-00-00 00:00:00', 2, 2, 6, 378, 1000.00, 0.00, 1000.00, 0.00, 'PENAMBAHAN', 0.00, 0.00, 'OD0809041', '2018-08-24 09:59:45', '0000-00-00 00:00:00'),
	(378, 1, '0000-00-00 00:00:00', 2, 2, 6, 379, 1000.00, 0.00, 1000.00, 0.00, 'PENAMBAHAN', 0.00, 0.00, 'OD0809041', '2018-08-24 09:59:46', '0000-00-00 00:00:00'),
	(379, 1, '0000-00-00 00:00:00', 2, 2, 6, 380, 1000.00, 0.00, 1000.00, 0.00, 'PENAMBAHAN', 0.00, 0.00, 'OD0809041', '2018-08-24 09:59:41', '0000-00-00 00:00:00'),
	(380, 1, '0000-00-00 00:00:00', 2, 2, 6, 381, 1000.00, 0.00, 1000.00, 0.00, 'PENAMBAHAN', 0.00, 0.00, 'OD0809041', '2018-08-24 09:59:42', '0000-00-00 00:00:00'),
	(381, 1, '0000-00-00 00:00:00', 2, 2, 6, 382, 1000.00, 0.00, 1000.00, 0.00, 'PENAMBAHAN', 0.00, 0.00, 'OD0809041', '2018-08-24 09:59:43', '0000-00-00 00:00:00'),
	(382, 1, '0000-00-00 00:00:00', 2, 2, 6, 383, 1000.00, 0.00, 1000.00, 0.00, 'PENAMBAHAN', 0.00, 0.00, 'OD0809041', '2018-08-24 09:59:44', '0000-00-00 00:00:00'),
	(383, 1, '0000-00-00 00:00:00', 2, 2, 6, 384, 1000.00, 0.00, 1000.00, 0.00, 'PENAMBAHAN', 0.00, 0.00, 'OD0809041', '2018-08-24 09:59:45', '0000-00-00 00:00:00'),
	(384, 1, '0000-00-00 00:00:00', 2, 2, 6, 385, 1000.00, 0.00, 1000.00, 0.00, 'PENAMBAHAN', 0.00, 0.00, 'OD0809041', '2018-08-24 09:59:46', '0000-00-00 00:00:00'),
	(385, 1, '0000-00-00 00:00:00', 2, 2, 6, 386, 1000.00, 0.00, 1000.00, 0.00, 'PENAMBAHAN', 0.00, 0.00, 'OD0809041', '2018-08-24 09:59:41', '0000-00-00 00:00:00'),
	(386, 1, '0000-00-00 00:00:00', 2, 2, 6, 387, 1000.00, 0.00, 1000.00, 0.00, 'PENAMBAHAN', 0.00, 0.00, 'OD0809041', '2018-08-24 09:59:42', '0000-00-00 00:00:00'),
	(387, 1, '0000-00-00 00:00:00', 2, 2, 6, 388, 1000.00, 0.00, 1000.00, 0.00, 'PENAMBAHAN', 0.00, 0.00, 'OD0809041', '2018-08-24 09:59:43', '0000-00-00 00:00:00'),
	(388, 1, '0000-00-00 00:00:00', 2, 2, 6, 389, 1000.00, 0.00, 1000.00, 0.00, 'PENAMBAHAN', 0.00, 0.00, 'OD0809041', '2018-08-24 09:59:44', '0000-00-00 00:00:00'),
	(389, 1, '0000-00-00 00:00:00', 2, 2, 6, 390, 1000.00, 0.00, 1000.00, 0.00, 'PENAMBAHAN', 0.00, 0.00, 'OD0809041', '2018-08-24 09:59:45', '0000-00-00 00:00:00'),
	(390, 1, '0000-00-00 00:00:00', 2, 2, 6, 391, 1000.00, 0.00, 1000.00, 0.00, 'PENAMBAHAN', 0.00, 0.00, 'OD0809041', '2018-08-24 09:59:46', '0000-00-00 00:00:00'),
	(391, 1, '0000-00-00 00:00:00', 2, 2, 6, 392, 1000.00, 0.00, 1000.00, 0.00, 'PENAMBAHAN', 0.00, 0.00, 'OD0809041', '2018-08-24 09:59:41', '0000-00-00 00:00:00'),
	(392, 1, '0000-00-00 00:00:00', 2, 2, 6, 393, 1000.00, 0.00, 1000.00, 0.00, 'PENAMBAHAN', 0.00, 0.00, 'OD0809041', '2018-08-24 09:59:42', '0000-00-00 00:00:00'),
	(393, 1, '0000-00-00 00:00:00', 2, 2, 6, 394, 1000.00, 0.00, 1000.00, 0.00, 'PENAMBAHAN', 0.00, 0.00, 'OD0809041', '2018-08-24 09:59:43', '0000-00-00 00:00:00'),
	(394, 1, '0000-00-00 00:00:00', 2, 2, 6, 395, 1000.00, 0.00, 1000.00, 0.00, 'PENAMBAHAN', 0.00, 0.00, 'OD0809041', '2018-08-24 09:59:44', '0000-00-00 00:00:00'),
	(395, 1, '0000-00-00 00:00:00', 2, 2, 6, 396, 1000.00, 0.00, 1000.00, 0.00, 'PENAMBAHAN', 0.00, 0.00, 'OD0809041', '2018-08-24 09:59:45', '0000-00-00 00:00:00'),
	(396, 1, '0000-00-00 00:00:00', 2, 2, 6, 397, 1000.00, 0.00, 1000.00, 0.00, 'PENAMBAHAN', 0.00, 0.00, 'OD0809041', '2018-08-24 09:59:46', '0000-00-00 00:00:00'),
	(397, 1, '0000-00-00 00:00:00', 2, 2, 6, 398, 1000.00, 0.00, 1000.00, 0.00, 'PENAMBAHAN', 0.00, 0.00, 'OD0809041', '2018-08-24 09:59:41', '0000-00-00 00:00:00'),
	(398, 1, '0000-00-00 00:00:00', 2, 2, 6, 399, 1000.00, 0.00, 1000.00, 0.00, 'PENAMBAHAN', 0.00, 0.00, 'OD0809041', '2018-08-24 09:59:42', '0000-00-00 00:00:00'),
	(399, 1, '0000-00-00 00:00:00', 2, 2, 6, 400, 1000.00, 0.00, 1000.00, 0.00, 'PENAMBAHAN', 0.00, 0.00, 'OD0809041', '2018-08-24 09:59:43', '0000-00-00 00:00:00'),
	(400, 1, '0000-00-00 00:00:00', 2, 2, 6, 401, 1000.00, 0.00, 1000.00, 0.00, 'PENAMBAHAN', 0.00, 0.00, 'OD0809041', '2018-08-24 09:59:44', '0000-00-00 00:00:00'),
	(401, 1, '0000-00-00 00:00:00', 2, 2, 6, 402, 1000.00, 0.00, 1000.00, 0.00, 'PENAMBAHAN', 0.00, 0.00, 'OD0809041', '2018-08-24 09:59:45', '0000-00-00 00:00:00'),
	(402, 1, '0000-00-00 00:00:00', 2, 2, 6, 403, 1000.00, 0.00, 1000.00, 0.00, 'PENAMBAHAN', 0.00, 0.00, 'OD0809041', '2018-08-24 09:59:46', '0000-00-00 00:00:00'),
	(403, 1, '0000-00-00 00:00:00', 2, 2, 6, 404, 1000.00, 0.00, 1000.00, 0.00, 'PENAMBAHAN', 0.00, 0.00, 'OD0809041', '2018-08-24 09:59:41', '0000-00-00 00:00:00'),
	(404, 1, '0000-00-00 00:00:00', 2, 2, 6, 405, 1000.00, 0.00, 1000.00, 0.00, 'PENAMBAHAN', 0.00, 0.00, 'OD0809041', '2018-08-24 09:59:42', '0000-00-00 00:00:00'),
	(405, 1, '0000-00-00 00:00:00', 2, 2, 6, 406, 1000.00, 0.00, 1000.00, 0.00, 'PENAMBAHAN', 0.00, 0.00, 'OD0809041', '2018-08-24 09:59:43', '0000-00-00 00:00:00'),
	(406, 1, '0000-00-00 00:00:00', 2, 2, 6, 407, 1000.00, 0.00, 1000.00, 0.00, 'PENAMBAHAN', 0.00, 0.00, 'OD0809041', '2018-08-24 09:59:44', '0000-00-00 00:00:00'),
	(407, 1, '0000-00-00 00:00:00', 2, 2, 6, 408, 1000.00, 0.00, 1000.00, 0.00, 'PENAMBAHAN', 0.00, 0.00, 'OD0809041', '2018-08-24 09:59:45', '0000-00-00 00:00:00'),
	(408, 1, '0000-00-00 00:00:00', 2, 2, 6, 409, 1000.00, 0.00, 1000.00, 0.00, 'PENAMBAHAN', 0.00, 0.00, 'OD0809041', '2018-08-24 09:59:46', '0000-00-00 00:00:00'),
	(409, 1, '0000-00-00 00:00:00', 2, 2, 6, 410, 1000.00, 0.00, 1000.00, 0.00, 'PENAMBAHAN', 0.00, 0.00, 'OD0809041', '2018-08-24 09:59:41', '0000-00-00 00:00:00'),
	(410, 1, '0000-00-00 00:00:00', 2, 2, 6, 411, 1000.00, 0.00, 1000.00, 0.00, 'PENAMBAHAN', 0.00, 0.00, 'OD0809041', '2018-08-24 09:59:42', '0000-00-00 00:00:00'),
	(411, 1, '0000-00-00 00:00:00', 2, 2, 6, 412, 1000.00, 0.00, 1000.00, 0.00, 'PENAMBAHAN', 0.00, 0.00, 'OD0809041', '2018-08-24 09:59:43', '0000-00-00 00:00:00'),
	(412, 1, '0000-00-00 00:00:00', 2, 2, 6, 413, 1000.00, 0.00, 1000.00, 0.00, 'PENAMBAHAN', 0.00, 0.00, 'OD0809041', '2018-08-24 09:59:44', '0000-00-00 00:00:00'),
	(413, 1, '0000-00-00 00:00:00', 2, 2, 6, 414, 1000.00, 0.00, 1000.00, 0.00, 'PENAMBAHAN', 0.00, 0.00, 'OD0809041', '2018-08-24 09:59:45', '0000-00-00 00:00:00'),
	(414, 1, '0000-00-00 00:00:00', 2, 2, 6, 415, 1000.00, 1.00, 999.00, 0.00, 'PENAMBAHAN', 0.00, 0.00, 'OD0809041', '2018-08-24 09:59:46', '2018-09-28 15:46:16'),
	(415, 1, '0000-00-00 00:00:00', 2, 2, 6, 416, 1000.00, 0.00, 1000.00, 0.00, 'PENAMBAHAN', 0.00, 0.00, 'OD0809041', '2018-08-24 09:59:41', '0000-00-00 00:00:00'),
	(416, 1, '0000-00-00 00:00:00', 2, 2, 6, 417, 1000.00, 0.00, 1000.00, 0.00, 'PENAMBAHAN', 0.00, 0.00, 'OD0809041', '2018-08-24 09:59:42', '0000-00-00 00:00:00'),
	(417, 1, '0000-00-00 00:00:00', 2, 2, 6, 418, 1000.00, 0.00, 1000.00, 0.00, 'PENAMBAHAN', 0.00, 0.00, 'OD0809041', '2018-08-24 09:59:43', '0000-00-00 00:00:00'),
	(418, 1, '0000-00-00 00:00:00', 2, 2, 6, 419, 1000.00, 0.00, 1000.00, 0.00, 'PENAMBAHAN', 0.00, 0.00, 'OD0809041', '2018-08-24 09:59:44', '0000-00-00 00:00:00'),
	(419, 1, '0000-00-00 00:00:00', 2, 2, 6, 420, 1000.00, 0.00, 1000.00, 0.00, 'PENAMBAHAN', 0.00, 0.00, 'OD0809041', '2018-08-24 09:59:45', '0000-00-00 00:00:00'),
	(420, 1, '0000-00-00 00:00:00', 2, 2, 6, 422, 1000.00, 0.00, 1000.00, 0.00, 'PENAMBAHAN', 0.00, 0.00, 'OD0809041', '2018-08-24 09:59:46', '0000-00-00 00:00:00'),
	(421, 1, '0000-00-00 00:00:00', 2, 2, 6, 423, 1000.00, 0.00, 1000.00, 0.00, 'PENAMBAHAN', 0.00, 0.00, 'OD0809041', '2018-08-24 09:59:41', '0000-00-00 00:00:00'),
	(422, 1, '0000-00-00 00:00:00', 2, 2, 6, 424, 1000.00, 0.00, 1000.00, 0.00, 'PENAMBAHAN', 0.00, 0.00, 'OD0809041', '2018-08-24 09:59:42', '0000-00-00 00:00:00'),
	(423, 1, '0000-00-00 00:00:00', 2, 2, 6, 425, 1000.00, 0.00, 1000.00, 0.00, 'PENAMBAHAN', 0.00, 0.00, 'OD0809041', '2018-08-24 09:59:43', '0000-00-00 00:00:00'),
	(424, 1, '0000-00-00 00:00:00', 2, 2, 6, 426, 1000.00, 0.00, 1000.00, 0.00, 'PENAMBAHAN', 0.00, 0.00, 'OD0809041', '2018-08-24 09:59:44', '0000-00-00 00:00:00'),
	(425, 1, '0000-00-00 00:00:00', 2, 2, 6, 427, 1000.00, 0.00, 1000.00, 0.00, 'PENAMBAHAN', 0.00, 0.00, 'OD0809041', '2018-08-24 09:59:45', '0000-00-00 00:00:00'),
	(426, 1, '0000-00-00 00:00:00', 2, 2, 6, 428, 1000.00, 0.00, 1000.00, 0.00, 'PENAMBAHAN', 0.00, 0.00, 'OD0809041', '2018-08-24 09:59:46', '0000-00-00 00:00:00'),
	(427, 1, '0000-00-00 00:00:00', 2, 2, 6, 429, 1000.00, 0.00, 1000.00, 0.00, 'PENAMBAHAN', 0.00, 0.00, 'OD0809041', '2018-08-24 09:59:41', '0000-00-00 00:00:00'),
	(428, 1, '0000-00-00 00:00:00', 2, 2, 6, 430, 1000.00, 0.00, 1000.00, 0.00, 'PENAMBAHAN', 0.00, 0.00, 'OD0809041', '2018-08-24 09:59:42', '0000-00-00 00:00:00'),
	(429, 1, '0000-00-00 00:00:00', 2, 2, 6, 431, 1000.00, 0.00, 1000.00, 0.00, 'PENAMBAHAN', 0.00, 0.00, 'OD0809041', '2018-08-24 09:59:43', '0000-00-00 00:00:00'),
	(430, 1, '0000-00-00 00:00:00', 2, 2, 6, 432, 1000.00, 0.00, 1000.00, 0.00, 'PENAMBAHAN', 0.00, 0.00, 'OD0809041', '2018-08-24 09:59:44', '0000-00-00 00:00:00'),
	(431, 1, '0000-00-00 00:00:00', 2, 2, 6, 433, 1000.00, 0.00, 1000.00, 0.00, 'PENAMBAHAN', 0.00, 0.00, 'OD0809041', '2018-08-24 09:59:45', '0000-00-00 00:00:00'),
	(432, 1, '0000-00-00 00:00:00', 2, 2, 6, 434, 1000.00, 0.00, 1000.00, 0.00, 'PENAMBAHAN', 0.00, 0.00, 'OD0809041', '2018-08-24 09:59:46', '0000-00-00 00:00:00'),
	(433, 1, '0000-00-00 00:00:00', 2, 2, 6, 435, 1000.00, 0.00, 1000.00, 0.00, 'PENAMBAHAN', 0.00, 0.00, 'OD0809041', '2018-08-24 09:59:41', '0000-00-00 00:00:00'),
	(434, 1, '0000-00-00 00:00:00', 2, 2, 6, 436, 1000.00, 0.00, 1000.00, 0.00, 'PENAMBAHAN', 0.00, 0.00, 'OD0809041', '2018-08-24 09:59:42', '0000-00-00 00:00:00'),
	(435, 1, '0000-00-00 00:00:00', 2, 2, 6, 437, 1000.00, 0.00, 1000.00, 0.00, 'PENAMBAHAN', 0.00, 0.00, 'OD0809041', '2018-08-24 09:59:43', '0000-00-00 00:00:00'),
	(436, 1, '0000-00-00 00:00:00', 2, 2, 6, 438, 1000.00, 0.00, 1000.00, 0.00, 'PENAMBAHAN', 0.00, 0.00, 'OD0809041', '2018-08-24 09:59:44', '0000-00-00 00:00:00'),
	(437, 1, '0000-00-00 00:00:00', 2, 2, 6, 439, 1000.00, 0.00, 1000.00, 0.00, 'PENAMBAHAN', 0.00, 0.00, 'OD0809041', '2018-08-24 09:59:45', '0000-00-00 00:00:00'),
	(438, 1, '0000-00-00 00:00:00', 2, 2, 6, 440, 1000.00, 0.00, 1000.00, 0.00, 'PENAMBAHAN', 0.00, 0.00, 'OD0809041', '2018-08-24 09:59:46', '0000-00-00 00:00:00'),
	(439, 1, '0000-00-00 00:00:00', 2, 2, 6, 441, 1000.00, 0.00, 1000.00, 0.00, 'PENAMBAHAN', 0.00, 0.00, 'OD0809041', '2018-08-24 09:59:41', '0000-00-00 00:00:00'),
	(440, 1, '0000-00-00 00:00:00', 2, 2, 6, 442, 1000.00, 0.00, 1000.00, 0.00, 'PENAMBAHAN', 0.00, 0.00, 'OD0809041', '2018-08-24 09:59:42', '0000-00-00 00:00:00'),
	(441, 1, '0000-00-00 00:00:00', 2, 2, 6, 443, 1000.00, 0.00, 1000.00, 0.00, 'PENAMBAHAN', 0.00, 0.00, 'OD0809041', '2018-08-24 09:59:43', '0000-00-00 00:00:00'),
	(442, 1, '0000-00-00 00:00:00', 2, 2, 6, 444, 1000.00, 0.00, 1000.00, 0.00, 'PENAMBAHAN', 0.00, 0.00, 'OD0809041', '2018-08-24 09:59:44', '0000-00-00 00:00:00'),
	(443, 1, '0000-00-00 00:00:00', 2, 2, 6, 445, 1000.00, 0.00, 1000.00, 0.00, 'PENAMBAHAN', 0.00, 0.00, 'OD0809041', '2018-08-24 09:59:45', '0000-00-00 00:00:00'),
	(444, 1, '0000-00-00 00:00:00', 2, 2, 6, 446, 1000.00, 0.00, 1000.00, 0.00, 'PENAMBAHAN', 0.00, 0.00, 'OD0809041', '2018-08-24 09:59:46', '0000-00-00 00:00:00'),
	(445, 1, '0000-00-00 00:00:00', 2, 2, 6, 447, 1000.00, 0.00, 1000.00, 0.00, 'PENAMBAHAN', 0.00, 0.00, 'OD0809041', '2018-08-24 09:59:41', '0000-00-00 00:00:00'),
	(446, 1, '0000-00-00 00:00:00', 2, 2, 6, 448, 1000.00, 0.00, 1000.00, 0.00, 'PENAMBAHAN', 0.00, 0.00, 'OD0809041', '2018-08-24 09:59:42', '0000-00-00 00:00:00'),
	(447, 1, '0000-00-00 00:00:00', 2, 2, 6, 449, 1000.00, 0.00, 1000.00, 0.00, 'PENAMBAHAN', 0.00, 0.00, 'OD0809041', '2018-08-24 09:59:43', '0000-00-00 00:00:00'),
	(448, 1, '0000-00-00 00:00:00', 2, 2, 6, 450, 1000.00, 0.00, 1000.00, 0.00, 'PENAMBAHAN', 0.00, 0.00, 'OD0809041', '2018-08-24 09:59:44', '0000-00-00 00:00:00'),
	(449, 1, '0000-00-00 00:00:00', 2, 2, 6, 451, 1000.00, 0.00, 1000.00, 0.00, 'PENAMBAHAN', 0.00, 0.00, 'OD0809041', '2018-08-24 09:59:45', '0000-00-00 00:00:00'),
	(450, 1, '0000-00-00 00:00:00', 2, 2, 6, 452, 1000.00, 0.00, 1000.00, 0.00, 'PENAMBAHAN', 0.00, 0.00, 'OD0809041', '2018-08-24 09:59:46', '0000-00-00 00:00:00'),
	(451, 1, '0000-00-00 00:00:00', 2, 2, 6, 453, 1000.00, 0.00, 1000.00, 0.00, 'PENAMBAHAN', 0.00, 0.00, 'OD0809041', '2018-08-24 09:59:41', '0000-00-00 00:00:00'),
	(452, 1, '0000-00-00 00:00:00', 2, 2, 6, 454, 1000.00, 0.00, 1000.00, 0.00, 'PENAMBAHAN', 0.00, 0.00, 'OD0809041', '2018-08-24 09:59:42', '0000-00-00 00:00:00'),
	(453, 1, '0000-00-00 00:00:00', 2, 2, 6, 455, 1000.00, 0.00, 1000.00, 0.00, 'PENAMBAHAN', 0.00, 0.00, 'OD0809041', '2018-08-24 09:59:43', '0000-00-00 00:00:00'),
	(454, 1, '0000-00-00 00:00:00', 2, 2, 6, 456, 1000.00, 0.00, 1000.00, 0.00, 'PENAMBAHAN', 0.00, 0.00, 'OD0809041', '2018-08-24 09:59:44', '0000-00-00 00:00:00'),
	(455, 1, '0000-00-00 00:00:00', 2, 2, 6, 457, 1000.00, 0.00, 1000.00, 0.00, 'PENAMBAHAN', 0.00, 0.00, 'OD0809041', '2018-08-24 09:59:45', '0000-00-00 00:00:00'),
	(456, 1, '0000-00-00 00:00:00', 2, 2, 6, 458, 1000.00, 0.00, 1000.00, 0.00, 'PENAMBAHAN', 0.00, 0.00, 'OD0809041', '2018-08-24 09:59:46', '0000-00-00 00:00:00'),
	(457, 1, '0000-00-00 00:00:00', 2, 2, 6, 459, 1000.00, 0.00, 1000.00, 0.00, 'PENAMBAHAN', 0.00, 0.00, 'OD0809041', '2018-08-24 09:59:41', '0000-00-00 00:00:00'),
	(458, 1, '0000-00-00 00:00:00', 2, 2, 6, 460, 1000.00, 0.00, 1000.00, 0.00, 'PENAMBAHAN', 0.00, 0.00, 'OD0809041', '2018-08-24 09:59:42', '0000-00-00 00:00:00'),
	(459, 1, '0000-00-00 00:00:00', 2, 2, 6, 461, 1000.00, 0.00, 1000.00, 0.00, 'PENAMBAHAN', 0.00, 0.00, 'OD0809041', '2018-08-24 09:59:43', '0000-00-00 00:00:00'),
	(460, 1, '0000-00-00 00:00:00', 2, 2, 6, 462, 1000.00, 0.00, 1000.00, 0.00, 'PENAMBAHAN', 0.00, 0.00, 'OD0809041', '2018-08-24 09:59:44', '0000-00-00 00:00:00'),
	(461, 1, '0000-00-00 00:00:00', 2, 2, 6, 463, 1000.00, 0.00, 1000.00, 0.00, 'PENAMBAHAN', 0.00, 0.00, 'OD0809041', '2018-08-24 09:59:45', '0000-00-00 00:00:00'),
	(462, 1, '0000-00-00 00:00:00', 2, 2, 6, 464, 1000.00, 0.00, 1000.00, 0.00, 'PENAMBAHAN', 0.00, 0.00, 'OD0809041', '2018-08-24 09:59:46', '0000-00-00 00:00:00'),
	(463, 1, '0000-00-00 00:00:00', 2, 2, 6, 465, 1000.00, 0.00, 1000.00, 0.00, 'PENAMBAHAN', 0.00, 0.00, 'OD0809041', '2018-08-24 09:59:41', '0000-00-00 00:00:00'),
	(464, 1, '0000-00-00 00:00:00', 2, 2, 6, 466, 1000.00, 0.00, 1000.00, 0.00, 'PENAMBAHAN', 0.00, 0.00, 'OD0809041', '2018-08-24 09:59:42', '0000-00-00 00:00:00'),
	(465, 1, '0000-00-00 00:00:00', 2, 2, 6, 467, 1000.00, 0.00, 1000.00, 0.00, 'PENAMBAHAN', 0.00, 0.00, 'OD0809041', '2018-08-24 09:59:43', '0000-00-00 00:00:00'),
	(466, 1, '0000-00-00 00:00:00', 2, 2, 6, 468, 1000.00, 0.00, 1000.00, 0.00, 'PENAMBAHAN', 0.00, 0.00, 'OD0809041', '2018-08-24 09:59:44', '0000-00-00 00:00:00'),
	(467, 1, '0000-00-00 00:00:00', 2, 2, 6, 469, 1000.00, 0.00, 1000.00, 0.00, 'PENAMBAHAN', 0.00, 0.00, 'OD0809041', '2018-08-24 09:59:45', '0000-00-00 00:00:00'),
	(468, 1, '0000-00-00 00:00:00', 2, 2, 6, 470, 1000.00, 0.00, 1000.00, 0.00, 'PENAMBAHAN', 0.00, 0.00, 'OD0809041', '2018-08-24 09:59:46', '0000-00-00 00:00:00'),
	(469, 1, '0000-00-00 00:00:00', 2, 2, 6, 471, 1000.00, 0.00, 1000.00, 0.00, 'PENAMBAHAN', 0.00, 0.00, 'OD0809041', '2018-08-24 09:59:41', '0000-00-00 00:00:00'),
	(470, 1, '0000-00-00 00:00:00', 2, 2, 6, 472, 1000.00, 0.00, 1000.00, 0.00, 'PENAMBAHAN', 0.00, 0.00, 'OD0809041', '2018-08-24 09:59:42', '0000-00-00 00:00:00'),
	(471, 1, '0000-00-00 00:00:00', 2, 2, 6, 473, 1000.00, 0.00, 1000.00, 0.00, 'PENAMBAHAN', 0.00, 0.00, 'OD0809041', '2018-08-24 09:59:43', '0000-00-00 00:00:00'),
	(472, 1, '0000-00-00 00:00:00', 2, 2, 6, 474, 1000.00, 0.00, 1000.00, 0.00, 'PENAMBAHAN', 0.00, 0.00, 'OD0809041', '2018-08-24 09:59:44', '0000-00-00 00:00:00'),
	(473, 1, '0000-00-00 00:00:00', 2, 2, 6, 475, 1000.00, 0.00, 1000.00, 0.00, 'PENAMBAHAN', 0.00, 0.00, 'OD0809041', '2018-08-24 09:59:45', '0000-00-00 00:00:00'),
	(474, 1, '0000-00-00 00:00:00', 2, 2, 6, 476, 1000.00, 0.00, 1000.00, 0.00, 'PENAMBAHAN', 0.00, 0.00, 'OD0809041', '2018-08-24 09:59:46', '0000-00-00 00:00:00'),
	(475, 1, '0000-00-00 00:00:00', 2, 2, 6, 477, 1000.00, 0.00, 1000.00, 0.00, 'PENAMBAHAN', 0.00, 0.00, 'OD0809041', '2018-08-24 09:59:41', '0000-00-00 00:00:00'),
	(476, 1, '0000-00-00 00:00:00', 2, 2, 6, 478, 1000.00, 0.00, 1000.00, 0.00, 'PENAMBAHAN', 0.00, 0.00, 'OD0809041', '2018-08-24 09:59:42', '0000-00-00 00:00:00'),
	(477, 1, '0000-00-00 00:00:00', 2, 2, 6, 479, 1000.00, 0.00, 1000.00, 0.00, 'PENAMBAHAN', 0.00, 0.00, 'OD0809041', '2018-08-24 09:59:43', '0000-00-00 00:00:00'),
	(478, 1, '0000-00-00 00:00:00', 2, 2, 6, 480, 1000.00, 0.00, 1000.00, 0.00, 'PENAMBAHAN', 0.00, 0.00, 'OD0809041', '2018-08-24 09:59:44', '0000-00-00 00:00:00'),
	(479, 1, '0000-00-00 00:00:00', 2, 2, 6, 481, 1000.00, 0.00, 1000.00, 0.00, 'PENAMBAHAN', 0.00, 0.00, 'OD0809041', '2018-08-24 09:59:45', '0000-00-00 00:00:00'),
	(480, 1, '0000-00-00 00:00:00', 2, 2, 6, 482, 1000.00, 0.00, 1000.00, 0.00, 'PENAMBAHAN', 0.00, 0.00, 'OD0809041', '2018-08-24 09:59:46', '0000-00-00 00:00:00'),
	(481, 1, '0000-00-00 00:00:00', 2, 2, 6, 483, 1000.00, 0.00, 1000.00, 0.00, 'PENAMBAHAN', 0.00, 0.00, 'OD0809041', '2018-08-24 09:59:41', '0000-00-00 00:00:00'),
	(482, 1, '0000-00-00 00:00:00', 2, 2, 6, 484, 1000.00, 0.00, 1000.00, 0.00, 'PENAMBAHAN', 0.00, 0.00, 'OD0809041', '2018-08-24 09:59:42', '0000-00-00 00:00:00'),
	(483, 1, '0000-00-00 00:00:00', 2, 2, 6, 485, 1000.00, 0.00, 1000.00, 0.00, 'PENAMBAHAN', 0.00, 0.00, 'OD0809041', '2018-08-24 09:59:43', '0000-00-00 00:00:00'),
	(484, 1, '0000-00-00 00:00:00', 2, 2, 6, 486, 1000.00, 0.00, 1000.00, 0.00, 'PENAMBAHAN', 0.00, 0.00, 'OD0809041', '2018-08-24 09:59:44', '0000-00-00 00:00:00'),
	(485, 1, '0000-00-00 00:00:00', 2, 2, 6, 487, 1000.00, 0.00, 1000.00, 0.00, 'PENAMBAHAN', 0.00, 0.00, 'OD0809041', '2018-08-24 09:59:45', '0000-00-00 00:00:00'),
	(486, 1, '0000-00-00 00:00:00', 2, 2, 6, 488, 1000.00, 0.00, 1000.00, 0.00, 'PENAMBAHAN', 0.00, 0.00, 'OD0809041', '2018-08-24 09:59:46', '0000-00-00 00:00:00'),
	(487, 1, '0000-00-00 00:00:00', 2, 2, 6, 489, 1000.00, 0.00, 1000.00, 0.00, 'PENAMBAHAN', 0.00, 0.00, 'OD0809041', '2018-08-24 09:59:41', '0000-00-00 00:00:00'),
	(488, 1, '0000-00-00 00:00:00', 2, 2, 6, 490, 1000.00, 0.00, 1000.00, 0.00, 'PENAMBAHAN', 0.00, 0.00, 'OD0809041', '2018-08-24 09:59:42', '0000-00-00 00:00:00'),
	(489, 1, '0000-00-00 00:00:00', 2, 2, 6, 491, 1000.00, 0.00, 1000.00, 0.00, 'PENAMBAHAN', 0.00, 0.00, 'OD0809041', '2018-08-24 09:59:43', '0000-00-00 00:00:00'),
	(490, 1, '0000-00-00 00:00:00', 2, 2, 6, 492, 1000.00, 0.00, 1000.00, 0.00, 'PENAMBAHAN', 0.00, 0.00, 'OD0809041', '2018-08-24 09:59:44', '0000-00-00 00:00:00'),
	(491, 1, '0000-00-00 00:00:00', 2, 2, 6, 493, 1000.00, 0.00, 1000.00, 0.00, 'PENAMBAHAN', 0.00, 0.00, 'OD0809041', '2018-08-24 09:59:45', '0000-00-00 00:00:00'),
	(492, 1, '0000-00-00 00:00:00', 2, 2, 6, 494, 1000.00, 0.00, 1000.00, 0.00, 'PENAMBAHAN', 0.00, 0.00, 'OD0809041', '2018-08-24 09:59:46', '0000-00-00 00:00:00'),
	(493, 1, '0000-00-00 00:00:00', 2, 2, 6, 495, 1000.00, 0.00, 1000.00, 0.00, 'PENAMBAHAN', 0.00, 0.00, 'OD0809041', '2018-08-24 09:59:41', '0000-00-00 00:00:00'),
	(494, 1, '0000-00-00 00:00:00', 2, 2, 6, 496, 1000.00, 0.00, 1000.00, 0.00, 'PENAMBAHAN', 0.00, 0.00, 'OD0809041', '2018-08-24 09:59:42', '0000-00-00 00:00:00'),
	(495, 1, '0000-00-00 00:00:00', 2, 2, 6, 497, 1000.00, 0.00, 1000.00, 0.00, 'PENAMBAHAN', 0.00, 0.00, 'OD0809041', '2018-08-24 09:59:43', '0000-00-00 00:00:00'),
	(496, 1, '0000-00-00 00:00:00', 2, 2, 6, 498, 1000.00, 0.00, 1000.00, 0.00, 'PENAMBAHAN', 0.00, 0.00, 'OD0809041', '2018-08-24 09:59:44', '0000-00-00 00:00:00'),
	(497, 1, '0000-00-00 00:00:00', 2, 2, 6, 499, 1000.00, 0.00, 1000.00, 0.00, 'PENAMBAHAN', 0.00, 0.00, 'OD0809041', '2018-08-24 09:59:45', '0000-00-00 00:00:00'),
	(498, 1, '0000-00-00 00:00:00', 2, 2, 6, 500, 1000.00, 0.00, 1000.00, 0.00, 'PENAMBAHAN', 0.00, 0.00, 'OD0809041', '2018-08-24 09:59:46', '0000-00-00 00:00:00'),
	(499, 1, '0000-00-00 00:00:00', 2, 2, 6, 501, 1000.00, 0.00, 1000.00, 0.00, 'PENAMBAHAN', 0.00, 0.00, 'OD0809041', '2018-08-24 09:59:41', '0000-00-00 00:00:00'),
	(500, 1, '0000-00-00 00:00:00', 2, 2, 6, 502, 1000.00, 0.00, 1000.00, 0.00, 'PENAMBAHAN', 0.00, 0.00, 'OD0809041', '2018-08-24 09:59:42', '0000-00-00 00:00:00'),
	(501, 1, '0000-00-00 00:00:00', 2, 2, 6, 503, 1000.00, 0.00, 1000.00, 0.00, 'PENAMBAHAN', 0.00, 0.00, 'OD0809041', '2018-08-24 09:59:43', '0000-00-00 00:00:00'),
	(502, 1, '0000-00-00 00:00:00', 2, 2, 6, 504, 1000.00, 0.00, 1000.00, 0.00, 'PENAMBAHAN', 0.00, 0.00, 'OD0809041', '2018-08-24 09:59:44', '0000-00-00 00:00:00'),
	(503, 1, '0000-00-00 00:00:00', 2, 2, 6, 505, 1000.00, 0.00, 1000.00, 0.00, 'PENAMBAHAN', 0.00, 0.00, 'OD0809041', '2018-08-24 09:59:45', '0000-00-00 00:00:00'),
	(504, 1, '0000-00-00 00:00:00', 2, 2, 6, 506, 1000.00, 0.00, 1000.00, 0.00, 'PENAMBAHAN', 0.00, 0.00, 'OD0809041', '2018-08-24 09:59:46', '0000-00-00 00:00:00'),
	(505, 1, '0000-00-00 00:00:00', 2, 2, 6, 507, 1000.00, 0.00, 1000.00, 0.00, 'PENAMBAHAN', 0.00, 0.00, 'OD0809041', '2018-08-24 09:59:41', '0000-00-00 00:00:00'),
	(506, 1, '0000-00-00 00:00:00', 2, 2, 6, 508, 1000.00, 0.00, 1000.00, 0.00, 'PENAMBAHAN', 0.00, 0.00, 'OD0809041', '2018-08-24 09:59:42', '0000-00-00 00:00:00'),
	(507, 1, '0000-00-00 00:00:00', 2, 2, 6, 509, 1000.00, 0.00, 1000.00, 0.00, 'PENAMBAHAN', 0.00, 0.00, 'OD0809041', '2018-08-24 09:59:43', '0000-00-00 00:00:00'),
	(508, 1, '0000-00-00 00:00:00', 2, 2, 6, 510, 1000.00, 0.00, 1000.00, 0.00, 'PENAMBAHAN', 0.00, 0.00, 'OD0809041', '2018-08-24 09:59:44', '0000-00-00 00:00:00'),
	(509, 1, '0000-00-00 00:00:00', 2, 2, 6, 511, 1000.00, 0.00, 1000.00, 0.00, 'PENAMBAHAN', 0.00, 0.00, 'OD0809041', '2018-08-24 09:59:45', '0000-00-00 00:00:00'),
	(510, 1, '0000-00-00 00:00:00', 2, 2, 6, 512, 1000.00, 0.00, 1000.00, 0.00, 'PENAMBAHAN', 0.00, 0.00, 'OD0809041', '2018-08-24 09:59:46', '0000-00-00 00:00:00'),
	(511, 1, '0000-00-00 00:00:00', 2, 2, 6, 513, 1000.00, 0.00, 1000.00, 0.00, 'PENAMBAHAN', 0.00, 0.00, 'OD0809041', '2018-08-24 09:59:41', '0000-00-00 00:00:00'),
	(512, 1, '0000-00-00 00:00:00', 2, 2, 6, 514, 1000.00, 0.00, 1000.00, 0.00, 'PENAMBAHAN', 0.00, 0.00, 'OD0809041', '2018-08-24 09:59:42', '0000-00-00 00:00:00'),
	(513, 1, '0000-00-00 00:00:00', 2, 2, 6, 515, 1000.00, 0.00, 1000.00, 0.00, 'PENAMBAHAN', 0.00, 0.00, 'OD0809041', '2018-08-24 09:59:43', '0000-00-00 00:00:00'),
	(514, 1, '0000-00-00 00:00:00', 2, 2, 6, 516, 1000.00, 0.00, 1000.00, 0.00, 'PENAMBAHAN', 0.00, 0.00, 'OD0809041', '2018-08-24 09:59:44', '0000-00-00 00:00:00'),
	(515, 1, '0000-00-00 00:00:00', 2, 2, 6, 517, 1000.00, 0.00, 1000.00, 0.00, 'PENAMBAHAN', 0.00, 0.00, 'OD0809041', '2018-08-24 09:59:45', '0000-00-00 00:00:00'),
	(516, 1, '0000-00-00 00:00:00', 2, 2, 6, 518, 1000.00, 0.00, 1000.00, 0.00, 'PENAMBAHAN', 0.00, 0.00, 'OD0809041', '2018-08-24 09:59:46', '0000-00-00 00:00:00'),
	(517, 1, '0000-00-00 00:00:00', 2, 2, 6, 519, 1000.00, 0.00, 1000.00, 0.00, 'PENAMBAHAN', 0.00, 0.00, 'OD0809041', '2018-08-24 09:59:41', '0000-00-00 00:00:00'),
	(518, 1, '0000-00-00 00:00:00', 2, 2, 6, 520, 1000.00, 0.00, 1000.00, 0.00, 'PENAMBAHAN', 0.00, 0.00, 'OD0809041', '2018-08-24 09:59:42', '0000-00-00 00:00:00'),
	(519, 1, '0000-00-00 00:00:00', 2, 2, 6, 521, 1000.00, 0.00, 1000.00, 0.00, 'PENAMBAHAN', 0.00, 0.00, 'OD0809041', '2018-08-24 09:59:43', '0000-00-00 00:00:00'),
	(520, 1, '0000-00-00 00:00:00', 2, 2, 6, 522, 1000.00, 0.00, 1000.00, 0.00, 'PENAMBAHAN', 0.00, 0.00, 'OD0809041', '2018-08-24 09:59:44', '0000-00-00 00:00:00'),
	(521, 1, '0000-00-00 00:00:00', 2, 2, 6, 523, 1000.00, 0.00, 1000.00, 0.00, 'PENAMBAHAN', 0.00, 0.00, 'OD0809041', '2018-08-24 09:59:45', '0000-00-00 00:00:00'),
	(522, 1, '0000-00-00 00:00:00', 2, 2, 6, 524, 1000.00, 0.00, 1000.00, 0.00, 'PENAMBAHAN', 0.00, 0.00, 'OD0809041', '2018-08-24 09:59:46', '0000-00-00 00:00:00'),
	(523, 1, '0000-00-00 00:00:00', 2, 2, 6, 525, 1000.00, 0.00, 1000.00, 0.00, 'PENAMBAHAN', 0.00, 0.00, 'OD0809041', '2018-08-24 09:59:41', '0000-00-00 00:00:00'),
	(524, 1, '0000-00-00 00:00:00', 2, 2, 6, 526, 1000.00, 0.00, 1000.00, 0.00, 'PENAMBAHAN', 0.00, 0.00, 'OD0809041', '2018-08-24 09:59:42', '0000-00-00 00:00:00'),
	(525, 1, '0000-00-00 00:00:00', 2, 2, 6, 527, 1000.00, 0.00, 1000.00, 0.00, 'PENAMBAHAN', 0.00, 0.00, 'OD0809041', '2018-08-24 09:59:43', '0000-00-00 00:00:00'),
	(526, 1, '0000-00-00 00:00:00', 2, 2, 6, 528, 1000.00, 0.00, 1000.00, 0.00, 'PENAMBAHAN', 0.00, 0.00, 'OD0809041', '2018-08-24 09:59:44', '0000-00-00 00:00:00'),
	(527, 1, '0000-00-00 00:00:00', 2, 2, 6, 529, 1000.00, 0.00, 1000.00, 0.00, 'PENAMBAHAN', 0.00, 0.00, 'OD0809041', '2018-08-24 09:59:45', '0000-00-00 00:00:00'),
	(528, 1, '0000-00-00 00:00:00', 2, 2, 6, 530, 1000.00, 0.00, 1000.00, 0.00, 'PENAMBAHAN', 0.00, 0.00, 'OD0809041', '2018-08-24 09:59:46', '0000-00-00 00:00:00'),
	(529, 1, '0000-00-00 00:00:00', 2, 2, 6, 531, 1000.00, 0.00, 1000.00, 0.00, 'PENAMBAHAN', 0.00, 0.00, 'OD0809041', '2018-08-24 09:59:41', '0000-00-00 00:00:00'),
	(530, 1, '0000-00-00 00:00:00', 2, 2, 6, 532, 1000.00, 0.00, 1000.00, 0.00, 'PENAMBAHAN', 0.00, 0.00, 'OD0809041', '2018-08-24 09:59:42', '0000-00-00 00:00:00'),
	(531, 1, '0000-00-00 00:00:00', 2, 2, 6, 533, 1000.00, 0.00, 1000.00, 0.00, 'PENAMBAHAN', 0.00, 0.00, 'OD0809041', '2018-08-24 09:59:43', '0000-00-00 00:00:00'),
	(532, 1, '0000-00-00 00:00:00', 2, 2, 6, 534, 1000.00, 0.00, 1000.00, 0.00, 'PENAMBAHAN', 0.00, 0.00, 'OD0809041', '2018-08-24 09:59:44', '0000-00-00 00:00:00'),
	(533, 1, '0000-00-00 00:00:00', 2, 2, 6, 535, 1000.00, 0.00, 1000.00, 0.00, 'PENAMBAHAN', 0.00, 0.00, 'OD0809041', '2018-08-24 09:59:45', '0000-00-00 00:00:00'),
	(534, 1, '0000-00-00 00:00:00', 2, 2, 6, 536, 1000.00, 0.00, 1000.00, 0.00, 'PENAMBAHAN', 0.00, 0.00, 'OD0809041', '2018-08-24 09:59:46', '0000-00-00 00:00:00'),
	(535, 1, '0000-00-00 00:00:00', 2, 2, 6, 537, 1000.00, 0.00, 1000.00, 0.00, 'PENAMBAHAN', 0.00, 0.00, 'OD0809041', '2018-08-24 09:59:41', '0000-00-00 00:00:00'),
	(536, 1, '0000-00-00 00:00:00', 2, 2, 6, 538, 1000.00, 0.00, 1000.00, 0.00, 'PENAMBAHAN', 0.00, 0.00, 'OD0809041', '2018-08-24 09:59:42', '0000-00-00 00:00:00'),
	(537, 1, '0000-00-00 00:00:00', 2, 2, 6, 539, 1000.00, 0.00, 1000.00, 0.00, 'PENAMBAHAN', 0.00, 0.00, 'OD0809041', '2018-08-24 09:59:43', '0000-00-00 00:00:00'),
	(538, 1, '0000-00-00 00:00:00', 2, 2, 6, 540, 1000.00, 0.00, 1000.00, 0.00, 'PENAMBAHAN', 0.00, 0.00, 'OD0809041', '2018-08-24 09:59:44', '0000-00-00 00:00:00'),
	(539, 1, '0000-00-00 00:00:00', 2, 2, 6, 541, 1000.00, 0.00, 1000.00, 0.00, 'PENAMBAHAN', 0.00, 0.00, 'OD0809041', '2018-08-24 09:59:45', '0000-00-00 00:00:00'),
	(540, 1, '0000-00-00 00:00:00', 2, 2, 6, 542, 1000.00, 0.00, 1000.00, 0.00, 'PENAMBAHAN', 0.00, 0.00, 'OD0809041', '2018-08-24 09:59:46', '0000-00-00 00:00:00'),
	(541, 1, '0000-00-00 00:00:00', 2, 2, 6, 543, 1000.00, 0.00, 1000.00, 0.00, 'PENAMBAHAN', 0.00, 0.00, 'OD0809041', '2018-08-24 09:59:41', '0000-00-00 00:00:00'),
	(542, 1, '0000-00-00 00:00:00', 2, 2, 6, 544, 1000.00, 0.00, 1000.00, 0.00, 'PENAMBAHAN', 0.00, 0.00, 'OD0809041', '2018-08-24 09:59:42', '0000-00-00 00:00:00'),
	(543, 1, '0000-00-00 00:00:00', 2, 2, 6, 545, 1000.00, 0.00, 1000.00, 0.00, 'PENAMBAHAN', 0.00, 0.00, 'OD0809041', '2018-08-24 09:59:43', '0000-00-00 00:00:00'),
	(544, 1, '0000-00-00 00:00:00', 2, 2, 6, 546, 1000.00, 0.00, 1000.00, 0.00, 'PENAMBAHAN', 0.00, 0.00, 'OD0809041', '2018-08-24 09:59:44', '0000-00-00 00:00:00'),
	(545, 1, '0000-00-00 00:00:00', 2, 2, 6, 547, 1000.00, 0.00, 1000.00, 0.00, 'PENAMBAHAN', 0.00, 0.00, 'OD0809041', '2018-08-24 09:59:45', '0000-00-00 00:00:00'),
	(546, 1, '0000-00-00 00:00:00', 2, 2, 6, 548, 1000.00, 0.00, 1000.00, 0.00, 'PENAMBAHAN', 0.00, 0.00, 'OD0809041', '2018-08-24 09:59:46', '0000-00-00 00:00:00'),
	(547, 1, '0000-00-00 00:00:00', 2, 2, 6, 549, 1000.00, 0.00, 1000.00, 0.00, 'PENAMBAHAN', 0.00, 0.00, 'OD0809041', '2018-08-24 09:59:41', '0000-00-00 00:00:00'),
	(548, 1, '0000-00-00 00:00:00', 2, 2, 6, 550, 1000.00, 0.00, 1000.00, 0.00, 'PENAMBAHAN', 0.00, 0.00, 'OD0809041', '2018-08-24 09:59:42', '0000-00-00 00:00:00'),
	(549, 1, '0000-00-00 00:00:00', 2, 2, 6, 551, 1000.00, 0.00, 1000.00, 0.00, 'PENAMBAHAN', 0.00, 0.00, 'OD0809041', '2018-08-24 09:59:43', '0000-00-00 00:00:00'),
	(550, 1, '0000-00-00 00:00:00', 2, 2, 6, 552, 1000.00, 0.00, 1000.00, 0.00, 'PENAMBAHAN', 0.00, 0.00, 'OD0809041', '2018-08-24 09:59:44', '0000-00-00 00:00:00'),
	(551, 1, '0000-00-00 00:00:00', 2, 2, 6, 553, 1000.00, 0.00, 1000.00, 0.00, 'PENAMBAHAN', 0.00, 0.00, 'OD0809041', '2018-08-24 09:59:45', '0000-00-00 00:00:00'),
	(552, 1, '0000-00-00 00:00:00', 2, 2, 6, 554, 1000.00, 0.00, 1000.00, 0.00, 'PENAMBAHAN', 0.00, 0.00, 'OD0809041', '2018-08-24 09:59:46', '0000-00-00 00:00:00'),
	(553, 1, '0000-00-00 00:00:00', 2, 2, 6, 555, 1000.00, 0.00, 1000.00, 0.00, 'PENAMBAHAN', 0.00, 0.00, 'OD0809041', '2018-08-24 09:59:41', '0000-00-00 00:00:00'),
	(554, 1, '0000-00-00 00:00:00', 2, 2, 6, 556, 1000.00, 0.00, 1000.00, 0.00, 'PENAMBAHAN', 0.00, 0.00, 'OD0809041', '2018-08-24 09:59:42', '0000-00-00 00:00:00'),
	(555, 1, '0000-00-00 00:00:00', 2, 2, 6, 557, 1000.00, 0.00, 1000.00, 0.00, 'PENAMBAHAN', 0.00, 0.00, 'OD0809041', '2018-08-24 09:59:43', '0000-00-00 00:00:00'),
	(556, 1, '0000-00-00 00:00:00', 2, 2, 6, 558, 1000.00, 0.00, 1000.00, 0.00, 'PENAMBAHAN', 0.00, 0.00, 'OD0809041', '2018-08-24 09:59:44', '0000-00-00 00:00:00'),
	(557, 1, '0000-00-00 00:00:00', 2, 2, 6, 559, 1000.00, 0.00, 1000.00, 0.00, 'PENAMBAHAN', 0.00, 0.00, 'OD0809041', '2018-08-24 09:59:45', '0000-00-00 00:00:00'),
	(558, 1, '0000-00-00 00:00:00', 2, 2, 6, 560, 1000.00, 0.00, 1000.00, 0.00, 'PENAMBAHAN', 0.00, 0.00, 'OD0809041', '2018-08-24 09:59:46', '0000-00-00 00:00:00'),
	(559, 1, '0000-00-00 00:00:00', 2, 2, 6, 561, 1000.00, 0.00, 1000.00, 0.00, 'PENAMBAHAN', 0.00, 0.00, 'OD0809041', '2018-08-24 09:59:41', '0000-00-00 00:00:00'),
	(560, 1, '0000-00-00 00:00:00', 2, 2, 6, 562, 1000.00, 0.00, 1000.00, 0.00, 'PENAMBAHAN', 0.00, 0.00, 'OD0809041', '2018-08-24 09:59:42', '0000-00-00 00:00:00'),
	(561, 1, '0000-00-00 00:00:00', 2, 2, 6, 563, 1000.00, 0.00, 1000.00, 0.00, 'PENAMBAHAN', 0.00, 0.00, 'OD0809041', '2018-08-24 09:59:43', '0000-00-00 00:00:00'),
	(562, 1, '0000-00-00 00:00:00', 2, 2, 6, 564, 1000.00, 0.00, 1000.00, 0.00, 'PENAMBAHAN', 0.00, 0.00, 'OD0809041', '2018-08-24 09:59:44', '0000-00-00 00:00:00'),
	(563, 1, '0000-00-00 00:00:00', 2, 2, 6, 565, 1000.00, 0.00, 1000.00, 0.00, 'PENAMBAHAN', 0.00, 0.00, 'OD0809041', '2018-08-24 09:59:45', '0000-00-00 00:00:00'),
	(564, 1, '0000-00-00 00:00:00', 2, 2, 6, 566, 1000.00, 0.00, 1000.00, 0.00, 'PENAMBAHAN', 0.00, 0.00, 'OD0809041', '2018-08-24 09:59:46', '0000-00-00 00:00:00'),
	(565, 1, '0000-00-00 00:00:00', 2, 2, 6, 567, 1000.00, 0.00, 1000.00, 0.00, 'PENAMBAHAN', 0.00, 0.00, 'OD0809041', '2018-08-24 09:59:41', '0000-00-00 00:00:00'),
	(566, 1, '0000-00-00 00:00:00', 2, 2, 6, 568, 1000.00, 0.00, 1000.00, 0.00, 'PENAMBAHAN', 0.00, 0.00, 'OD0809041', '2018-08-24 09:59:42', '0000-00-00 00:00:00'),
	(567, 1, '0000-00-00 00:00:00', 2, 2, 6, 569, 1000.00, 0.00, 1000.00, 0.00, 'PENAMBAHAN', 0.00, 0.00, 'OD0809041', '2018-08-24 09:59:43', '0000-00-00 00:00:00'),
	(568, 1, '0000-00-00 00:00:00', 2, 2, 6, 570, 1000.00, 0.00, 1000.00, 0.00, 'PENAMBAHAN', 0.00, 0.00, 'OD0809041', '2018-08-24 09:59:44', '0000-00-00 00:00:00'),
	(569, 1, '0000-00-00 00:00:00', 2, 2, 6, 571, 1000.00, 0.00, 1000.00, 0.00, 'PENAMBAHAN', 0.00, 0.00, 'OD0809041', '2018-08-24 09:59:45', '0000-00-00 00:00:00'),
	(570, 1, '0000-00-00 00:00:00', 2, 2, 6, 572, 1000.00, 0.00, 1000.00, 0.00, 'PENAMBAHAN', 0.00, 0.00, 'OD0809041', '2018-08-24 09:59:46', '0000-00-00 00:00:00'),
	(571, 1, '0000-00-00 00:00:00', 2, 2, 6, 574, 1000.00, 0.00, 1000.00, 0.00, 'PENAMBAHAN', 0.00, 0.00, 'OD0809041', '2018-08-24 09:59:41', '0000-00-00 00:00:00'),
	(572, 1, '0000-00-00 00:00:00', 2, 2, 6, 575, 1000.00, 0.00, 1000.00, 0.00, 'PENAMBAHAN', 0.00, 0.00, 'OD0809041', '2018-08-24 09:59:42', '0000-00-00 00:00:00'),
	(573, 1, '0000-00-00 00:00:00', 2, 2, 6, 576, 1000.00, 0.00, 1000.00, 0.00, 'PENAMBAHAN', 0.00, 0.00, 'OD0809041', '2018-08-24 09:59:43', '0000-00-00 00:00:00'),
	(574, 1, '0000-00-00 00:00:00', 2, 2, 6, 577, 1000.00, 0.00, 1000.00, 0.00, 'PENAMBAHAN', 0.00, 0.00, 'OD0809041', '2018-08-24 09:59:44', '0000-00-00 00:00:00'),
	(575, 1, '0000-00-00 00:00:00', 2, 2, 6, 578, 1000.00, 0.00, 1000.00, 0.00, 'PENAMBAHAN', 0.00, 0.00, 'OD0809041', '2018-08-24 09:59:45', '0000-00-00 00:00:00'),
	(576, 1, '0000-00-00 00:00:00', 2, 2, 6, 579, 1000.00, 0.00, 1000.00, 0.00, 'PENAMBAHAN', 0.00, 0.00, 'OD0809041', '2018-08-24 09:59:46', '0000-00-00 00:00:00'),
	(577, 1, '0000-00-00 00:00:00', 2, 2, 6, 580, 1000.00, 0.00, 1000.00, 0.00, 'PENAMBAHAN', 0.00, 0.00, 'OD0809041', '2018-08-24 09:59:41', '0000-00-00 00:00:00'),
	(578, 1, '0000-00-00 00:00:00', 2, 2, 6, 581, 1000.00, 0.00, 1000.00, 0.00, 'PENAMBAHAN', 0.00, 0.00, 'OD0809041', '2018-08-24 09:59:42', '0000-00-00 00:00:00'),
	(579, 1, '0000-00-00 00:00:00', 2, 2, 6, 582, 1000.00, 0.00, 1000.00, 0.00, 'PENAMBAHAN', 0.00, 0.00, 'OD0809041', '2018-08-24 09:59:43', '0000-00-00 00:00:00'),
	(580, 1, '0000-00-00 00:00:00', 2, 2, 6, 583, 1000.00, 0.00, 1000.00, 0.00, 'PENAMBAHAN', 0.00, 0.00, 'OD0809041', '2018-08-24 09:59:44', '0000-00-00 00:00:00'),
	(581, 1, '0000-00-00 00:00:00', 2, 2, 6, 584, 1000.00, 0.00, 1000.00, 0.00, 'PENAMBAHAN', 0.00, 0.00, 'OD0809041', '2018-08-24 09:59:45', '0000-00-00 00:00:00'),
	(582, 1, '0000-00-00 00:00:00', 2, 2, 6, 585, 1000.00, 0.00, 1000.00, 0.00, 'PENAMBAHAN', 0.00, 0.00, 'OD0809041', '2018-08-24 09:59:46', '0000-00-00 00:00:00'),
	(583, 1, '0000-00-00 00:00:00', 2, 2, 6, 586, 1000.00, 0.00, 1000.00, 0.00, 'PENAMBAHAN', 0.00, 0.00, 'OD0809041', '2018-08-24 09:59:41', '0000-00-00 00:00:00'),
	(584, 1, '0000-00-00 00:00:00', 2, 2, 6, 587, 1000.00, 0.00, 1000.00, 0.00, 'PENAMBAHAN', 0.00, 0.00, 'OD0809041', '2018-08-24 09:59:42', '0000-00-00 00:00:00'),
	(585, 1, '0000-00-00 00:00:00', 2, 2, 6, 588, 1000.00, 0.00, 1000.00, 0.00, 'PENAMBAHAN', 0.00, 0.00, 'OD0809041', '2018-08-24 09:59:43', '0000-00-00 00:00:00'),
	(586, 1, '0000-00-00 00:00:00', 2, 2, 6, 589, 1000.00, 0.00, 1000.00, 0.00, 'PENAMBAHAN', 0.00, 0.00, 'OD0809041', '2018-08-24 09:59:44', '0000-00-00 00:00:00'),
	(587, 1, '0000-00-00 00:00:00', 2, 2, 6, 590, 1000.00, 0.00, 1000.00, 0.00, 'PENAMBAHAN', 0.00, 0.00, 'OD0809041', '2018-08-24 09:59:45', '0000-00-00 00:00:00'),
	(588, 1, '0000-00-00 00:00:00', 2, 2, 6, 591, 1000.00, 0.00, 1000.00, 0.00, 'PENAMBAHAN', 0.00, 0.00, 'OD0809041', '2018-08-24 09:59:46', '0000-00-00 00:00:00'),
	(589, 1, '0000-00-00 00:00:00', 2, 2, 6, 592, 1000.00, 0.00, 1000.00, 0.00, 'PENAMBAHAN', 0.00, 0.00, 'OD0809041', '2018-08-24 09:59:41', '0000-00-00 00:00:00'),
	(590, 1, '0000-00-00 00:00:00', 2, 2, 6, 593, 1000.00, 0.00, 1000.00, 0.00, 'PENAMBAHAN', 0.00, 0.00, 'OD0809041', '2018-08-24 09:59:42', '0000-00-00 00:00:00'),
	(591, 1, '0000-00-00 00:00:00', 2, 2, 6, 594, 1000.00, 0.00, 1000.00, 0.00, 'PENAMBAHAN', 0.00, 0.00, 'OD0809041', '2018-08-24 09:59:43', '0000-00-00 00:00:00'),
	(592, 1, '0000-00-00 00:00:00', 2, 2, 6, 595, 1000.00, 0.00, 1000.00, 0.00, 'PENAMBAHAN', 0.00, 0.00, 'OD0809041', '2018-08-24 09:59:44', '0000-00-00 00:00:00'),
	(593, 1, '0000-00-00 00:00:00', 2, 2, 6, 596, 1000.00, 0.00, 1000.00, 0.00, 'PENAMBAHAN', 0.00, 0.00, 'OD0809041', '2018-08-24 09:59:45', '0000-00-00 00:00:00'),
	(594, 1, '0000-00-00 00:00:00', 2, 2, 6, 597, 1000.00, 0.00, 1000.00, 0.00, 'PENAMBAHAN', 0.00, 0.00, 'OD0809041', '2018-08-24 09:59:46', '0000-00-00 00:00:00'),
	(595, 1, '0000-00-00 00:00:00', 2, 2, 6, 598, 1000.00, 0.00, 1000.00, 0.00, 'PENAMBAHAN', 0.00, 0.00, 'OD0809041', '2018-08-24 09:59:41', '0000-00-00 00:00:00'),
	(596, 1, '0000-00-00 00:00:00', 2, 2, 6, 599, 1000.00, 0.00, 1000.00, 0.00, 'PENAMBAHAN', 0.00, 0.00, 'OD0809041', '2018-08-24 09:59:42', '0000-00-00 00:00:00'),
	(597, 1, '0000-00-00 00:00:00', 2, 2, 6, 600, 1000.00, 0.00, 1000.00, 0.00, 'PENAMBAHAN', 0.00, 0.00, 'OD0809041', '2018-08-24 09:59:43', '0000-00-00 00:00:00'),
	(598, 1, '0000-00-00 00:00:00', 2, 2, 6, 601, 1000.00, 0.00, 1000.00, 0.00, 'PENAMBAHAN', 0.00, 0.00, 'OD0809041', '2018-08-24 09:59:44', '0000-00-00 00:00:00'),
	(599, 1, '0000-00-00 00:00:00', 2, 2, 6, 602, 1000.00, 0.00, 1000.00, 0.00, 'PENAMBAHAN', 0.00, 0.00, 'OD0809041', '2018-08-24 09:59:45', '0000-00-00 00:00:00'),
	(600, 1, '0000-00-00 00:00:00', 2, 2, 6, 603, 1000.00, 0.00, 1000.00, 0.00, 'PENAMBAHAN', 0.00, 0.00, 'OD0809041', '2018-08-24 09:59:46', '0000-00-00 00:00:00'),
	(601, 1, '0000-00-00 00:00:00', 2, 2, 6, 604, 1000.00, 0.00, 1000.00, 0.00, 'PENAMBAHAN', 0.00, 0.00, 'OD0809041', '2018-08-24 09:59:41', '0000-00-00 00:00:00'),
	(602, 1, '0000-00-00 00:00:00', 2, 2, 6, 605, 1000.00, 0.00, 1000.00, 0.00, 'PENAMBAHAN', 0.00, 0.00, 'OD0809041', '2018-08-24 09:59:42', '0000-00-00 00:00:00'),
	(603, 1, '0000-00-00 00:00:00', 2, 2, 6, 606, 1000.00, 0.00, 1000.00, 0.00, 'PENAMBAHAN', 0.00, 0.00, 'OD0809041', '2018-08-24 09:59:43', '0000-00-00 00:00:00'),
	(604, 1, '0000-00-00 00:00:00', 2, 2, 6, 607, 1000.00, 0.00, 1000.00, 0.00, 'PENAMBAHAN', 0.00, 0.00, 'OD0809041', '2018-08-24 09:59:44', '0000-00-00 00:00:00'),
	(605, 1, '0000-00-00 00:00:00', 2, 2, 6, 608, 1000.00, 0.00, 1000.00, 0.00, 'PENAMBAHAN', 0.00, 0.00, 'OD0809041', '2018-08-24 09:59:45', '0000-00-00 00:00:00'),
	(606, 1, '0000-00-00 00:00:00', 2, 2, 6, 609, 1000.00, 0.00, 1000.00, 0.00, 'PENAMBAHAN', 0.00, 0.00, 'OD0809041', '2018-08-24 09:59:46', '0000-00-00 00:00:00'),
	(607, 1, '0000-00-00 00:00:00', 2, 2, 6, 610, 1000.00, 0.00, 1000.00, 0.00, 'PENAMBAHAN', 0.00, 0.00, 'OD0809041', '2018-08-24 09:59:41', '0000-00-00 00:00:00'),
	(608, 1, '0000-00-00 00:00:00', 2, 2, 6, 611, 1000.00, 0.00, 1000.00, 0.00, 'PENAMBAHAN', 0.00, 0.00, 'OD0809041', '2018-08-24 09:59:42', '0000-00-00 00:00:00'),
	(609, 1, '0000-00-00 00:00:00', 2, 2, 6, 612, 1000.00, 0.00, 1000.00, 0.00, 'PENAMBAHAN', 0.00, 0.00, 'OD0809041', '2018-08-24 09:59:43', '0000-00-00 00:00:00'),
	(610, 1, '0000-00-00 00:00:00', 2, 2, 6, 613, 1000.00, 0.00, 1000.00, 0.00, 'PENAMBAHAN', 0.00, 0.00, 'OD0809041', '2018-08-24 09:59:44', '0000-00-00 00:00:00'),
	(611, 1, '0000-00-00 00:00:00', 2, 2, 6, 614, 1000.00, 0.00, 1000.00, 0.00, 'PENAMBAHAN', 0.00, 0.00, 'OD0809041', '2018-08-24 09:59:45', '0000-00-00 00:00:00'),
	(612, 1, '0000-00-00 00:00:00', 2, 2, 6, 615, 1000.00, 0.00, 1000.00, 0.00, 'PENAMBAHAN', 0.00, 0.00, 'OD0809041', '2018-08-24 09:59:46', '0000-00-00 00:00:00'),
	(613, 1, '0000-00-00 00:00:00', 2, 2, 6, 616, 1000.00, 0.00, 1000.00, 0.00, 'PENAMBAHAN', 0.00, 0.00, 'OD0809041', '2018-08-24 09:59:41', '0000-00-00 00:00:00'),
	(614, 1, '0000-00-00 00:00:00', 2, 2, 6, 617, 1000.00, 0.00, 1000.00, 0.00, 'PENAMBAHAN', 0.00, 0.00, 'OD0809041', '2018-08-24 09:59:42', '0000-00-00 00:00:00'),
	(615, 1, '0000-00-00 00:00:00', 2, 2, 6, 618, 1000.00, 0.00, 1000.00, 0.00, 'PENAMBAHAN', 0.00, 0.00, 'OD0809041', '2018-08-24 09:59:43', '0000-00-00 00:00:00'),
	(616, 1, '0000-00-00 00:00:00', 2, 2, 6, 619, 1000.00, 0.00, 1000.00, 0.00, 'PENAMBAHAN', 0.00, 0.00, 'OD0809041', '2018-08-24 09:59:44', '0000-00-00 00:00:00'),
	(617, 1, '0000-00-00 00:00:00', 2, 2, 6, 620, 1000.00, 0.00, 1000.00, 0.00, 'PENAMBAHAN', 0.00, 0.00, 'OD0809041', '2018-08-24 09:59:45', '0000-00-00 00:00:00'),
	(618, 1, '0000-00-00 00:00:00', 2, 2, 6, 621, 1000.00, 0.00, 1000.00, 0.00, 'PENAMBAHAN', 0.00, 0.00, 'OD0809041', '2018-08-24 09:59:46', '0000-00-00 00:00:00'),
	(619, 1, '0000-00-00 00:00:00', 2, 2, 6, 622, 1000.00, 0.00, 1000.00, 0.00, 'PENAMBAHAN', 0.00, 0.00, 'OD0809041', '2018-08-24 09:59:41', '0000-00-00 00:00:00'),
	(620, 1, '0000-00-00 00:00:00', 2, 2, 6, 623, 1000.00, 0.00, 1000.00, 0.00, 'PENAMBAHAN', 0.00, 0.00, 'OD0809041', '2018-08-24 09:59:42', '0000-00-00 00:00:00'),
	(621, 1, '0000-00-00 00:00:00', 2, 2, 6, 624, 1000.00, 0.00, 1000.00, 0.00, 'PENAMBAHAN', 0.00, 0.00, 'OD0809041', '2018-08-24 09:59:43', '0000-00-00 00:00:00'),
	(622, 1, '0000-00-00 00:00:00', 2, 2, 6, 625, 1000.00, 0.00, 1000.00, 0.00, 'PENAMBAHAN', 0.00, 0.00, 'OD0809041', '2018-08-24 09:59:44', '0000-00-00 00:00:00'),
	(623, 1, '0000-00-00 00:00:00', 2, 2, 6, 626, 1000.00, 0.00, 1000.00, 0.00, 'PENAMBAHAN', 0.00, 0.00, 'OD0809041', '2018-08-24 09:59:45', '0000-00-00 00:00:00'),
	(624, 1, '0000-00-00 00:00:00', 2, 2, 6, 627, 1000.00, 0.00, 1000.00, 0.00, 'PENAMBAHAN', 0.00, 0.00, 'OD0809041', '2018-08-24 09:59:46', '0000-00-00 00:00:00'),
	(625, 1, '0000-00-00 00:00:00', 2, 2, 6, 628, 1000.00, 0.00, 1000.00, 0.00, 'PENAMBAHAN', 0.00, 0.00, 'OD0809041', '2018-08-24 09:59:41', '0000-00-00 00:00:00'),
	(626, 1, '0000-00-00 00:00:00', 2, 2, 6, 629, 1000.00, 0.00, 1000.00, 0.00, 'PENAMBAHAN', 0.00, 0.00, 'OD0809041', '2018-08-24 09:59:42', '0000-00-00 00:00:00'),
	(627, 1, '0000-00-00 00:00:00', 2, 2, 6, 630, 1000.00, 0.00, 1000.00, 0.00, 'PENAMBAHAN', 0.00, 0.00, 'OD0809041', '2018-08-24 09:59:43', '0000-00-00 00:00:00'),
	(628, 1, '0000-00-00 00:00:00', 2, 2, 6, 631, 1000.00, 0.00, 1000.00, 0.00, 'PENAMBAHAN', 0.00, 0.00, 'OD0809041', '2018-08-24 09:59:44', '0000-00-00 00:00:00'),
	(629, 1, '0000-00-00 00:00:00', 2, 2, 6, 632, 1000.00, 0.00, 1000.00, 0.00, 'PENAMBAHAN', 0.00, 0.00, 'OD0809041', '2018-08-24 09:59:45', '0000-00-00 00:00:00'),
	(630, 1, '0000-00-00 00:00:00', 2, 2, 6, 633, 1000.00, 0.00, 1000.00, 0.00, 'PENAMBAHAN', 0.00, 0.00, 'OD0809041', '2018-08-24 09:59:46', '0000-00-00 00:00:00'),
	(631, 1, '0000-00-00 00:00:00', 2, 2, 6, 634, 1000.00, 0.00, 1000.00, 0.00, 'PENAMBAHAN', 0.00, 0.00, 'OD0809041', '2018-08-24 09:59:41', '0000-00-00 00:00:00'),
	(632, 1, '0000-00-00 00:00:00', 2, 2, 6, 635, 1000.00, 0.00, 1000.00, 0.00, 'PENAMBAHAN', 0.00, 0.00, 'OD0809041', '2018-08-24 09:59:42', '0000-00-00 00:00:00'),
	(633, 1, '0000-00-00 00:00:00', 2, 2, 6, 636, 1000.00, 0.00, 1000.00, 0.00, 'PENAMBAHAN', 0.00, 0.00, 'OD0809041', '2018-08-24 09:59:43', '0000-00-00 00:00:00'),
	(634, 1, '0000-00-00 00:00:00', 2, 2, 6, 637, 1000.00, 0.00, 1000.00, 0.00, 'PENAMBAHAN', 0.00, 0.00, 'OD0809041', '2018-08-24 09:59:44', '0000-00-00 00:00:00'),
	(635, 1, '0000-00-00 00:00:00', 2, 2, 6, 638, 1000.00, 0.00, 1000.00, 0.00, 'PENAMBAHAN', 0.00, 0.00, 'OD0809041', '2018-08-24 09:59:45', '0000-00-00 00:00:00'),
	(636, 1, '0000-00-00 00:00:00', 2, 2, 6, 639, 1000.00, 0.00, 1000.00, 0.00, 'PENAMBAHAN', 0.00, 0.00, 'OD0809041', '2018-08-24 09:59:46', '0000-00-00 00:00:00'),
	(637, 1, '0000-00-00 00:00:00', 2, 2, 6, 640, 1000.00, 0.00, 1000.00, 0.00, 'PENAMBAHAN', 0.00, 0.00, 'OD0809041', '2018-08-24 09:59:41', '0000-00-00 00:00:00'),
	(638, 1, '0000-00-00 00:00:00', 2, 2, 6, 641, 1000.00, 0.00, 1000.00, 0.00, 'PENAMBAHAN', 0.00, 0.00, 'OD0809041', '2018-08-24 09:59:42', '0000-00-00 00:00:00'),
	(639, 1, '0000-00-00 00:00:00', 2, 2, 6, 642, 1000.00, 0.00, 1000.00, 0.00, 'PENAMBAHAN', 0.00, 0.00, 'OD0809041', '2018-08-24 09:59:43', '0000-00-00 00:00:00'),
	(640, 1, '0000-00-00 00:00:00', 2, 2, 6, 643, 1000.00, 0.00, 1000.00, 0.00, 'PENAMBAHAN', 0.00, 0.00, 'OD0809041', '2018-08-24 09:59:44', '0000-00-00 00:00:00'),
	(641, 1, '0000-00-00 00:00:00', 2, 2, 6, 644, 1000.00, 0.00, 1000.00, 0.00, 'PENAMBAHAN', 0.00, 0.00, 'OD0809041', '2018-08-24 09:59:45', '0000-00-00 00:00:00'),
	(642, 1, '0000-00-00 00:00:00', 2, 2, 6, 645, 1000.00, 0.00, 1000.00, 0.00, 'PENAMBAHAN', 0.00, 0.00, 'OD0809041', '2018-08-24 09:59:46', '0000-00-00 00:00:00'),
	(643, 1, '0000-00-00 00:00:00', 3, 3, 6, 646, 0.00, 0.00, 0.00, 0.00, 'PENAMBAHAN', 0.00, 0.00, 'OD0809041', '2018-08-24 09:59:41', '0000-00-00 00:00:00'),
	(644, 1, '0000-00-00 00:00:00', 3, 3, 6, 647, 0.00, 0.00, 0.00, 0.00, 'PENAMBAHAN', 0.00, 0.00, 'OD0809041', '2018-08-24 09:59:42', '0000-00-00 00:00:00'),
	(645, 1, '0000-00-00 00:00:00', 2, 2, 6, 648, 1000.00, 0.00, 1000.00, 0.00, 'PENAMBAHAN', 0.00, 0.00, 'OD0809041', '2018-08-24 09:59:43', '0000-00-00 00:00:00'),
	(646, 1, '0000-00-00 00:00:00', 2, 2, 6, 651, 1000.00, 0.00, 1000.00, 0.00, 'PENAMBAHAN', 0.00, 0.00, 'OD0809041', '2018-08-24 09:59:44', '0000-00-00 00:00:00'),
	(647, 1, '0000-00-00 00:00:00', 2, 2, 6, 652, 1000.00, 0.00, 1000.00, 0.00, 'PENAMBAHAN', 0.00, 0.00, 'OD0809041', '2018-08-24 09:59:45', '0000-00-00 00:00:00'),
	(648, 1, '0000-00-00 00:00:00', 2, 2, 6, 653, 1000.00, 0.00, 1000.00, 0.00, 'PENAMBAHAN', 0.00, 0.00, 'OD0809041', '2018-08-24 09:59:46', '0000-00-00 00:00:00'),
	(649, 1, '0000-00-00 00:00:00', 3, 3, 6, 655, 0.00, 0.00, 0.00, 0.00, 'PENAMBAHAN', 0.00, 0.00, 'OD0809041', '2018-08-24 09:59:41', '0000-00-00 00:00:00'),
	(650, 1, '0000-00-00 00:00:00', 2, 2, 6, 656, 1000.00, 0.00, 1000.00, 0.00, 'PENAMBAHAN', 0.00, 0.00, 'OD0809041', '2018-08-24 09:59:42', '0000-00-00 00:00:00'),
	(651, 1, '0000-00-00 00:00:00', 3, 3, 6, 657, 0.00, 0.00, 0.00, 0.00, 'PENAMBAHAN', 0.00, 0.00, 'OD0809041', '2018-08-24 09:59:43', '0000-00-00 00:00:00'),
	(652, 1, '0000-00-00 00:00:00', 2, 2, 6, 658, 1000.00, 0.00, 1000.00, 0.00, 'PENAMBAHAN', 0.00, 0.00, 'OD0809041', '2018-08-24 09:59:44', '0000-00-00 00:00:00'),
	(653, 1, '0000-00-00 00:00:00', 2, 2, 6, 659, 1000.00, 0.00, 1000.00, 0.00, 'PENAMBAHAN', 0.00, 0.00, 'OD0809041', '2018-08-24 09:59:45', '0000-00-00 00:00:00'),
	(654, 1, '0000-00-00 00:00:00', 3, 3, 6, 668, 0.00, 0.00, 0.00, 0.00, 'PENAMBAHAN', 0.00, 0.00, 'OD0809041', '2018-08-24 09:59:46', '0000-00-00 00:00:00'),
	(655, 1, '0000-00-00 00:00:00', 1, 1, 6, 37, 1000.00, 0.00, 1000.00, 0.00, 'PENAMBAHAN', 0.00, 0.00, 'OD0809041', '2018-08-24 09:59:41', '0000-00-00 00:00:00'),
	(656, 1, '0000-00-00 00:00:00', 1, 1, 6, 160, 997.00, 0.00, 997.00, 0.00, 'PENAMBAHAN', 0.00, 0.00, 'OD0809041', '2018-08-24 09:59:42', '0000-00-00 00:00:00'),
	(657, 1, '0000-00-00 00:00:00', 1, 1, 6, 161, 1000.00, 0.00, 1000.00, 0.00, 'PENAMBAHAN', 0.00, 0.00, 'OD0809041', '2018-08-24 09:59:43', '0000-00-00 00:00:00'),
	(658, 1, '0000-00-00 00:00:00', 1, 1, 6, 162, 1000.00, 0.00, 1000.00, 0.00, 'PENAMBAHAN', 0.00, 0.00, 'OD0809041', '2018-08-24 09:59:44', '0000-00-00 00:00:00'),
	(659, 1, '0000-00-00 00:00:00', 1, 1, 6, 163, 1000.00, 0.00, 1000.00, 0.00, 'PENAMBAHAN', 0.00, 0.00, 'OD0809041', '2018-08-24 09:59:45', '0000-00-00 00:00:00'),
	(660, 1, '0000-00-00 00:00:00', 1, 1, 6, 164, 1000.00, 0.00, 1000.00, 0.00, 'PENAMBAHAN', 0.00, 0.00, 'OD0809041', '2018-08-24 09:59:46', '0000-00-00 00:00:00'),
	(661, 1, '0000-00-00 00:00:00', 1, 1, 6, 165, 1000.00, 0.00, 1000.00, 0.00, 'PENAMBAHAN', 0.00, 0.00, 'OD0809041', '2018-08-24 09:59:41', '0000-00-00 00:00:00'),
	(662, 1, '0000-00-00 00:00:00', 1, 1, 6, 166, 1000.00, 0.00, 1000.00, 0.00, 'PENAMBAHAN', 0.00, 0.00, 'OD0809041', '2018-08-24 09:59:42', '0000-00-00 00:00:00'),
	(663, 1, '0000-00-00 00:00:00', 1, 1, 6, 167, 1000.00, 0.00, 1000.00, 0.00, 'PENAMBAHAN', 0.00, 0.00, 'OD0809041', '2018-08-24 09:59:43', '0000-00-00 00:00:00'),
	(664, 1, '0000-00-00 00:00:00', 1, 1, 6, 168, 1000.00, 0.00, 1000.00, 0.00, 'PENAMBAHAN', 0.00, 0.00, 'OD0809041', '2018-08-24 09:59:44', '0000-00-00 00:00:00'),
	(665, 1, '0000-00-00 00:00:00', 1, 1, 6, 186, 1000.00, 0.00, 1000.00, 0.00, 'PENAMBAHAN', 0.00, 0.00, 'OD0809041', '2018-08-24 09:59:45', '0000-00-00 00:00:00'),
	(666, 1, '0000-00-00 00:00:00', 1, 1, 6, 187, 1000.00, 1.00, 999.00, 0.00, 'PENAMBAHAN', 0.00, 0.00, 'OD0809041', '2018-08-24 09:59:46', '2018-09-27 15:43:15'),
	(667, 1, '0000-00-00 00:00:00', 1, 1, 6, 196, 1000.00, 0.00, 1000.00, 0.00, 'PENAMBAHAN', 0.00, 0.00, 'OD0809041', '2018-08-24 09:59:41', '0000-00-00 00:00:00'),
	(670, 1, '0000-00-00 00:00:00', 1, 1, 6, 199, 1000.00, 0.00, 1000.00, 0.00, 'PENAMBAHAN', 0.00, 0.00, 'OD0809041', '2018-08-24 09:59:42', '0000-00-00 00:00:00'),
	(671, 1, '0000-00-00 00:00:00', 1, 1, 6, 200, 1000.00, 0.00, 1000.00, 0.00, 'PENAMBAHAN', 0.00, 0.00, 'OD0809041', '2018-08-24 09:59:43', '0000-00-00 00:00:00'),
	(672, 1, '0000-00-00 00:00:00', 1, 1, 6, 201, 1000.00, 0.00, 1000.00, 0.00, 'PENAMBAHAN', 0.00, 0.00, 'OD0809041', '2018-08-24 09:59:44', '0000-00-00 00:00:00'),
	(673, 1, '0000-00-00 00:00:00', 1, 1, 6, 202, 1000.00, 0.00, 1000.00, 0.00, 'PENAMBAHAN', 0.00, 0.00, 'OD0809041', '2018-08-24 09:59:45', '0000-00-00 00:00:00'),
	(674, 1, '0000-00-00 00:00:00', 1, 1, 6, 203, 1000.00, 0.00, 1000.00, 0.00, 'PENAMBAHAN', 0.00, 0.00, 'OD0809041', '2018-08-24 09:59:46', '0000-00-00 00:00:00'),
	(675, 1, '0000-00-00 00:00:00', 1, 1, 6, 204, 1000.00, 0.00, 1000.00, 0.00, 'PENAMBAHAN', 0.00, 0.00, 'OD0809041', '2018-08-24 09:59:41', '0000-00-00 00:00:00'),
	(676, 1, '0000-00-00 00:00:00', 1, 1, 6, 205, 1000.00, 0.00, 1000.00, 0.00, 'PENAMBAHAN', 0.00, 0.00, 'OD0809041', '2018-08-24 09:59:42', '0000-00-00 00:00:00'),
	(677, 1, '0000-00-00 00:00:00', 1, 1, 6, 206, 1000.00, 0.00, 1000.00, 0.00, 'PENAMBAHAN', 0.00, 0.00, 'OD0809041', '2018-08-24 09:59:43', '0000-00-00 00:00:00'),
	(678, 1, '0000-00-00 00:00:00', 1, 1, 6, 207, 1000.00, 0.00, 1000.00, 0.00, 'PENAMBAHAN', 0.00, 0.00, 'OD0809041', '2018-08-24 09:59:44', '0000-00-00 00:00:00'),
	(679, 1, '0000-00-00 00:00:00', 1, 1, 6, 208, 1000.00, 0.00, 1000.00, 0.00, 'PENAMBAHAN', 0.00, 0.00, 'OD0809041', '2018-08-24 09:59:45', '0000-00-00 00:00:00'),
	(680, 1, '0000-00-00 00:00:00', 1, 1, 6, 210, 1000.00, 0.00, 1000.00, 0.00, 'PENAMBAHAN', 0.00, 0.00, 'OD0809041', '2018-08-24 09:59:46', '0000-00-00 00:00:00'),
	(681, 1, '0000-00-00 00:00:00', 1, 1, 6, 211, 1000.00, 0.00, 1000.00, 0.00, 'PENAMBAHAN', 0.00, 0.00, 'OD0809041', '2018-08-24 09:59:41', '0000-00-00 00:00:00'),
	(682, 1, '0000-00-00 00:00:00', 1, 1, 6, 212, 1000.00, 0.00, 1000.00, 0.00, 'PENAMBAHAN', 0.00, 0.00, 'OD0809041', '2018-08-24 09:59:42', '0000-00-00 00:00:00'),
	(683, 1, '0000-00-00 00:00:00', 1, 1, 6, 213, 1000.00, 0.00, 1000.00, 0.00, 'PENAMBAHAN', 0.00, 0.00, 'OD0809041', '2018-08-24 09:59:43', '0000-00-00 00:00:00'),
	(684, 1, '0000-00-00 00:00:00', 1, 1, 6, 214, 1000.00, 0.00, 1000.00, 0.00, 'PENAMBAHAN', 0.00, 0.00, 'OD0809041', '2018-08-24 09:59:44', '0000-00-00 00:00:00'),
	(685, 1, '0000-00-00 00:00:00', 1, 1, 6, 215, 1000.00, 0.00, 1000.00, 0.00, 'PENAMBAHAN', 0.00, 0.00, 'OD0809041', '2018-08-24 09:59:45', '0000-00-00 00:00:00'),
	(686, 1, '0000-00-00 00:00:00', 1, 1, 6, 216, 1000.00, 0.00, 1000.00, 0.00, 'PENAMBAHAN', 0.00, 0.00, 'OD0809041', '2018-08-24 09:59:46', '0000-00-00 00:00:00'),
	(687, 1, '0000-00-00 00:00:00', 1, 1, 6, 217, 1000.00, 0.00, 1000.00, 0.00, 'PENAMBAHAN', 0.00, 0.00, 'OD0809041', '2018-08-24 09:59:41', '0000-00-00 00:00:00'),
	(688, 1, '0000-00-00 00:00:00', 1, 1, 6, 218, 1000.00, 0.00, 1000.00, 0.00, 'PENAMBAHAN', 0.00, 0.00, 'OD0809041', '2018-08-24 09:59:42', '0000-00-00 00:00:00'),
	(689, 1, '0000-00-00 00:00:00', 1, 1, 6, 219, 1000.00, 0.00, 1000.00, 0.00, 'PENAMBAHAN', 0.00, 0.00, 'OD0809041', '2018-08-24 09:59:43', '0000-00-00 00:00:00'),
	(690, 1, '0000-00-00 00:00:00', 1, 1, 6, 220, 1000.00, 0.00, 1000.00, 0.00, 'PENAMBAHAN', 0.00, 0.00, 'OD0809041', '2018-08-24 09:59:44', '0000-00-00 00:00:00'),
	(691, 1, '0000-00-00 00:00:00', 1, 1, 6, 221, 1000.00, 0.00, 1000.00, 0.00, 'PENAMBAHAN', 0.00, 0.00, 'OD0809041', '2018-08-24 09:59:45', '0000-00-00 00:00:00'),
	(692, 1, '0000-00-00 00:00:00', 1, 1, 6, 222, 1000.00, 0.00, 1000.00, 0.00, 'PENAMBAHAN', 0.00, 0.00, 'OD0809041', '2018-08-24 09:59:46', '0000-00-00 00:00:00'),
	(693, 1, '0000-00-00 00:00:00', 1, 1, 6, 223, 1000.00, 0.00, 1000.00, 0.00, 'PENAMBAHAN', 0.00, 0.00, 'OD0809041', '2018-08-24 09:59:41', '0000-00-00 00:00:00'),
	(694, 1, '0000-00-00 00:00:00', 1, 1, 6, 224, 1000.00, 0.00, 1000.00, 0.00, 'PENAMBAHAN', 0.00, 0.00, 'OD0809041', '2018-08-24 09:59:42', '0000-00-00 00:00:00'),
	(695, 1, '0000-00-00 00:00:00', 1, 1, 6, 225, 1000.00, 0.00, 1000.00, 0.00, 'PENAMBAHAN', 0.00, 0.00, 'OD0809041', '2018-08-24 09:59:43', '0000-00-00 00:00:00'),
	(696, 1, '0000-00-00 00:00:00', 1, 1, 6, 226, 1000.00, 0.00, 1000.00, 0.00, 'PENAMBAHAN', 0.00, 0.00, 'OD0809041', '2018-08-24 09:59:44', '0000-00-00 00:00:00'),
	(697, 1, '0000-00-00 00:00:00', 1, 1, 6, 227, 1000.00, 0.00, 1000.00, 0.00, 'PENAMBAHAN', 0.00, 0.00, 'OD0809041', '2018-08-24 09:59:45', '0000-00-00 00:00:00'),
	(698, 1, '0000-00-00 00:00:00', 1, 1, 6, 228, 1000.00, 0.00, 1000.00, 0.00, 'PENAMBAHAN', 0.00, 0.00, 'OD0809041', '2018-08-24 09:59:46', '0000-00-00 00:00:00'),
	(699, 1, '0000-00-00 00:00:00', 1, 1, 6, 229, 1000.00, 0.00, 1000.00, 0.00, 'PENAMBAHAN', 0.00, 0.00, 'OD0809041', '2018-08-24 09:59:41', '0000-00-00 00:00:00'),
	(700, 1, '0000-00-00 00:00:00', 1, 1, 6, 230, 1000.00, 0.00, 1000.00, 0.00, 'PENAMBAHAN', 0.00, 0.00, 'OD0809041', '2018-08-24 09:59:42', '0000-00-00 00:00:00'),
	(701, 1, '0000-00-00 00:00:00', 1, 1, 6, 231, 1000.00, 0.00, 1000.00, 0.00, 'PENAMBAHAN', 0.00, 0.00, 'OD0809041', '2018-08-24 09:59:43', '0000-00-00 00:00:00'),
	(702, 1, '0000-00-00 00:00:00', 1, 1, 6, 232, 1000.00, 0.00, 1000.00, 0.00, 'PENAMBAHAN', 0.00, 0.00, 'OD0809041', '2018-08-24 09:59:44', '0000-00-00 00:00:00'),
	(703, 1, '0000-00-00 00:00:00', 1, 1, 6, 234, 1000.00, 0.00, 1000.00, 0.00, 'PENAMBAHAN', 0.00, 0.00, 'OD0809041', '2018-08-24 09:59:45', '0000-00-00 00:00:00'),
	(704, 1, '0000-00-00 00:00:00', 1, 1, 6, 235, 1000.00, 0.00, 1000.00, 0.00, 'PENAMBAHAN', 0.00, 0.00, 'OD0809041', '2018-08-24 09:59:46', '0000-00-00 00:00:00'),
	(705, 1, '0000-00-00 00:00:00', 1, 1, 6, 236, 1000.00, 0.00, 1000.00, 0.00, 'PENAMBAHAN', 0.00, 0.00, 'OD0809041', '2018-08-24 09:59:41', '0000-00-00 00:00:00'),
	(706, 1, '0000-00-00 00:00:00', 1, 1, 6, 237, 1000.00, 0.00, 1000.00, 0.00, 'PENAMBAHAN', 0.00, 0.00, 'OD0809041', '2018-08-24 09:59:42', '0000-00-00 00:00:00'),
	(707, 1, '0000-00-00 00:00:00', 1, 1, 6, 238, 1000.00, 0.00, 1000.00, 0.00, 'PENAMBAHAN', 0.00, 0.00, 'OD0809041', '2018-08-24 09:59:43', '0000-00-00 00:00:00'),
	(708, 1, '0000-00-00 00:00:00', 1, 1, 6, 239, 1000.00, 0.00, 1000.00, 0.00, 'PENAMBAHAN', 0.00, 0.00, 'OD0809041', '2018-08-24 09:59:44', '0000-00-00 00:00:00'),
	(709, 1, '0000-00-00 00:00:00', 1, 1, 6, 240, 1000.00, 0.00, 1000.00, 0.00, 'PENAMBAHAN', 0.00, 0.00, 'OD0809041', '2018-08-24 09:59:45', '0000-00-00 00:00:00'),
	(710, 1, '0000-00-00 00:00:00', 1, 1, 6, 241, 1000.00, 0.00, 1000.00, 0.00, 'PENAMBAHAN', 0.00, 0.00, 'OD0809041', '2018-08-24 09:59:46', '0000-00-00 00:00:00'),
	(711, 1, '0000-00-00 00:00:00', 1, 1, 6, 242, 1000.00, 0.00, 1000.00, 0.00, 'PENAMBAHAN', 0.00, 0.00, 'OD0809041', '2018-08-24 09:59:41', '0000-00-00 00:00:00'),
	(712, 1, '0000-00-00 00:00:00', 1, 1, 6, 243, 1000.00, 0.00, 1000.00, 0.00, 'PENAMBAHAN', 0.00, 0.00, 'OD0809041', '2018-08-24 09:59:42', '0000-00-00 00:00:00'),
	(713, 1, '0000-00-00 00:00:00', 1, 1, 6, 244, 1000.00, 0.00, 1000.00, 0.00, 'PENAMBAHAN', 0.00, 0.00, 'OD0809041', '2018-08-24 09:59:43', '0000-00-00 00:00:00'),
	(714, 1, '0000-00-00 00:00:00', 1, 1, 6, 245, 1000.00, 0.00, 1000.00, 0.00, 'PENAMBAHAN', 0.00, 0.00, 'OD0809041', '2018-08-24 09:59:44', '0000-00-00 00:00:00'),
	(715, 1, '0000-00-00 00:00:00', 1, 1, 6, 246, 1000.00, 0.00, 1000.00, 0.00, 'PENAMBAHAN', 0.00, 0.00, 'OD0809041', '2018-08-24 09:59:45', '0000-00-00 00:00:00'),
	(716, 1, '0000-00-00 00:00:00', 1, 1, 6, 247, 1000.00, 0.00, 1000.00, 0.00, 'PENAMBAHAN', 0.00, 0.00, 'OD0809041', '2018-08-24 09:59:46', '0000-00-00 00:00:00'),
	(717, 1, '0000-00-00 00:00:00', 1, 1, 6, 248, 1000.00, 0.00, 1000.00, 0.00, 'PENAMBAHAN', 0.00, 0.00, 'OD0809041', '2018-08-24 09:59:41', '0000-00-00 00:00:00'),
	(718, 1, '0000-00-00 00:00:00', 1, 1, 6, 249, 1000.00, 0.00, 1000.00, 0.00, 'PENAMBAHAN', 0.00, 0.00, 'OD0809041', '2018-08-24 09:59:42', '0000-00-00 00:00:00'),
	(719, 1, '0000-00-00 00:00:00', 1, 1, 6, 250, 1000.00, 0.00, 1000.00, 0.00, 'PENAMBAHAN', 0.00, 0.00, 'OD0809041', '2018-08-24 09:59:43', '0000-00-00 00:00:00'),
	(720, 1, '0000-00-00 00:00:00', 1, 1, 6, 251, 1000.00, 0.00, 1000.00, 0.00, 'PENAMBAHAN', 0.00, 0.00, 'OD0809041', '2018-08-24 09:59:44', '0000-00-00 00:00:00'),
	(721, 1, '0000-00-00 00:00:00', 1, 1, 6, 252, 1000.00, 0.00, 1000.00, 0.00, 'PENAMBAHAN', 0.00, 0.00, 'OD0809041', '2018-08-24 09:59:45', '0000-00-00 00:00:00'),
	(722, 1, '0000-00-00 00:00:00', 1, 1, 6, 253, 1000.00, 0.00, 1000.00, 0.00, 'PENAMBAHAN', 0.00, 0.00, 'OD0809041', '2018-08-24 09:59:46', '0000-00-00 00:00:00'),
	(723, 1, '0000-00-00 00:00:00', 1, 1, 6, 254, 1000.00, 0.00, 1000.00, 0.00, 'PENAMBAHAN', 0.00, 0.00, 'OD0809041', '2018-08-24 09:59:41', '0000-00-00 00:00:00'),
	(724, 1, '0000-00-00 00:00:00', 1, 1, 6, 255, 1000.00, 0.00, 1000.00, 0.00, 'PENAMBAHAN', 0.00, 0.00, 'OD0809041', '2018-08-24 09:59:42', '0000-00-00 00:00:00'),
	(725, 1, '0000-00-00 00:00:00', 1, 1, 6, 256, 1000.00, 0.00, 1000.00, 0.00, 'PENAMBAHAN', 0.00, 0.00, 'OD0809041', '2018-08-24 09:59:43', '0000-00-00 00:00:00'),
	(726, 1, '0000-00-00 00:00:00', 1, 1, 6, 257, 1000.00, 0.00, 1000.00, 0.00, 'PENAMBAHAN', 0.00, 0.00, 'OD0809041', '2018-08-24 09:59:44', '0000-00-00 00:00:00'),
	(727, 1, '0000-00-00 00:00:00', 1, 1, 6, 258, 1000.00, 0.00, 1000.00, 0.00, 'PENAMBAHAN', 0.00, 0.00, 'OD0809041', '2018-08-24 09:59:45', '0000-00-00 00:00:00'),
	(728, 1, '0000-00-00 00:00:00', 1, 1, 6, 259, 1000.00, 0.00, 1000.00, 0.00, 'PENAMBAHAN', 0.00, 0.00, 'OD0809041', '2018-08-24 09:59:46', '0000-00-00 00:00:00'),
	(729, 1, '0000-00-00 00:00:00', 1, 1, 6, 260, 1000.00, 0.00, 1000.00, 0.00, 'PENAMBAHAN', 0.00, 0.00, 'OD0809041', '2018-08-24 09:59:41', '0000-00-00 00:00:00'),
	(730, 1, '0000-00-00 00:00:00', 1, 1, 6, 261, 1000.00, 0.00, 1000.00, 0.00, 'PENAMBAHAN', 0.00, 0.00, 'OD0809041', '2018-08-24 09:59:42', '0000-00-00 00:00:00'),
	(731, 1, '0000-00-00 00:00:00', 1, 1, 6, 262, 1000.00, 0.00, 1000.00, 0.00, 'PENAMBAHAN', 0.00, 0.00, 'OD0809041', '2018-08-24 09:59:43', '0000-00-00 00:00:00'),
	(732, 1, '0000-00-00 00:00:00', 1, 1, 6, 263, 1000.00, 0.00, 1000.00, 0.00, 'PENAMBAHAN', 0.00, 0.00, 'OD0809041', '2018-08-24 09:59:44', '0000-00-00 00:00:00'),
	(733, 1, '0000-00-00 00:00:00', 1, 1, 6, 264, 1000.00, 0.00, 1000.00, 0.00, 'PENAMBAHAN', 0.00, 0.00, 'OD0809041', '2018-08-24 09:59:45', '0000-00-00 00:00:00'),
	(734, 1, '0000-00-00 00:00:00', 1, 1, 6, 265, 1000.00, 0.00, 1000.00, 0.00, 'PENAMBAHAN', 0.00, 0.00, 'OD0809041', '2018-08-24 09:59:46', '0000-00-00 00:00:00'),
	(735, 1, '0000-00-00 00:00:00', 1, 1, 6, 266, 1000.00, 0.00, 1000.00, 0.00, 'PENAMBAHAN', 0.00, 0.00, 'OD0809041', '2018-08-24 09:59:41', '0000-00-00 00:00:00'),
	(736, 1, '0000-00-00 00:00:00', 1, 1, 6, 267, 1000.00, 0.00, 1000.00, 0.00, 'PENAMBAHAN', 0.00, 0.00, 'OD0809041', '2018-08-24 09:59:42', '0000-00-00 00:00:00'),
	(737, 1, '0000-00-00 00:00:00', 1, 1, 6, 268, 1000.00, 0.00, 1000.00, 0.00, 'PENAMBAHAN', 0.00, 0.00, 'OD0809041', '2018-08-24 09:59:43', '0000-00-00 00:00:00'),
	(738, 1, '0000-00-00 00:00:00', 1, 1, 6, 282, 1000.00, 0.00, 1000.00, 0.00, 'PENAMBAHAN', 0.00, 0.00, 'OD0809041', '2018-08-24 09:59:44', '0000-00-00 00:00:00'),
	(739, 1, '0000-00-00 00:00:00', 1, 1, 6, 283, 1000.00, 0.00, 1000.00, 0.00, 'PENAMBAHAN', 0.00, 0.00, 'OD0809041', '2018-08-24 09:59:45', '0000-00-00 00:00:00'),
	(740, 1, '0000-00-00 00:00:00', 1, 1, 6, 284, 1000.00, 0.00, 1000.00, 0.00, 'PENAMBAHAN', 0.00, 0.00, 'OD0809041', '2018-08-24 09:59:46', '0000-00-00 00:00:00'),
	(741, 1, '0000-00-00 00:00:00', 1, 1, 6, 285, 1000.00, 0.00, 1000.00, 0.00, 'PENAMBAHAN', 0.00, 0.00, 'OD0809041', '2018-08-24 09:59:41', '0000-00-00 00:00:00'),
	(742, 1, '0000-00-00 00:00:00', 1, 1, 6, 286, 1000.00, 0.00, 1000.00, 0.00, 'PENAMBAHAN', 0.00, 0.00, 'OD0809041', '2018-08-24 09:59:42', '0000-00-00 00:00:00'),
	(743, 1, '0000-00-00 00:00:00', 1, 1, 6, 287, 1000.00, 0.00, 1000.00, 0.00, 'PENAMBAHAN', 0.00, 0.00, 'OD0809041', '2018-08-24 09:59:43', '0000-00-00 00:00:00'),
	(744, 1, '0000-00-00 00:00:00', 1, 1, 6, 288, 1000.00, 0.00, 1000.00, 0.00, 'PENAMBAHAN', 0.00, 0.00, 'OD0809041', '2018-08-24 09:59:44', '0000-00-00 00:00:00'),
	(745, 1, '0000-00-00 00:00:00', 1, 1, 6, 289, 1000.00, 0.00, 1000.00, 0.00, 'PENAMBAHAN', 0.00, 0.00, 'OD0809041', '2018-08-24 09:59:45', '0000-00-00 00:00:00'),
	(746, 1, '0000-00-00 00:00:00', 1, 1, 6, 290, 1000.00, 0.00, 1000.00, 0.00, 'PENAMBAHAN', 0.00, 0.00, 'OD0809041', '2018-08-24 09:59:46', '0000-00-00 00:00:00'),
	(747, 1, '0000-00-00 00:00:00', 1, 1, 6, 291, 1000.00, 0.00, 1000.00, 0.00, 'PENAMBAHAN', 0.00, 0.00, 'OD0809041', '2018-08-24 09:59:41', '0000-00-00 00:00:00'),
	(748, 1, '0000-00-00 00:00:00', 1, 1, 6, 292, 1000.00, 0.00, 1000.00, 0.00, 'PENAMBAHAN', 0.00, 0.00, 'OD0809041', '2018-08-24 09:59:42', '0000-00-00 00:00:00'),
	(749, 1, '0000-00-00 00:00:00', 1, 1, 6, 293, 1000.00, 0.00, 1000.00, 0.00, 'PENAMBAHAN', 0.00, 0.00, 'OD0809041', '2018-08-24 09:59:43', '0000-00-00 00:00:00'),
	(750, 1, '0000-00-00 00:00:00', 1, 1, 6, 294, 1000.00, 0.00, 1000.00, 0.00, 'PENAMBAHAN', 0.00, 0.00, 'OD0809041', '2018-08-24 09:59:44', '0000-00-00 00:00:00'),
	(751, 1, '0000-00-00 00:00:00', 1, 1, 6, 295, 1000.00, 0.00, 1000.00, 0.00, 'PENAMBAHAN', 0.00, 0.00, 'OD0809041', '2018-08-24 09:59:45', '0000-00-00 00:00:00'),
	(752, 1, '0000-00-00 00:00:00', 1, 1, 6, 296, 1000.00, 1.00, 999.00, 0.00, 'PENAMBAHAN', 0.00, 0.00, 'OD0809041', '2018-08-24 09:59:46', '2018-09-27 15:43:15'),
	(753, 1, '0000-00-00 00:00:00', 1, 1, 6, 297, 1000.00, 0.00, 1000.00, 0.00, 'PENAMBAHAN', 0.00, 0.00, 'OD0809041', '2018-08-24 09:59:41', '0000-00-00 00:00:00'),
	(754, 1, '0000-00-00 00:00:00', 1, 1, 6, 298, 1000.00, 0.00, 1000.00, 0.00, 'PENAMBAHAN', 0.00, 0.00, 'OD0809041', '2018-08-24 09:59:42', '0000-00-00 00:00:00'),
	(755, 1, '0000-00-00 00:00:00', 1, 1, 6, 299, 1000.00, 0.00, 1000.00, 0.00, 'PENAMBAHAN', 0.00, 0.00, 'OD0809041', '2018-08-24 09:59:43', '0000-00-00 00:00:00'),
	(756, 1, '0000-00-00 00:00:00', 1, 1, 6, 300, 1000.00, 0.00, 1000.00, 0.00, 'PENAMBAHAN', 0.00, 0.00, 'OD0809041', '2018-08-24 09:59:44', '0000-00-00 00:00:00'),
	(757, 1, '0000-00-00 00:00:00', 1, 1, 6, 301, 1000.00, 1.00, 999.00, 0.00, 'PENAMBAHAN', 0.00, 0.00, 'OD0809041', '2018-08-24 09:59:45', '2018-09-27 15:43:15'),
	(758, 1, '0000-00-00 00:00:00', 1, 1, 6, 302, 1000.00, 0.00, 1000.00, 0.00, 'PENAMBAHAN', 0.00, 0.00, 'OD0809041', '2018-08-24 09:59:46', '0000-00-00 00:00:00'),
	(759, 1, '0000-00-00 00:00:00', 1, 1, 6, 303, 1000.00, 0.00, 1000.00, 0.00, 'PENAMBAHAN', 0.00, 0.00, 'OD0809041', '2018-08-24 09:59:41', '0000-00-00 00:00:00'),
	(760, 1, '0000-00-00 00:00:00', 1, 1, 6, 304, 1000.00, 0.00, 1000.00, 0.00, 'PENAMBAHAN', 0.00, 0.00, 'OD0809041', '2018-08-24 09:59:42', '0000-00-00 00:00:00'),
	(761, 1, '0000-00-00 00:00:00', 1, 1, 6, 305, 1000.00, 0.00, 1000.00, 0.00, 'PENAMBAHAN', 0.00, 0.00, 'OD0809041', '2018-08-24 09:59:43', '0000-00-00 00:00:00'),
	(762, 1, '0000-00-00 00:00:00', 1, 1, 6, 306, 1000.00, 0.00, 1000.00, 0.00, 'PENAMBAHAN', 0.00, 0.00, 'OD0809041', '2018-08-24 09:59:44', '0000-00-00 00:00:00'),
	(763, 1, '0000-00-00 00:00:00', 1, 1, 6, 307, 1000.00, 0.00, 1000.00, 0.00, 'PENAMBAHAN', 0.00, 0.00, 'OD0809041', '2018-08-24 09:59:45', '0000-00-00 00:00:00'),
	(764, 1, '0000-00-00 00:00:00', 1, 1, 6, 308, 1000.00, 0.00, 1000.00, 0.00, 'PENAMBAHAN', 0.00, 0.00, 'OD0809041', '2018-08-24 09:59:46', '0000-00-00 00:00:00'),
	(765, 1, '0000-00-00 00:00:00', 1, 1, 6, 309, 1000.00, 0.00, 1000.00, 0.00, 'PENAMBAHAN', 0.00, 0.00, 'OD0809041', '2018-08-24 09:59:41', '0000-00-00 00:00:00'),
	(766, 1, '0000-00-00 00:00:00', 1, 1, 6, 310, 1000.00, 0.00, 1000.00, 0.00, 'PENAMBAHAN', 0.00, 0.00, 'OD0809041', '2018-08-24 09:59:42', '0000-00-00 00:00:00'),
	(767, 1, '0000-00-00 00:00:00', 1, 1, 6, 311, 1000.00, 0.00, 1000.00, 0.00, 'PENAMBAHAN', 0.00, 0.00, 'OD0809041', '2018-08-24 09:59:43', '0000-00-00 00:00:00'),
	(768, 1, '0000-00-00 00:00:00', 1, 1, 6, 312, 1000.00, 0.00, 1000.00, 0.00, 'PENAMBAHAN', 0.00, 0.00, 'OD0809041', '2018-08-24 09:59:44', '0000-00-00 00:00:00'),
	(769, 1, '0000-00-00 00:00:00', 1, 1, 6, 313, 1000.00, 0.00, 1000.00, 0.00, 'PENAMBAHAN', 0.00, 0.00, 'OD0809041', '2018-08-24 09:59:45', '0000-00-00 00:00:00'),
	(770, 1, '0000-00-00 00:00:00', 1, 1, 6, 314, 1000.00, 0.00, 1000.00, 0.00, 'PENAMBAHAN', 0.00, 0.00, 'OD0809041', '2018-08-24 09:59:46', '0000-00-00 00:00:00'),
	(771, 1, '0000-00-00 00:00:00', 1, 1, 6, 315, 1000.00, 0.00, 1000.00, 0.00, 'PENAMBAHAN', 0.00, 0.00, 'OD0809041', '2018-08-24 09:59:41', '0000-00-00 00:00:00'),
	(772, 1, '0000-00-00 00:00:00', 1, 1, 6, 316, 1000.00, 0.00, 1000.00, 0.00, 'PENAMBAHAN', 0.00, 0.00, 'OD0809041', '2018-08-24 09:59:42', '0000-00-00 00:00:00'),
	(773, 1, '0000-00-00 00:00:00', 1, 1, 6, 317, 1000.00, 0.00, 1000.00, 0.00, 'PENAMBAHAN', 0.00, 0.00, 'OD0809041', '2018-08-24 09:59:43', '0000-00-00 00:00:00'),
	(774, 1, '0000-00-00 00:00:00', 1, 1, 6, 318, 1000.00, 0.00, 1000.00, 0.00, 'PENAMBAHAN', 0.00, 0.00, 'OD0809041', '2018-08-24 09:59:44', '0000-00-00 00:00:00'),
	(775, 1, '0000-00-00 00:00:00', 1, 1, 6, 319, 1000.00, 0.00, 1000.00, 0.00, 'PENAMBAHAN', 0.00, 0.00, 'OD0809041', '2018-08-24 09:59:45', '0000-00-00 00:00:00'),
	(776, 1, '0000-00-00 00:00:00', 1, 1, 6, 320, 1000.00, 0.00, 1000.00, 0.00, 'PENAMBAHAN', 0.00, 0.00, 'OD0809041', '2018-08-24 09:59:46', '0000-00-00 00:00:00'),
	(777, 1, '0000-00-00 00:00:00', 1, 1, 6, 321, 1000.00, 0.00, 1000.00, 0.00, 'PENAMBAHAN', 0.00, 0.00, 'OD0809041', '2018-08-24 09:59:41', '0000-00-00 00:00:00'),
	(778, 1, '0000-00-00 00:00:00', 1, 1, 6, 322, 1000.00, 0.00, 1000.00, 0.00, 'PENAMBAHAN', 0.00, 0.00, 'OD0809041', '2018-08-24 09:59:42', '0000-00-00 00:00:00'),
	(779, 1, '0000-00-00 00:00:00', 1, 1, 6, 323, 1000.00, 0.00, 1000.00, 0.00, 'PENAMBAHAN', 0.00, 0.00, 'OD0809041', '2018-08-24 09:59:43', '0000-00-00 00:00:00'),
	(780, 1, '0000-00-00 00:00:00', 1, 1, 6, 324, 1000.00, 0.00, 1000.00, 0.00, 'PENAMBAHAN', 0.00, 0.00, 'OD0809041', '2018-08-24 09:59:44', '0000-00-00 00:00:00'),
	(781, 1, '0000-00-00 00:00:00', 1, 1, 6, 325, 1000.00, 0.00, 1000.00, 0.00, 'PENAMBAHAN', 0.00, 0.00, 'OD0809041', '2018-08-24 09:59:45', '0000-00-00 00:00:00'),
	(782, 1, '0000-00-00 00:00:00', 1, 1, 6, 326, 1000.00, 0.00, 1000.00, 0.00, 'PENAMBAHAN', 0.00, 0.00, 'OD0809041', '2018-08-24 09:59:46', '0000-00-00 00:00:00'),
	(783, 1, '0000-00-00 00:00:00', 1, 1, 6, 327, 1000.00, 0.00, 1000.00, 0.00, 'PENAMBAHAN', 0.00, 0.00, 'OD0809041', '2018-08-24 09:59:41', '0000-00-00 00:00:00'),
	(784, 1, '0000-00-00 00:00:00', 1, 1, 6, 328, 1000.00, 0.00, 1000.00, 0.00, 'PENAMBAHAN', 0.00, 0.00, 'OD0809041', '2018-08-24 09:59:42', '0000-00-00 00:00:00'),
	(785, 1, '0000-00-00 00:00:00', 1, 1, 6, 329, 1000.00, 0.00, 1000.00, 0.00, 'PENAMBAHAN', 0.00, 0.00, 'OD0809041', '2018-08-24 09:59:43', '0000-00-00 00:00:00'),
	(786, 1, '0000-00-00 00:00:00', 1, 1, 6, 330, 1000.00, 0.00, 1000.00, 0.00, 'PENAMBAHAN', 0.00, 0.00, 'OD0809041', '2018-08-24 09:59:44', '0000-00-00 00:00:00'),
	(787, 1, '0000-00-00 00:00:00', 1, 1, 6, 331, 1000.00, 0.00, 1000.00, 0.00, 'PENAMBAHAN', 0.00, 0.00, 'OD0809041', '2018-08-24 09:59:45', '0000-00-00 00:00:00'),
	(788, 1, '0000-00-00 00:00:00', 1, 1, 6, 332, 1000.00, 0.00, 1000.00, 0.00, 'PENAMBAHAN', 0.00, 0.00, 'OD0809041', '2018-08-24 09:59:46', '0000-00-00 00:00:00'),
	(789, 1, '0000-00-00 00:00:00', 1, 1, 6, 333, 1000.00, 0.00, 1000.00, 0.00, 'PENAMBAHAN', 0.00, 0.00, 'OD0809041', '2018-08-24 09:59:41', '0000-00-00 00:00:00'),
	(790, 1, '0000-00-00 00:00:00', 1, 1, 6, 334, 1000.00, 0.00, 1000.00, 0.00, 'PENAMBAHAN', 0.00, 0.00, 'OD0809041', '2018-08-24 09:59:42', '0000-00-00 00:00:00'),
	(791, 1, '0000-00-00 00:00:00', 1, 1, 6, 335, 1000.00, 0.00, 1000.00, 0.00, 'PENAMBAHAN', 0.00, 0.00, 'OD0809041', '2018-08-24 09:59:43', '0000-00-00 00:00:00'),
	(792, 1, '0000-00-00 00:00:00', 1, 1, 6, 336, 1000.00, 0.00, 1000.00, 0.00, 'PENAMBAHAN', 0.00, 0.00, 'OD0809041', '2018-08-24 09:59:44', '0000-00-00 00:00:00'),
	(793, 1, '0000-00-00 00:00:00', 1, 1, 6, 337, 1000.00, 0.00, 1000.00, 0.00, 'PENAMBAHAN', 0.00, 0.00, 'OD0809041', '2018-08-24 09:59:45', '0000-00-00 00:00:00'),
	(794, 1, '0000-00-00 00:00:00', 1, 1, 6, 338, 1000.00, 0.00, 1000.00, 0.00, 'PENAMBAHAN', 0.00, 0.00, 'OD0809041', '2018-08-24 09:59:46', '0000-00-00 00:00:00'),
	(795, 1, '0000-00-00 00:00:00', 1, 1, 6, 339, 1000.00, 0.00, 1000.00, 0.00, 'PENAMBAHAN', 0.00, 0.00, 'OD0809041', '2018-08-24 09:59:41', '0000-00-00 00:00:00'),
	(796, 1, '0000-00-00 00:00:00', 1, 1, 6, 340, 1000.00, 0.00, 1000.00, 0.00, 'PENAMBAHAN', 0.00, 0.00, 'OD0809041', '2018-08-24 09:59:42', '0000-00-00 00:00:00'),
	(797, 1, '0000-00-00 00:00:00', 1, 1, 6, 341, 1000.00, 0.00, 1000.00, 0.00, 'PENAMBAHAN', 0.00, 0.00, 'OD0809041', '2018-08-24 09:59:43', '0000-00-00 00:00:00'),
	(798, 1, '0000-00-00 00:00:00', 1, 1, 6, 342, 1000.00, 0.00, 1000.00, 0.00, 'PENAMBAHAN', 0.00, 0.00, 'OD0809041', '2018-08-24 09:59:44', '0000-00-00 00:00:00'),
	(799, 1, '0000-00-00 00:00:00', 1, 1, 6, 343, 1000.00, 0.00, 1000.00, 0.00, 'PENAMBAHAN', 0.00, 0.00, 'OD0809041', '2018-08-24 09:59:45', '0000-00-00 00:00:00'),
	(800, 1, '0000-00-00 00:00:00', 1, 1, 6, 344, 1000.00, 0.00, 1000.00, 0.00, 'PENAMBAHAN', 0.00, 0.00, 'OD0809041', '2018-08-24 09:59:46', '0000-00-00 00:00:00'),
	(801, 1, '0000-00-00 00:00:00', 1, 1, 6, 345, 1000.00, 0.00, 1000.00, 0.00, 'PENAMBAHAN', 0.00, 0.00, 'OD0809041', '2018-08-24 09:59:41', '0000-00-00 00:00:00'),
	(802, 1, '0000-00-00 00:00:00', 1, 1, 6, 346, 1000.00, 0.00, 1000.00, 0.00, 'PENAMBAHAN', 0.00, 0.00, 'OD0809041', '2018-08-24 09:59:42', '0000-00-00 00:00:00'),
	(803, 1, '0000-00-00 00:00:00', 1, 1, 6, 347, 1000.00, 0.00, 1000.00, 0.00, 'PENAMBAHAN', 0.00, 0.00, 'OD0809041', '2018-08-24 09:59:43', '0000-00-00 00:00:00'),
	(804, 1, '0000-00-00 00:00:00', 1, 1, 6, 348, 1000.00, 0.00, 1000.00, 0.00, 'PENAMBAHAN', 0.00, 0.00, 'OD0809041', '2018-08-24 09:59:44', '0000-00-00 00:00:00'),
	(805, 1, '0000-00-00 00:00:00', 1, 1, 6, 349, 1000.00, 0.00, 1000.00, 0.00, 'PENAMBAHAN', 0.00, 0.00, 'OD0809041', '2018-08-24 09:59:45', '0000-00-00 00:00:00'),
	(806, 1, '0000-00-00 00:00:00', 1, 1, 6, 350, 1000.00, 0.00, 1000.00, 0.00, 'PENAMBAHAN', 0.00, 0.00, 'OD0809041', '2018-08-24 09:59:46', '0000-00-00 00:00:00'),
	(807, 1, '0000-00-00 00:00:00', 1, 1, 6, 351, 1000.00, 0.00, 1000.00, 0.00, 'PENAMBAHAN', 0.00, 0.00, 'OD0809041', '2018-08-24 09:59:41', '0000-00-00 00:00:00'),
	(808, 1, '0000-00-00 00:00:00', 1, 1, 6, 352, 1000.00, 0.00, 1000.00, 0.00, 'PENAMBAHAN', 0.00, 0.00, 'OD0809041', '2018-08-24 09:59:42', '0000-00-00 00:00:00'),
	(809, 1, '0000-00-00 00:00:00', 1, 1, 6, 353, 1000.00, 0.00, 1000.00, 0.00, 'PENAMBAHAN', 0.00, 0.00, 'OD0809041', '2018-08-24 09:59:43', '0000-00-00 00:00:00'),
	(810, 1, '0000-00-00 00:00:00', 1, 1, 6, 354, 1000.00, 0.00, 1000.00, 0.00, 'PENAMBAHAN', 0.00, 0.00, 'OD0809041', '2018-08-24 09:59:44', '0000-00-00 00:00:00'),
	(811, 1, '0000-00-00 00:00:00', 1, 1, 6, 355, 1000.00, 0.00, 1000.00, 0.00, 'PENAMBAHAN', 0.00, 0.00, 'OD0809041', '2018-08-24 09:59:45', '0000-00-00 00:00:00'),
	(812, 1, '0000-00-00 00:00:00', 1, 1, 6, 356, 1000.00, 0.00, 1000.00, 0.00, 'PENAMBAHAN', 0.00, 0.00, 'OD0809041', '2018-08-24 09:59:46', '0000-00-00 00:00:00'),
	(813, 1, '0000-00-00 00:00:00', 1, 1, 6, 357, 1000.00, 0.00, 1000.00, 0.00, 'PENAMBAHAN', 0.00, 0.00, 'OD0809041', '2018-08-24 09:59:41', '0000-00-00 00:00:00'),
	(814, 1, '0000-00-00 00:00:00', 1, 1, 6, 358, 1000.00, 0.00, 1000.00, 0.00, 'PENAMBAHAN', 0.00, 0.00, 'OD0809041', '2018-08-24 09:59:42', '0000-00-00 00:00:00'),
	(815, 1, '0000-00-00 00:00:00', 1, 1, 6, 359, 1000.00, 0.00, 1000.00, 0.00, 'PENAMBAHAN', 0.00, 0.00, 'OD0809041', '2018-08-24 09:59:43', '0000-00-00 00:00:00'),
	(816, 1, '0000-00-00 00:00:00', 1, 1, 6, 360, 1000.00, 0.00, 1000.00, 0.00, 'PENAMBAHAN', 0.00, 0.00, 'OD0809041', '2018-08-24 09:59:44', '0000-00-00 00:00:00'),
	(817, 1, '0000-00-00 00:00:00', 1, 1, 6, 361, 1000.00, 0.00, 1000.00, 0.00, 'PENAMBAHAN', 0.00, 0.00, 'OD0809041', '2018-08-24 09:59:45', '0000-00-00 00:00:00'),
	(818, 1, '0000-00-00 00:00:00', 1, 1, 6, 362, 1000.00, 0.00, 1000.00, 0.00, 'PENAMBAHAN', 0.00, 0.00, 'OD0809041', '2018-08-24 09:59:46', '0000-00-00 00:00:00'),
	(819, 1, '0000-00-00 00:00:00', 1, 1, 6, 363, 1000.00, 0.00, 1000.00, 0.00, 'PENAMBAHAN', 0.00, 0.00, 'OD0809041', '2018-08-24 09:59:41', '0000-00-00 00:00:00'),
	(820, 1, '0000-00-00 00:00:00', 1, 1, 6, 364, 1000.00, 0.00, 1000.00, 0.00, 'PENAMBAHAN', 0.00, 0.00, 'OD0809041', '2018-08-24 09:59:42', '0000-00-00 00:00:00'),
	(821, 1, '0000-00-00 00:00:00', 1, 1, 6, 365, 1000.00, 0.00, 1000.00, 0.00, 'PENAMBAHAN', 0.00, 0.00, 'OD0809041', '2018-08-24 09:59:43', '0000-00-00 00:00:00'),
	(822, 1, '0000-00-00 00:00:00', 1, 1, 6, 366, 1000.00, 0.00, 1000.00, 0.00, 'PENAMBAHAN', 0.00, 0.00, 'OD0809041', '2018-08-24 09:59:44', '0000-00-00 00:00:00'),
	(823, 1, '0000-00-00 00:00:00', 1, 1, 6, 367, 1000.00, 0.00, 1000.00, 0.00, 'PENAMBAHAN', 0.00, 0.00, 'OD0809041', '2018-08-24 09:59:45', '0000-00-00 00:00:00'),
	(824, 1, '0000-00-00 00:00:00', 1, 1, 6, 368, 1000.00, 0.00, 1000.00, 0.00, 'PENAMBAHAN', 0.00, 0.00, 'OD0809041', '2018-08-24 09:59:46', '0000-00-00 00:00:00'),
	(825, 1, '0000-00-00 00:00:00', 1, 1, 6, 369, 1000.00, 0.00, 1000.00, 0.00, 'PENAMBAHAN', 0.00, 0.00, 'OD0809041', '2018-08-24 09:59:41', '0000-00-00 00:00:00'),
	(826, 1, '0000-00-00 00:00:00', 1, 1, 6, 370, 1000.00, 0.00, 1000.00, 0.00, 'PENAMBAHAN', 0.00, 0.00, 'OD0809041', '2018-08-24 09:59:42', '0000-00-00 00:00:00'),
	(827, 1, '0000-00-00 00:00:00', 1, 1, 6, 371, 1000.00, 0.00, 1000.00, 0.00, 'PENAMBAHAN', 0.00, 0.00, 'OD0809041', '2018-08-24 09:59:43', '0000-00-00 00:00:00'),
	(828, 1, '0000-00-00 00:00:00', 1, 1, 6, 372, 1000.00, 0.00, 1000.00, 0.00, 'PENAMBAHAN', 0.00, 0.00, 'OD0809041', '2018-08-24 09:59:44', '0000-00-00 00:00:00'),
	(829, 1, '0000-00-00 00:00:00', 1, 1, 6, 373, 1000.00, 0.00, 1000.00, 0.00, 'PENAMBAHAN', 0.00, 0.00, 'OD0809041', '2018-08-24 09:59:45', '0000-00-00 00:00:00'),
	(830, 1, '0000-00-00 00:00:00', 1, 1, 6, 374, 1000.00, 0.00, 1000.00, 0.00, 'PENAMBAHAN', 0.00, 0.00, 'OD0809041', '2018-08-24 09:59:46', '0000-00-00 00:00:00'),
	(831, 1, '0000-00-00 00:00:00', 1, 1, 6, 375, 1000.00, 0.00, 1000.00, 0.00, 'PENAMBAHAN', 0.00, 0.00, 'OD0809041', '2018-08-24 09:59:41', '0000-00-00 00:00:00'),
	(832, 1, '0000-00-00 00:00:00', 1, 1, 6, 376, 1000.00, 0.00, 1000.00, 0.00, 'PENAMBAHAN', 0.00, 0.00, 'OD0809041', '2018-08-24 09:59:42', '0000-00-00 00:00:00'),
	(833, 1, '0000-00-00 00:00:00', 1, 1, 6, 377, 1000.00, 0.00, 1000.00, 0.00, 'PENAMBAHAN', 0.00, 0.00, 'OD0809041', '2018-08-24 09:59:43', '0000-00-00 00:00:00'),
	(834, 1, '0000-00-00 00:00:00', 1, 1, 6, 378, 1000.00, 0.00, 1000.00, 0.00, 'PENAMBAHAN', 0.00, 0.00, 'OD0809041', '2018-08-24 09:59:44', '0000-00-00 00:00:00'),
	(835, 1, '0000-00-00 00:00:00', 1, 1, 6, 379, 1000.00, 0.00, 1000.00, 0.00, 'PENAMBAHAN', 0.00, 0.00, 'OD0809041', '2018-08-24 09:59:45', '0000-00-00 00:00:00'),
	(836, 1, '0000-00-00 00:00:00', 1, 1, 6, 380, 1000.00, 0.00, 1000.00, 0.00, 'PENAMBAHAN', 0.00, 0.00, 'OD0809041', '2018-08-24 09:59:46', '0000-00-00 00:00:00'),
	(837, 1, '0000-00-00 00:00:00', 1, 1, 6, 381, 1000.00, 0.00, 1000.00, 0.00, 'PENAMBAHAN', 0.00, 0.00, 'OD0809041', '2018-08-24 09:59:41', '0000-00-00 00:00:00'),
	(838, 1, '0000-00-00 00:00:00', 1, 1, 6, 382, 1000.00, 0.00, 1000.00, 0.00, 'PENAMBAHAN', 0.00, 0.00, 'OD0809041', '2018-08-24 09:59:42', '0000-00-00 00:00:00'),
	(839, 1, '0000-00-00 00:00:00', 1, 1, 6, 383, 1000.00, 0.00, 1000.00, 0.00, 'PENAMBAHAN', 0.00, 0.00, 'OD0809041', '2018-08-24 09:59:43', '0000-00-00 00:00:00'),
	(840, 1, '0000-00-00 00:00:00', 1, 1, 6, 384, 1000.00, 0.00, 1000.00, 0.00, 'PENAMBAHAN', 0.00, 0.00, 'OD0809041', '2018-08-24 09:59:44', '0000-00-00 00:00:00'),
	(841, 1, '0000-00-00 00:00:00', 1, 1, 6, 385, 1000.00, 0.00, 1000.00, 0.00, 'PENAMBAHAN', 0.00, 0.00, 'OD0809041', '2018-08-24 09:59:45', '0000-00-00 00:00:00'),
	(842, 1, '0000-00-00 00:00:00', 1, 1, 6, 386, 1000.00, 0.00, 1000.00, 0.00, 'PENAMBAHAN', 0.00, 0.00, 'OD0809041', '2018-08-24 09:59:46', '0000-00-00 00:00:00'),
	(843, 1, '0000-00-00 00:00:00', 1, 1, 6, 387, 1000.00, 0.00, 1000.00, 0.00, 'PENAMBAHAN', 0.00, 0.00, 'OD0809041', '2018-08-24 09:59:41', '0000-00-00 00:00:00'),
	(844, 1, '0000-00-00 00:00:00', 1, 1, 6, 388, 1000.00, 0.00, 1000.00, 0.00, 'PENAMBAHAN', 0.00, 0.00, 'OD0809041', '2018-08-24 09:59:42', '0000-00-00 00:00:00'),
	(845, 1, '0000-00-00 00:00:00', 1, 1, 6, 389, 1000.00, 0.00, 1000.00, 0.00, 'PENAMBAHAN', 0.00, 0.00, 'OD0809041', '2018-08-24 09:59:43', '0000-00-00 00:00:00'),
	(846, 1, '0000-00-00 00:00:00', 1, 1, 6, 390, 1000.00, 0.00, 1000.00, 0.00, 'PENAMBAHAN', 0.00, 0.00, 'OD0809041', '2018-08-24 09:59:44', '0000-00-00 00:00:00'),
	(847, 1, '0000-00-00 00:00:00', 1, 1, 6, 391, 1000.00, 0.00, 1000.00, 0.00, 'PENAMBAHAN', 0.00, 0.00, 'OD0809041', '2018-08-24 09:59:45', '0000-00-00 00:00:00'),
	(848, 1, '0000-00-00 00:00:00', 1, 1, 6, 392, 1000.00, 0.00, 1000.00, 0.00, 'PENAMBAHAN', 0.00, 0.00, 'OD0809041', '2018-08-24 09:59:46', '0000-00-00 00:00:00'),
	(849, 1, '0000-00-00 00:00:00', 1, 1, 6, 393, 1000.00, 0.00, 1000.00, 0.00, 'PENAMBAHAN', 0.00, 0.00, 'OD0809041', '2018-08-24 09:59:41', '0000-00-00 00:00:00'),
	(850, 1, '0000-00-00 00:00:00', 1, 1, 6, 394, 1000.00, 0.00, 1000.00, 0.00, 'PENAMBAHAN', 0.00, 0.00, 'OD0809041', '2018-08-24 09:59:42', '0000-00-00 00:00:00'),
	(851, 1, '0000-00-00 00:00:00', 1, 1, 6, 395, 1000.00, 0.00, 1000.00, 0.00, 'PENAMBAHAN', 0.00, 0.00, 'OD0809041', '2018-08-24 09:59:43', '0000-00-00 00:00:00'),
	(852, 1, '0000-00-00 00:00:00', 1, 1, 6, 396, 1000.00, 2.00, 998.00, 0.00, 'PENAMBAHAN', 0.00, 0.00, 'OD0809041', '2018-08-24 09:59:44', '2018-09-27 15:43:15'),
	(853, 1, '0000-00-00 00:00:00', 1, 1, 6, 397, 1000.00, 0.00, 1000.00, 0.00, 'PENAMBAHAN', 0.00, 0.00, 'OD0809041', '2018-08-24 09:59:45', '0000-00-00 00:00:00'),
	(854, 1, '0000-00-00 00:00:00', 1, 1, 6, 398, 1000.00, 0.00, 1000.00, 0.00, 'PENAMBAHAN', 0.00, 0.00, 'OD0809041', '2018-08-24 09:59:46', '0000-00-00 00:00:00'),
	(855, 1, '0000-00-00 00:00:00', 1, 1, 6, 399, 1000.00, 0.00, 1000.00, 0.00, 'PENAMBAHAN', 0.00, 0.00, 'OD0809041', '2018-08-24 09:59:41', '0000-00-00 00:00:00'),
	(856, 1, '0000-00-00 00:00:00', 1, 1, 6, 400, 1000.00, 0.00, 1000.00, 0.00, 'PENAMBAHAN', 0.00, 0.00, 'OD0809041', '2018-08-24 09:59:42', '0000-00-00 00:00:00'),
	(857, 1, '0000-00-00 00:00:00', 1, 1, 6, 401, 1000.00, 0.00, 1000.00, 0.00, 'PENAMBAHAN', 0.00, 0.00, 'OD0809041', '2018-08-24 09:59:43', '0000-00-00 00:00:00'),
	(858, 1, '0000-00-00 00:00:00', 1, 1, 6, 402, 1000.00, 0.00, 1000.00, 0.00, 'PENAMBAHAN', 0.00, 0.00, 'OD0809041', '2018-08-24 09:59:44', '0000-00-00 00:00:00'),
	(859, 1, '0000-00-00 00:00:00', 1, 1, 6, 403, 1000.00, 0.00, 1000.00, 0.00, 'PENAMBAHAN', 0.00, 0.00, 'OD0809041', '2018-08-24 09:59:45', '0000-00-00 00:00:00'),
	(860, 1, '0000-00-00 00:00:00', 1, 1, 6, 404, 1000.00, 0.00, 1000.00, 0.00, 'PENAMBAHAN', 0.00, 0.00, 'OD0809041', '2018-08-24 09:59:46', '0000-00-00 00:00:00'),
	(861, 1, '0000-00-00 00:00:00', 1, 1, 6, 405, 1000.00, 0.00, 1000.00, 0.00, 'PENAMBAHAN', 0.00, 0.00, 'OD0809041', '2018-08-24 09:59:41', '0000-00-00 00:00:00'),
	(862, 1, '0000-00-00 00:00:00', 1, 1, 6, 406, 1000.00, 0.00, 1000.00, 0.00, 'PENAMBAHAN', 0.00, 0.00, 'OD0809041', '2018-08-24 09:59:42', '0000-00-00 00:00:00'),
	(863, 1, '0000-00-00 00:00:00', 1, 1, 6, 407, 1000.00, 0.00, 1000.00, 0.00, 'PENAMBAHAN', 0.00, 0.00, 'OD0809041', '2018-08-24 09:59:43', '0000-00-00 00:00:00'),
	(864, 1, '0000-00-00 00:00:00', 1, 1, 6, 408, 1000.00, 0.00, 1000.00, 0.00, 'PENAMBAHAN', 0.00, 0.00, 'OD0809041', '2018-08-24 09:59:44', '0000-00-00 00:00:00'),
	(865, 1, '0000-00-00 00:00:00', 1, 1, 6, 409, 1000.00, 0.00, 1000.00, 0.00, 'PENAMBAHAN', 0.00, 0.00, 'OD0809041', '2018-08-24 09:59:45', '0000-00-00 00:00:00'),
	(866, 1, '0000-00-00 00:00:00', 1, 1, 6, 410, 1000.00, 0.00, 1000.00, 0.00, 'PENAMBAHAN', 0.00, 0.00, 'OD0809041', '2018-08-24 09:59:46', '0000-00-00 00:00:00'),
	(867, 1, '0000-00-00 00:00:00', 1, 1, 6, 411, 1000.00, 0.00, 1000.00, 0.00, 'PENAMBAHAN', 0.00, 0.00, 'OD0809041', '2018-08-24 09:59:41', '0000-00-00 00:00:00'),
	(868, 1, '0000-00-00 00:00:00', 1, 1, 6, 412, 1000.00, 0.00, 1000.00, 0.00, 'PENAMBAHAN', 0.00, 0.00, 'OD0809041', '2018-08-24 09:59:42', '0000-00-00 00:00:00'),
	(869, 1, '0000-00-00 00:00:00', 1, 1, 6, 413, 1000.00, 0.00, 1000.00, 0.00, 'PENAMBAHAN', 0.00, 0.00, 'OD0809041', '2018-08-24 09:59:43', '0000-00-00 00:00:00'),
	(870, 1, '0000-00-00 00:00:00', 1, 1, 6, 414, 1000.00, 0.00, 1000.00, 0.00, 'PENAMBAHAN', 0.00, 0.00, 'OD0809041', '2018-08-24 09:59:44', '0000-00-00 00:00:00'),
	(871, 1, '0000-00-00 00:00:00', 1, 1, 6, 415, 1000.00, 0.00, 1000.00, 0.00, 'PENAMBAHAN', 0.00, 0.00, 'OD0809041', '2018-08-24 09:59:45', '0000-00-00 00:00:00'),
	(872, 1, '0000-00-00 00:00:00', 1, 1, 6, 416, 1000.00, 0.00, 1000.00, 0.00, 'PENAMBAHAN', 0.00, 0.00, 'OD0809041', '2018-08-24 09:59:46', '0000-00-00 00:00:00'),
	(873, 1, '0000-00-00 00:00:00', 1, 1, 6, 417, 1000.00, 0.00, 1000.00, 0.00, 'PENAMBAHAN', 0.00, 0.00, 'OD0809041', '2018-08-24 09:59:41', '0000-00-00 00:00:00'),
	(874, 1, '0000-00-00 00:00:00', 1, 1, 6, 418, 1000.00, 0.00, 1000.00, 0.00, 'PENAMBAHAN', 0.00, 0.00, 'OD0809041', '2018-08-24 09:59:42', '0000-00-00 00:00:00'),
	(875, 1, '0000-00-00 00:00:00', 1, 1, 6, 419, 1000.00, 0.00, 1000.00, 0.00, 'PENAMBAHAN', 0.00, 0.00, 'OD0809041', '2018-08-24 09:59:43', '0000-00-00 00:00:00'),
	(876, 1, '0000-00-00 00:00:00', 1, 1, 6, 420, 1000.00, 0.00, 1000.00, 0.00, 'PENAMBAHAN', 0.00, 0.00, 'OD0809041', '2018-08-24 09:59:44', '0000-00-00 00:00:00'),
	(877, 1, '0000-00-00 00:00:00', 1, 1, 6, 422, 1000.00, 0.00, 1000.00, 0.00, 'PENAMBAHAN', 0.00, 0.00, 'OD0809041', '2018-08-24 09:59:45', '0000-00-00 00:00:00'),
	(878, 1, '0000-00-00 00:00:00', 1, 1, 6, 423, 1000.00, 0.00, 1000.00, 0.00, 'PENAMBAHAN', 0.00, 0.00, 'OD0809041', '2018-08-24 09:59:46', '0000-00-00 00:00:00'),
	(879, 1, '0000-00-00 00:00:00', 1, 1, 6, 424, 1000.00, 0.00, 1000.00, 0.00, 'PENAMBAHAN', 0.00, 0.00, 'OD0809041', '2018-08-24 09:59:41', '0000-00-00 00:00:00'),
	(880, 1, '0000-00-00 00:00:00', 1, 1, 6, 425, 1000.00, 0.00, 1000.00, 0.00, 'PENAMBAHAN', 0.00, 0.00, 'OD0809041', '2018-08-24 09:59:42', '0000-00-00 00:00:00'),
	(881, 1, '0000-00-00 00:00:00', 1, 1, 6, 426, 1000.00, 0.00, 1000.00, 0.00, 'PENAMBAHAN', 0.00, 0.00, 'OD0809041', '2018-08-24 09:59:43', '0000-00-00 00:00:00'),
	(882, 1, '0000-00-00 00:00:00', 1, 1, 6, 427, 1000.00, 0.00, 1000.00, 0.00, 'PENAMBAHAN', 0.00, 0.00, 'OD0809041', '2018-08-24 09:59:44', '0000-00-00 00:00:00'),
	(883, 1, '0000-00-00 00:00:00', 1, 1, 6, 428, 1000.00, 0.00, 1000.00, 0.00, 'PENAMBAHAN', 0.00, 0.00, 'OD0809041', '2018-08-24 09:59:45', '0000-00-00 00:00:00'),
	(884, 1, '0000-00-00 00:00:00', 1, 1, 6, 429, 1000.00, 0.00, 1000.00, 0.00, 'PENAMBAHAN', 0.00, 0.00, 'OD0809041', '2018-08-24 09:59:46', '0000-00-00 00:00:00'),
	(885, 1, '0000-00-00 00:00:00', 1, 1, 6, 430, 1000.00, 0.00, 1000.00, 0.00, 'PENAMBAHAN', 0.00, 0.00, 'OD0809041', '2018-08-24 09:59:41', '0000-00-00 00:00:00'),
	(886, 1, '0000-00-00 00:00:00', 1, 1, 6, 431, 1000.00, 0.00, 1000.00, 0.00, 'PENAMBAHAN', 0.00, 0.00, 'OD0809041', '2018-08-24 09:59:42', '0000-00-00 00:00:00'),
	(887, 1, '0000-00-00 00:00:00', 1, 1, 6, 432, 1000.00, 0.00, 1000.00, 0.00, 'PENAMBAHAN', 0.00, 0.00, 'OD0809041', '2018-08-24 09:59:43', '0000-00-00 00:00:00'),
	(888, 1, '0000-00-00 00:00:00', 1, 1, 6, 433, 1000.00, 0.00, 1000.00, 0.00, 'PENAMBAHAN', 0.00, 0.00, 'OD0809041', '2018-08-24 09:59:44', '0000-00-00 00:00:00'),
	(889, 1, '0000-00-00 00:00:00', 1, 1, 6, 434, 1000.00, 0.00, 1000.00, 0.00, 'PENAMBAHAN', 0.00, 0.00, 'OD0809041', '2018-08-24 09:59:45', '0000-00-00 00:00:00'),
	(890, 1, '0000-00-00 00:00:00', 1, 1, 6, 435, 1000.00, 0.00, 1000.00, 0.00, 'PENAMBAHAN', 0.00, 0.00, 'OD0809041', '2018-08-24 09:59:46', '0000-00-00 00:00:00'),
	(891, 1, '0000-00-00 00:00:00', 1, 1, 6, 436, 1000.00, 0.00, 1000.00, 0.00, 'PENAMBAHAN', 0.00, 0.00, 'OD0809041', '2018-08-24 09:59:41', '0000-00-00 00:00:00'),
	(892, 1, '0000-00-00 00:00:00', 1, 1, 6, 437, 1000.00, 0.00, 1000.00, 0.00, 'PENAMBAHAN', 0.00, 0.00, 'OD0809041', '2018-08-24 09:59:42', '0000-00-00 00:00:00'),
	(893, 1, '0000-00-00 00:00:00', 1, 1, 6, 438, 1000.00, 0.00, 1000.00, 0.00, 'PENAMBAHAN', 0.00, 0.00, 'OD0809041', '2018-08-24 09:59:43', '0000-00-00 00:00:00'),
	(894, 1, '0000-00-00 00:00:00', 1, 1, 6, 439, 1000.00, 0.00, 1000.00, 0.00, 'PENAMBAHAN', 0.00, 0.00, 'OD0809041', '2018-08-24 09:59:44', '0000-00-00 00:00:00'),
	(895, 1, '0000-00-00 00:00:00', 1, 1, 6, 440, 1000.00, 0.00, 1000.00, 0.00, 'PENAMBAHAN', 0.00, 0.00, 'OD0809041', '2018-08-24 09:59:45', '0000-00-00 00:00:00'),
	(896, 1, '0000-00-00 00:00:00', 1, 1, 6, 441, 1000.00, 0.00, 1000.00, 0.00, 'PENAMBAHAN', 0.00, 0.00, 'OD0809041', '2018-08-24 09:59:46', '0000-00-00 00:00:00'),
	(897, 1, '0000-00-00 00:00:00', 1, 1, 6, 442, 1000.00, 0.00, 1000.00, 0.00, 'PENAMBAHAN', 0.00, 0.00, 'OD0809041', '2018-08-24 09:59:41', '0000-00-00 00:00:00'),
	(898, 1, '0000-00-00 00:00:00', 1, 1, 6, 443, 1000.00, 0.00, 1000.00, 0.00, 'PENAMBAHAN', 0.00, 0.00, 'OD0809041', '2018-08-24 09:59:42', '0000-00-00 00:00:00'),
	(899, 1, '0000-00-00 00:00:00', 1, 1, 6, 444, 1000.00, 0.00, 1000.00, 0.00, 'PENAMBAHAN', 0.00, 0.00, 'OD0809041', '2018-08-24 09:59:43', '0000-00-00 00:00:00'),
	(900, 1, '0000-00-00 00:00:00', 1, 1, 6, 445, 1000.00, 0.00, 1000.00, 0.00, 'PENAMBAHAN', 0.00, 0.00, 'OD0809041', '2018-08-24 09:59:44', '0000-00-00 00:00:00'),
	(901, 1, '0000-00-00 00:00:00', 1, 1, 6, 446, 1000.00, 0.00, 1000.00, 0.00, 'PENAMBAHAN', 0.00, 0.00, 'OD0809041', '2018-08-24 09:59:45', '0000-00-00 00:00:00'),
	(902, 1, '0000-00-00 00:00:00', 1, 1, 6, 447, 1000.00, 0.00, 1000.00, 0.00, 'PENAMBAHAN', 0.00, 0.00, 'OD0809041', '2018-08-24 09:59:46', '0000-00-00 00:00:00'),
	(903, 1, '0000-00-00 00:00:00', 1, 1, 6, 448, 1000.00, 0.00, 1000.00, 0.00, 'PENAMBAHAN', 0.00, 0.00, 'OD0809041', '2018-08-24 09:59:41', '0000-00-00 00:00:00'),
	(904, 1, '0000-00-00 00:00:00', 1, 1, 6, 449, 1000.00, 0.00, 1000.00, 0.00, 'PENAMBAHAN', 0.00, 0.00, 'OD0809041', '2018-08-24 09:59:42', '0000-00-00 00:00:00'),
	(905, 1, '0000-00-00 00:00:00', 1, 1, 6, 450, 1000.00, 0.00, 1000.00, 0.00, 'PENAMBAHAN', 0.00, 0.00, 'OD0809041', '2018-08-24 09:59:43', '0000-00-00 00:00:00'),
	(906, 1, '0000-00-00 00:00:00', 1, 1, 6, 451, 1000.00, 0.00, 1000.00, 0.00, 'PENAMBAHAN', 0.00, 0.00, 'OD0809041', '2018-08-24 09:59:44', '0000-00-00 00:00:00'),
	(907, 1, '0000-00-00 00:00:00', 1, 1, 6, 452, 1000.00, 0.00, 1000.00, 0.00, 'PENAMBAHAN', 0.00, 0.00, 'OD0809041', '2018-08-24 09:59:45', '0000-00-00 00:00:00'),
	(908, 1, '0000-00-00 00:00:00', 1, 1, 6, 453, 1000.00, 0.00, 1000.00, 0.00, 'PENAMBAHAN', 0.00, 0.00, 'OD0809041', '2018-08-24 09:59:46', '0000-00-00 00:00:00'),
	(909, 1, '0000-00-00 00:00:00', 1, 1, 6, 454, 1000.00, 0.00, 1000.00, 0.00, 'PENAMBAHAN', 0.00, 0.00, 'OD0809041', '2018-08-24 09:59:41', '0000-00-00 00:00:00'),
	(910, 1, '0000-00-00 00:00:00', 1, 1, 6, 455, 1000.00, 0.00, 1000.00, 0.00, 'PENAMBAHAN', 0.00, 0.00, 'OD0809041', '2018-08-24 09:59:42', '0000-00-00 00:00:00'),
	(911, 1, '0000-00-00 00:00:00', 1, 1, 6, 456, 1000.00, 0.00, 1000.00, 0.00, 'PENAMBAHAN', 0.00, 0.00, 'OD0809041', '2018-08-24 09:59:43', '0000-00-00 00:00:00'),
	(912, 1, '0000-00-00 00:00:00', 1, 1, 6, 457, 1000.00, 0.00, 1000.00, 0.00, 'PENAMBAHAN', 0.00, 0.00, 'OD0809041', '2018-08-24 09:59:44', '0000-00-00 00:00:00'),
	(913, 1, '0000-00-00 00:00:00', 1, 1, 6, 458, 1000.00, 0.00, 1000.00, 0.00, 'PENAMBAHAN', 0.00, 0.00, 'OD0809041', '2018-08-24 09:59:45', '0000-00-00 00:00:00'),
	(914, 1, '0000-00-00 00:00:00', 1, 1, 6, 459, 1000.00, 0.00, 1000.00, 0.00, 'PENAMBAHAN', 0.00, 0.00, 'OD0809041', '2018-08-24 09:59:46', '0000-00-00 00:00:00'),
	(915, 1, '0000-00-00 00:00:00', 1, 1, 6, 460, 1000.00, 0.00, 1000.00, 0.00, 'PENAMBAHAN', 0.00, 0.00, 'OD0809041', '2018-08-24 09:59:41', '0000-00-00 00:00:00'),
	(916, 1, '0000-00-00 00:00:00', 1, 1, 6, 461, 1000.00, 0.00, 1000.00, 0.00, 'PENAMBAHAN', 0.00, 0.00, 'OD0809041', '2018-08-24 09:59:42', '0000-00-00 00:00:00'),
	(917, 1, '0000-00-00 00:00:00', 1, 1, 6, 462, 1000.00, 0.00, 1000.00, 0.00, 'PENAMBAHAN', 0.00, 0.00, 'OD0809041', '2018-08-24 09:59:43', '0000-00-00 00:00:00'),
	(918, 1, '0000-00-00 00:00:00', 1, 1, 6, 463, 1000.00, 0.00, 1000.00, 0.00, 'PENAMBAHAN', 0.00, 0.00, 'OD0809041', '2018-08-24 09:59:44', '0000-00-00 00:00:00'),
	(919, 1, '0000-00-00 00:00:00', 1, 1, 6, 464, 1000.00, 0.00, 1000.00, 0.00, 'PENAMBAHAN', 0.00, 0.00, 'OD0809041', '2018-08-24 09:59:45', '0000-00-00 00:00:00'),
	(920, 1, '0000-00-00 00:00:00', 1, 1, 6, 465, 1000.00, 0.00, 1000.00, 0.00, 'PENAMBAHAN', 0.00, 0.00, 'OD0809041', '2018-08-24 09:59:46', '0000-00-00 00:00:00'),
	(921, 1, '0000-00-00 00:00:00', 1, 1, 6, 466, 1000.00, 0.00, 1000.00, 0.00, 'PENAMBAHAN', 0.00, 0.00, 'OD0809041', '2018-08-24 09:59:41', '0000-00-00 00:00:00'),
	(922, 1, '0000-00-00 00:00:00', 1, 1, 6, 467, 1000.00, 0.00, 1000.00, 0.00, 'PENAMBAHAN', 0.00, 0.00, 'OD0809041', '2018-08-24 09:59:42', '0000-00-00 00:00:00'),
	(923, 1, '0000-00-00 00:00:00', 1, 1, 6, 468, 1000.00, 0.00, 1000.00, 0.00, 'PENAMBAHAN', 0.00, 0.00, 'OD0809041', '2018-08-24 09:59:43', '0000-00-00 00:00:00'),
	(924, 1, '0000-00-00 00:00:00', 1, 1, 6, 469, 1000.00, 0.00, 1000.00, 0.00, 'PENAMBAHAN', 0.00, 0.00, 'OD0809041', '2018-08-24 09:59:44', '0000-00-00 00:00:00'),
	(925, 1, '0000-00-00 00:00:00', 1, 1, 6, 470, 1000.00, 0.00, 1000.00, 0.00, 'PENAMBAHAN', 0.00, 0.00, 'OD0809041', '2018-08-24 09:59:45', '0000-00-00 00:00:00'),
	(926, 1, '0000-00-00 00:00:00', 1, 1, 6, 471, 1000.00, 0.00, 1000.00, 0.00, 'PENAMBAHAN', 0.00, 0.00, 'OD0809041', '2018-08-24 09:59:46', '0000-00-00 00:00:00'),
	(927, 1, '0000-00-00 00:00:00', 1, 1, 6, 472, 1000.00, 0.00, 1000.00, 0.00, 'PENAMBAHAN', 0.00, 0.00, 'OD0809041', '2018-08-24 09:59:41', '0000-00-00 00:00:00'),
	(928, 1, '0000-00-00 00:00:00', 1, 1, 6, 473, 1000.00, 0.00, 1000.00, 0.00, 'PENAMBAHAN', 0.00, 0.00, 'OD0809041', '2018-08-24 09:59:42', '0000-00-00 00:00:00'),
	(929, 1, '0000-00-00 00:00:00', 1, 1, 6, 474, 1000.00, 0.00, 1000.00, 0.00, 'PENAMBAHAN', 0.00, 0.00, 'OD0809041', '2018-08-24 09:59:43', '0000-00-00 00:00:00'),
	(930, 1, '0000-00-00 00:00:00', 1, 1, 6, 475, 1000.00, 0.00, 1000.00, 0.00, 'PENAMBAHAN', 0.00, 0.00, 'OD0809041', '2018-08-24 09:59:44', '0000-00-00 00:00:00'),
	(931, 1, '0000-00-00 00:00:00', 1, 1, 6, 476, 1000.00, 0.00, 1000.00, 0.00, 'PENAMBAHAN', 0.00, 0.00, 'OD0809041', '2018-08-24 09:59:45', '0000-00-00 00:00:00'),
	(932, 1, '0000-00-00 00:00:00', 1, 1, 6, 477, 1000.00, 0.00, 1000.00, 0.00, 'PENAMBAHAN', 0.00, 0.00, 'OD0809041', '2018-08-24 09:59:46', '0000-00-00 00:00:00'),
	(933, 1, '0000-00-00 00:00:00', 1, 1, 6, 478, 1000.00, 0.00, 1000.00, 0.00, 'PENAMBAHAN', 0.00, 0.00, 'OD0809041', '2018-08-24 09:59:41', '0000-00-00 00:00:00'),
	(934, 1, '0000-00-00 00:00:00', 1, 1, 6, 479, 1000.00, 0.00, 1000.00, 0.00, 'PENAMBAHAN', 0.00, 0.00, 'OD0809041', '2018-08-24 09:59:42', '0000-00-00 00:00:00'),
	(935, 1, '0000-00-00 00:00:00', 1, 1, 6, 480, 1000.00, 0.00, 1000.00, 0.00, 'PENAMBAHAN', 0.00, 0.00, 'OD0809041', '2018-08-24 09:59:43', '0000-00-00 00:00:00'),
	(936, 1, '0000-00-00 00:00:00', 1, 1, 6, 481, 1000.00, 0.00, 1000.00, 0.00, 'PENAMBAHAN', 0.00, 0.00, 'OD0809041', '2018-08-24 09:59:44', '0000-00-00 00:00:00'),
	(937, 1, '0000-00-00 00:00:00', 1, 1, 6, 482, 1000.00, 0.00, 1000.00, 0.00, 'PENAMBAHAN', 0.00, 0.00, 'OD0809041', '2018-08-24 09:59:45', '0000-00-00 00:00:00'),
	(938, 1, '0000-00-00 00:00:00', 1, 1, 6, 483, 1000.00, 0.00, 1000.00, 0.00, 'PENAMBAHAN', 0.00, 0.00, 'OD0809041', '2018-08-24 09:59:46', '0000-00-00 00:00:00'),
	(939, 1, '0000-00-00 00:00:00', 1, 1, 6, 484, 1000.00, 0.00, 1000.00, 0.00, 'PENAMBAHAN', 0.00, 0.00, 'OD0809041', '2018-08-24 09:59:41', '0000-00-00 00:00:00'),
	(940, 1, '0000-00-00 00:00:00', 1, 1, 6, 485, 1000.00, 0.00, 1000.00, 0.00, 'PENAMBAHAN', 0.00, 0.00, 'OD0809041', '2018-08-24 09:59:42', '0000-00-00 00:00:00'),
	(941, 1, '0000-00-00 00:00:00', 1, 1, 6, 486, 1000.00, 0.00, 1000.00, 0.00, 'PENAMBAHAN', 0.00, 0.00, 'OD0809041', '2018-08-24 09:59:43', '0000-00-00 00:00:00'),
	(942, 1, '0000-00-00 00:00:00', 1, 1, 6, 487, 1000.00, 0.00, 1000.00, 0.00, 'PENAMBAHAN', 0.00, 0.00, 'OD0809041', '2018-08-24 09:59:44', '0000-00-00 00:00:00'),
	(943, 1, '0000-00-00 00:00:00', 1, 1, 6, 488, 1000.00, 0.00, 1000.00, 0.00, 'PENAMBAHAN', 0.00, 0.00, 'OD0809041', '2018-08-24 09:59:45', '0000-00-00 00:00:00'),
	(944, 1, '0000-00-00 00:00:00', 1, 1, 6, 489, 1000.00, 0.00, 1000.00, 0.00, 'PENAMBAHAN', 0.00, 0.00, 'OD0809041', '2018-08-24 09:59:46', '0000-00-00 00:00:00'),
	(945, 1, '0000-00-00 00:00:00', 1, 1, 6, 490, 1000.00, 0.00, 1000.00, 0.00, 'PENAMBAHAN', 0.00, 0.00, 'OD0809041', '2018-08-24 09:59:41', '0000-00-00 00:00:00'),
	(946, 1, '0000-00-00 00:00:00', 1, 1, 6, 491, 1000.00, 0.00, 1000.00, 0.00, 'PENAMBAHAN', 0.00, 0.00, 'OD0809041', '2018-08-24 09:59:42', '0000-00-00 00:00:00'),
	(947, 1, '0000-00-00 00:00:00', 1, 1, 6, 492, 1000.00, 0.00, 1000.00, 0.00, 'PENAMBAHAN', 0.00, 0.00, 'OD0809041', '2018-08-24 09:59:43', '0000-00-00 00:00:00'),
	(948, 1, '0000-00-00 00:00:00', 1, 1, 6, 493, 1000.00, 0.00, 1000.00, 0.00, 'PENAMBAHAN', 0.00, 0.00, 'OD0809041', '2018-08-24 09:59:44', '0000-00-00 00:00:00'),
	(949, 1, '0000-00-00 00:00:00', 1, 1, 6, 494, 1000.00, 0.00, 1000.00, 0.00, 'PENAMBAHAN', 0.00, 0.00, 'OD0809041', '2018-08-24 09:59:45', '0000-00-00 00:00:00'),
	(950, 1, '0000-00-00 00:00:00', 1, 1, 6, 495, 1000.00, 0.00, 1000.00, 0.00, 'PENAMBAHAN', 0.00, 0.00, 'OD0809041', '2018-08-24 09:59:46', '0000-00-00 00:00:00'),
	(951, 1, '0000-00-00 00:00:00', 1, 1, 6, 496, 1000.00, 0.00, 1000.00, 0.00, 'PENAMBAHAN', 0.00, 0.00, 'OD0809041', '2018-08-24 09:59:41', '0000-00-00 00:00:00'),
	(952, 1, '0000-00-00 00:00:00', 1, 1, 6, 497, 1000.00, 0.00, 1000.00, 0.00, 'PENAMBAHAN', 0.00, 0.00, 'OD0809041', '2018-08-24 09:59:42', '0000-00-00 00:00:00'),
	(953, 1, '0000-00-00 00:00:00', 1, 1, 6, 498, 1000.00, 0.00, 1000.00, 0.00, 'PENAMBAHAN', 0.00, 0.00, 'OD0809041', '2018-08-24 09:59:43', '0000-00-00 00:00:00'),
	(954, 1, '0000-00-00 00:00:00', 1, 1, 6, 499, 1000.00, 0.00, 1000.00, 0.00, 'PENAMBAHAN', 0.00, 0.00, 'OD0809041', '2018-08-24 09:59:44', '0000-00-00 00:00:00'),
	(955, 1, '0000-00-00 00:00:00', 1, 1, 6, 500, 1000.00, 0.00, 1000.00, 0.00, 'PENAMBAHAN', 0.00, 0.00, 'OD0809041', '2018-08-24 09:59:45', '0000-00-00 00:00:00'),
	(956, 1, '0000-00-00 00:00:00', 1, 1, 6, 501, 1000.00, 0.00, 1000.00, 0.00, 'PENAMBAHAN', 0.00, 0.00, 'OD0809041', '2018-08-24 09:59:46', '0000-00-00 00:00:00'),
	(957, 1, '0000-00-00 00:00:00', 1, 1, 6, 502, 1000.00, 0.00, 1000.00, 0.00, 'PENAMBAHAN', 0.00, 0.00, 'OD0809041', '2018-08-24 09:59:41', '0000-00-00 00:00:00'),
	(958, 1, '0000-00-00 00:00:00', 1, 1, 6, 503, 1000.00, 0.00, 1000.00, 0.00, 'PENAMBAHAN', 0.00, 0.00, 'OD0809041', '2018-08-24 09:59:42', '0000-00-00 00:00:00'),
	(959, 1, '0000-00-00 00:00:00', 1, 1, 6, 504, 1000.00, 0.00, 1000.00, 0.00, 'PENAMBAHAN', 0.00, 0.00, 'OD0809041', '2018-08-24 09:59:43', '0000-00-00 00:00:00'),
	(960, 1, '0000-00-00 00:00:00', 1, 1, 6, 505, 1000.00, 0.00, 1000.00, 0.00, 'PENAMBAHAN', 0.00, 0.00, 'OD0809041', '2018-08-24 09:59:44', '0000-00-00 00:00:00'),
	(961, 1, '0000-00-00 00:00:00', 1, 1, 6, 506, 1000.00, 0.00, 1000.00, 0.00, 'PENAMBAHAN', 0.00, 0.00, 'OD0809041', '2018-08-24 09:59:45', '0000-00-00 00:00:00'),
	(962, 1, '0000-00-00 00:00:00', 1, 1, 6, 507, 1000.00, 0.00, 1000.00, 0.00, 'PENAMBAHAN', 0.00, 0.00, 'OD0809041', '2018-08-24 09:59:46', '0000-00-00 00:00:00'),
	(963, 1, '0000-00-00 00:00:00', 1, 1, 6, 508, 1000.00, 0.00, 1000.00, 0.00, 'PENAMBAHAN', 0.00, 0.00, 'OD0809041', '2018-08-24 09:59:41', '0000-00-00 00:00:00'),
	(964, 1, '0000-00-00 00:00:00', 1, 1, 6, 509, 1000.00, 0.00, 1000.00, 0.00, 'PENAMBAHAN', 0.00, 0.00, 'OD0809041', '2018-08-24 09:59:42', '0000-00-00 00:00:00'),
	(965, 1, '0000-00-00 00:00:00', 1, 1, 6, 510, 1000.00, 0.00, 1000.00, 0.00, 'PENAMBAHAN', 0.00, 0.00, 'OD0809041', '2018-08-24 09:59:43', '0000-00-00 00:00:00'),
	(966, 1, '0000-00-00 00:00:00', 1, 1, 6, 511, 1000.00, 0.00, 1000.00, 0.00, 'PENAMBAHAN', 0.00, 0.00, 'OD0809041', '2018-08-24 09:59:44', '0000-00-00 00:00:00'),
	(967, 1, '0000-00-00 00:00:00', 1, 1, 6, 512, 1000.00, 0.00, 1000.00, 0.00, 'PENAMBAHAN', 0.00, 0.00, 'OD0809041', '2018-08-24 09:59:45', '0000-00-00 00:00:00'),
	(968, 1, '0000-00-00 00:00:00', 1, 1, 6, 513, 1000.00, 0.00, 1000.00, 0.00, 'PENAMBAHAN', 0.00, 0.00, 'OD0809041', '2018-08-24 09:59:46', '0000-00-00 00:00:00'),
	(969, 1, '0000-00-00 00:00:00', 1, 1, 6, 514, 1000.00, 0.00, 1000.00, 0.00, 'PENAMBAHAN', 0.00, 0.00, 'OD0809041', '2018-08-24 09:59:41', '0000-00-00 00:00:00'),
	(970, 1, '0000-00-00 00:00:00', 1, 1, 6, 515, 1000.00, 0.00, 1000.00, 0.00, 'PENAMBAHAN', 0.00, 0.00, 'OD0809041', '2018-08-24 09:59:42', '0000-00-00 00:00:00'),
	(971, 1, '0000-00-00 00:00:00', 1, 1, 6, 516, 1000.00, 0.00, 1000.00, 0.00, 'PENAMBAHAN', 0.00, 0.00, 'OD0809041', '2018-08-24 09:59:43', '0000-00-00 00:00:00'),
	(972, 1, '0000-00-00 00:00:00', 1, 1, 6, 517, 1000.00, 0.00, 1000.00, 0.00, 'PENAMBAHAN', 0.00, 0.00, 'OD0809041', '2018-08-24 09:59:44', '0000-00-00 00:00:00'),
	(973, 1, '0000-00-00 00:00:00', 1, 1, 6, 518, 1000.00, 0.00, 1000.00, 0.00, 'PENAMBAHAN', 0.00, 0.00, 'OD0809041', '2018-08-24 09:59:45', '0000-00-00 00:00:00'),
	(974, 1, '0000-00-00 00:00:00', 1, 1, 6, 519, 1000.00, 0.00, 1000.00, 0.00, 'PENAMBAHAN', 0.00, 0.00, 'OD0809041', '2018-08-24 09:59:46', '0000-00-00 00:00:00'),
	(975, 1, '0000-00-00 00:00:00', 1, 1, 6, 520, 1000.00, 0.00, 1000.00, 0.00, 'PENAMBAHAN', 0.00, 0.00, 'OD0809041', '2018-08-24 09:59:41', '0000-00-00 00:00:00'),
	(976, 1, '0000-00-00 00:00:00', 1, 1, 6, 521, 1000.00, 0.00, 1000.00, 0.00, 'PENAMBAHAN', 0.00, 0.00, 'OD0809041', '2018-08-24 09:59:42', '0000-00-00 00:00:00'),
	(977, 1, '0000-00-00 00:00:00', 1, 1, 6, 522, 1000.00, 0.00, 1000.00, 0.00, 'PENAMBAHAN', 0.00, 0.00, 'OD0809041', '2018-08-24 09:59:43', '0000-00-00 00:00:00'),
	(978, 1, '0000-00-00 00:00:00', 1, 1, 6, 523, 1000.00, 0.00, 1000.00, 0.00, 'PENAMBAHAN', 0.00, 0.00, 'OD0809041', '2018-08-24 09:59:44', '0000-00-00 00:00:00'),
	(979, 1, '0000-00-00 00:00:00', 1, 1, 6, 524, 1000.00, 0.00, 1000.00, 0.00, 'PENAMBAHAN', 0.00, 0.00, 'OD0809041', '2018-08-24 09:59:45', '0000-00-00 00:00:00'),
	(980, 1, '0000-00-00 00:00:00', 1, 1, 6, 525, 1000.00, 0.00, 1000.00, 0.00, 'PENAMBAHAN', 0.00, 0.00, 'OD0809041', '2018-08-24 09:59:46', '0000-00-00 00:00:00'),
	(981, 1, '0000-00-00 00:00:00', 1, 1, 6, 526, 1000.00, 0.00, 1000.00, 0.00, 'PENAMBAHAN', 0.00, 0.00, 'OD0809041', '2018-08-24 09:59:41', '0000-00-00 00:00:00'),
	(982, 1, '0000-00-00 00:00:00', 1, 1, 6, 527, 1000.00, 0.00, 1000.00, 0.00, 'PENAMBAHAN', 0.00, 0.00, 'OD0809041', '2018-08-24 09:59:42', '0000-00-00 00:00:00'),
	(983, 1, '0000-00-00 00:00:00', 1, 1, 6, 528, 1000.00, 0.00, 1000.00, 0.00, 'PENAMBAHAN', 0.00, 0.00, 'OD0809041', '2018-08-24 09:59:43', '0000-00-00 00:00:00'),
	(984, 1, '0000-00-00 00:00:00', 1, 1, 6, 529, 1000.00, 0.00, 1000.00, 0.00, 'PENAMBAHAN', 0.00, 0.00, 'OD0809041', '2018-08-24 09:59:44', '0000-00-00 00:00:00'),
	(985, 1, '0000-00-00 00:00:00', 1, 1, 6, 530, 1000.00, 0.00, 1000.00, 0.00, 'PENAMBAHAN', 0.00, 0.00, 'OD0809041', '2018-08-24 09:59:45', '0000-00-00 00:00:00'),
	(986, 1, '0000-00-00 00:00:00', 1, 1, 6, 531, 1000.00, 0.00, 1000.00, 0.00, 'PENAMBAHAN', 0.00, 0.00, 'OD0809041', '2018-08-24 09:59:46', '0000-00-00 00:00:00'),
	(987, 1, '0000-00-00 00:00:00', 1, 1, 6, 532, 1000.00, 0.00, 1000.00, 0.00, 'PENAMBAHAN', 0.00, 0.00, 'OD0809041', '2018-08-24 09:59:41', '0000-00-00 00:00:00'),
	(988, 1, '0000-00-00 00:00:00', 1, 1, 6, 533, 1000.00, 0.00, 1000.00, 0.00, 'PENAMBAHAN', 0.00, 0.00, 'OD0809041', '2018-08-24 09:59:42', '0000-00-00 00:00:00'),
	(989, 1, '0000-00-00 00:00:00', 1, 1, 6, 534, 1000.00, 0.00, 1000.00, 0.00, 'PENAMBAHAN', 0.00, 0.00, 'OD0809041', '2018-08-24 09:59:43', '0000-00-00 00:00:00'),
	(990, 1, '0000-00-00 00:00:00', 1, 1, 6, 535, 1000.00, 0.00, 1000.00, 0.00, 'PENAMBAHAN', 0.00, 0.00, 'OD0809041', '2018-08-24 09:59:44', '0000-00-00 00:00:00'),
	(991, 1, '0000-00-00 00:00:00', 1, 1, 6, 536, 1000.00, 0.00, 1000.00, 0.00, 'PENAMBAHAN', 0.00, 0.00, 'OD0809041', '2018-08-24 09:59:45', '0000-00-00 00:00:00'),
	(992, 1, '0000-00-00 00:00:00', 1, 1, 6, 537, 1000.00, 0.00, 1000.00, 0.00, 'PENAMBAHAN', 0.00, 0.00, 'OD0809041', '2018-08-24 09:59:46', '0000-00-00 00:00:00'),
	(993, 1, '0000-00-00 00:00:00', 1, 1, 6, 538, 1000.00, 0.00, 1000.00, 0.00, 'PENAMBAHAN', 0.00, 0.00, 'OD0809041', '2018-08-24 09:59:41', '0000-00-00 00:00:00'),
	(994, 1, '0000-00-00 00:00:00', 1, 1, 6, 539, 1000.00, 0.00, 1000.00, 0.00, 'PENAMBAHAN', 0.00, 0.00, 'OD0809041', '2018-08-24 09:59:42', '0000-00-00 00:00:00'),
	(995, 1, '0000-00-00 00:00:00', 1, 1, 6, 540, 1000.00, 0.00, 1000.00, 0.00, 'PENAMBAHAN', 0.00, 0.00, 'OD0809041', '2018-08-24 09:59:43', '0000-00-00 00:00:00'),
	(996, 1, '0000-00-00 00:00:00', 1, 1, 6, 541, 1000.00, 0.00, 1000.00, 0.00, 'PENAMBAHAN', 0.00, 0.00, 'OD0809041', '2018-08-24 09:59:44', '0000-00-00 00:00:00'),
	(997, 1, '0000-00-00 00:00:00', 1, 1, 6, 542, 1000.00, 0.00, 1000.00, 0.00, 'PENAMBAHAN', 0.00, 0.00, 'OD0809041', '2018-08-24 09:59:45', '0000-00-00 00:00:00'),
	(998, 1, '0000-00-00 00:00:00', 1, 1, 6, 543, 1000.00, 0.00, 1000.00, 0.00, 'PENAMBAHAN', 0.00, 0.00, 'OD0809041', '2018-08-24 09:59:46', '0000-00-00 00:00:00'),
	(999, 1, '0000-00-00 00:00:00', 1, 1, 6, 544, 1000.00, 0.00, 1000.00, 0.00, 'PENAMBAHAN', 0.00, 0.00, 'OD0809041', '2018-08-24 09:59:41', '0000-00-00 00:00:00'),
	(1000, 1, '0000-00-00 00:00:00', 1, 1, 6, 545, 1000.00, 0.00, 1000.00, 0.00, 'PENAMBAHAN', 0.00, 0.00, 'OD0809041', '2018-08-24 09:59:42', '0000-00-00 00:00:00'),
	(1001, 1, '0000-00-00 00:00:00', 1, 1, 6, 546, 1000.00, 0.00, 1000.00, 0.00, 'PENAMBAHAN', 0.00, 0.00, 'OD0809041', '2018-08-24 09:59:43', '0000-00-00 00:00:00'),
	(1002, 1, '0000-00-00 00:00:00', 1, 1, 6, 547, 1000.00, 0.00, 1000.00, 0.00, 'PENAMBAHAN', 0.00, 0.00, 'OD0809041', '2018-08-24 09:59:44', '0000-00-00 00:00:00'),
	(1003, 1, '0000-00-00 00:00:00', 1, 1, 6, 548, 1000.00, 0.00, 1000.00, 0.00, 'PENAMBAHAN', 0.00, 0.00, 'OD0809041', '2018-08-24 09:59:45', '0000-00-00 00:00:00'),
	(1004, 1, '0000-00-00 00:00:00', 1, 1, 6, 549, 1000.00, 0.00, 1000.00, 0.00, 'PENAMBAHAN', 0.00, 0.00, 'OD0809041', '2018-08-24 09:59:46', '0000-00-00 00:00:00'),
	(1005, 1, '0000-00-00 00:00:00', 1, 1, 6, 550, 1000.00, 0.00, 1000.00, 0.00, 'PENAMBAHAN', 0.00, 0.00, 'OD0809041', '2018-08-24 09:59:41', '0000-00-00 00:00:00'),
	(1006, 1, '0000-00-00 00:00:00', 1, 1, 6, 551, 1000.00, 0.00, 1000.00, 0.00, 'PENAMBAHAN', 0.00, 0.00, 'OD0809041', '2018-08-24 09:59:42', '0000-00-00 00:00:00'),
	(1007, 1, '0000-00-00 00:00:00', 1, 1, 6, 552, 1000.00, 0.00, 1000.00, 0.00, 'PENAMBAHAN', 0.00, 0.00, 'OD0809041', '2018-08-24 09:59:43', '0000-00-00 00:00:00'),
	(1008, 1, '0000-00-00 00:00:00', 1, 1, 6, 553, 1000.00, 0.00, 1000.00, 0.00, 'PENAMBAHAN', 0.00, 0.00, 'OD0809041', '2018-08-24 09:59:44', '0000-00-00 00:00:00'),
	(1009, 1, '0000-00-00 00:00:00', 1, 1, 6, 554, 1000.00, 0.00, 1000.00, 0.00, 'PENAMBAHAN', 0.00, 0.00, 'OD0809041', '2018-08-24 09:59:45', '0000-00-00 00:00:00'),
	(1010, 1, '0000-00-00 00:00:00', 1, 1, 6, 555, 1000.00, 0.00, 1000.00, 0.00, 'PENAMBAHAN', 0.00, 0.00, 'OD0809041', '2018-08-24 09:59:46', '0000-00-00 00:00:00'),
	(1011, 1, '0000-00-00 00:00:00', 1, 1, 6, 556, 1000.00, 0.00, 1000.00, 0.00, 'PENAMBAHAN', 0.00, 0.00, 'OD0809041', '2018-08-24 09:59:41', '0000-00-00 00:00:00'),
	(1012, 1, '0000-00-00 00:00:00', 1, 1, 6, 557, 1000.00, 0.00, 1000.00, 0.00, 'PENAMBAHAN', 0.00, 0.00, 'OD0809041', '2018-08-24 09:59:42', '0000-00-00 00:00:00'),
	(1013, 1, '0000-00-00 00:00:00', 1, 1, 6, 558, 1000.00, 0.00, 1000.00, 0.00, 'PENAMBAHAN', 0.00, 0.00, 'OD0809041', '2018-08-24 09:59:43', '0000-00-00 00:00:00'),
	(1014, 1, '0000-00-00 00:00:00', 1, 1, 6, 559, 1000.00, 0.00, 1000.00, 0.00, 'PENAMBAHAN', 0.00, 0.00, 'OD0809041', '2018-08-24 09:59:44', '0000-00-00 00:00:00'),
	(1015, 1, '0000-00-00 00:00:00', 1, 1, 6, 560, 1000.00, 0.00, 1000.00, 0.00, 'PENAMBAHAN', 0.00, 0.00, 'OD0809041', '2018-08-24 09:59:45', '0000-00-00 00:00:00'),
	(1016, 1, '0000-00-00 00:00:00', 1, 1, 6, 561, 1000.00, 0.00, 1000.00, 0.00, 'PENAMBAHAN', 0.00, 0.00, 'OD0809041', '2018-08-24 09:59:46', '0000-00-00 00:00:00'),
	(1017, 1, '0000-00-00 00:00:00', 1, 1, 6, 562, 1000.00, 0.00, 1000.00, 0.00, 'PENAMBAHAN', 0.00, 0.00, 'OD0809041', '2018-08-24 09:59:41', '0000-00-00 00:00:00'),
	(1018, 1, '0000-00-00 00:00:00', 1, 1, 6, 563, 1000.00, 0.00, 1000.00, 0.00, 'PENAMBAHAN', 0.00, 0.00, 'OD0809041', '2018-08-24 09:59:42', '0000-00-00 00:00:00'),
	(1019, 1, '0000-00-00 00:00:00', 1, 1, 6, 564, 1000.00, 0.00, 1000.00, 0.00, 'PENAMBAHAN', 0.00, 0.00, 'OD0809041', '2018-08-24 09:59:43', '0000-00-00 00:00:00'),
	(1020, 1, '0000-00-00 00:00:00', 1, 1, 6, 565, 1000.00, 0.00, 1000.00, 0.00, 'PENAMBAHAN', 0.00, 0.00, 'OD0809041', '2018-08-24 09:59:44', '0000-00-00 00:00:00'),
	(1021, 1, '0000-00-00 00:00:00', 1, 1, 6, 566, 1000.00, 0.00, 1000.00, 0.00, 'PENAMBAHAN', 0.00, 0.00, 'OD0809041', '2018-08-24 09:59:45', '0000-00-00 00:00:00'),
	(1022, 1, '0000-00-00 00:00:00', 1, 1, 6, 567, 1000.00, 0.00, 1000.00, 0.00, 'PENAMBAHAN', 0.00, 0.00, 'OD0809041', '2018-08-24 09:59:46', '0000-00-00 00:00:00'),
	(1023, 1, '0000-00-00 00:00:00', 1, 1, 6, 568, 1000.00, 0.00, 1000.00, 0.00, 'PENAMBAHAN', 0.00, 0.00, 'OD0809041', '2018-08-24 09:59:41', '0000-00-00 00:00:00'),
	(1024, 1, '0000-00-00 00:00:00', 1, 1, 6, 569, 1000.00, 0.00, 1000.00, 0.00, 'PENAMBAHAN', 0.00, 0.00, 'OD0809041', '2018-08-24 09:59:42', '0000-00-00 00:00:00'),
	(1025, 1, '0000-00-00 00:00:00', 1, 1, 6, 570, 1000.00, 0.00, 1000.00, 0.00, 'PENAMBAHAN', 0.00, 0.00, 'OD0809041', '2018-08-24 09:59:43', '0000-00-00 00:00:00'),
	(1026, 1, '0000-00-00 00:00:00', 1, 1, 6, 571, 1000.00, 0.00, 1000.00, 0.00, 'PENAMBAHAN', 0.00, 0.00, 'OD0809041', '2018-08-24 09:59:44', '0000-00-00 00:00:00'),
	(1027, 1, '0000-00-00 00:00:00', 1, 1, 6, 572, 1000.00, 0.00, 1000.00, 0.00, 'PENAMBAHAN', 0.00, 0.00, 'OD0809041', '2018-08-24 09:59:45', '0000-00-00 00:00:00'),
	(1028, 1, '0000-00-00 00:00:00', 1, 1, 6, 574, 1000.00, 0.00, 1000.00, 0.00, 'PENAMBAHAN', 0.00, 0.00, 'OD0809041', '2018-08-24 09:59:46', '0000-00-00 00:00:00'),
	(1029, 1, '0000-00-00 00:00:00', 1, 1, 6, 575, 1000.00, 0.00, 1000.00, 0.00, 'PENAMBAHAN', 0.00, 0.00, 'OD0809041', '2018-08-24 09:59:41', '0000-00-00 00:00:00'),
	(1030, 1, '0000-00-00 00:00:00', 1, 1, 6, 576, 1000.00, 0.00, 1000.00, 0.00, 'PENAMBAHAN', 0.00, 0.00, 'OD0809041', '2018-08-24 09:59:42', '0000-00-00 00:00:00'),
	(1031, 1, '0000-00-00 00:00:00', 1, 1, 6, 577, 1000.00, 0.00, 1000.00, 0.00, 'PENAMBAHAN', 0.00, 0.00, 'OD0809041', '2018-08-24 09:59:43', '0000-00-00 00:00:00'),
	(1032, 1, '0000-00-00 00:00:00', 1, 1, 6, 578, 1000.00, 0.00, 1000.00, 0.00, 'PENAMBAHAN', 0.00, 0.00, 'OD0809041', '2018-08-24 09:59:44', '0000-00-00 00:00:00'),
	(1033, 1, '0000-00-00 00:00:00', 1, 1, 6, 579, 1000.00, 0.00, 1000.00, 0.00, 'PENAMBAHAN', 0.00, 0.00, 'OD0809041', '2018-08-24 09:59:45', '0000-00-00 00:00:00'),
	(1034, 1, '0000-00-00 00:00:00', 1, 1, 6, 580, 1000.00, 0.00, 1000.00, 0.00, 'PENAMBAHAN', 0.00, 0.00, 'OD0809041', '2018-08-24 09:59:46', '0000-00-00 00:00:00'),
	(1035, 1, '0000-00-00 00:00:00', 1, 1, 6, 581, 1000.00, 0.00, 1000.00, 0.00, 'PENAMBAHAN', 0.00, 0.00, 'OD0809041', '2018-08-24 09:59:41', '0000-00-00 00:00:00'),
	(1036, 1, '0000-00-00 00:00:00', 1, 1, 6, 582, 1000.00, 0.00, 1000.00, 0.00, 'PENAMBAHAN', 0.00, 0.00, 'OD0809041', '2018-08-24 09:59:42', '0000-00-00 00:00:00'),
	(1037, 1, '0000-00-00 00:00:00', 1, 1, 6, 583, 1000.00, 0.00, 1000.00, 0.00, 'PENAMBAHAN', 0.00, 0.00, 'OD0809041', '2018-08-24 09:59:43', '0000-00-00 00:00:00'),
	(1038, 1, '0000-00-00 00:00:00', 1, 1, 6, 584, 1000.00, 0.00, 1000.00, 0.00, 'PENAMBAHAN', 0.00, 0.00, 'OD0809041', '2018-08-24 09:59:44', '0000-00-00 00:00:00'),
	(1039, 1, '0000-00-00 00:00:00', 1, 1, 6, 585, 1000.00, 0.00, 1000.00, 0.00, 'PENAMBAHAN', 0.00, 0.00, 'OD0809041', '2018-08-24 09:59:45', '0000-00-00 00:00:00'),
	(1040, 1, '0000-00-00 00:00:00', 1, 1, 6, 586, 1000.00, 0.00, 1000.00, 0.00, 'PENAMBAHAN', 0.00, 0.00, 'OD0809041', '2018-08-24 09:59:46', '0000-00-00 00:00:00'),
	(1041, 1, '0000-00-00 00:00:00', 1, 1, 6, 587, 1000.00, 0.00, 1000.00, 0.00, 'PENAMBAHAN', 0.00, 0.00, 'OD0809041', '2018-08-24 09:59:41', '0000-00-00 00:00:00'),
	(1042, 1, '0000-00-00 00:00:00', 1, 1, 6, 588, 1000.00, 0.00, 1000.00, 0.00, 'PENAMBAHAN', 0.00, 0.00, 'OD0809041', '2018-08-24 09:59:42', '0000-00-00 00:00:00'),
	(1043, 1, '0000-00-00 00:00:00', 1, 1, 6, 589, 1000.00, 0.00, 1000.00, 0.00, 'PENAMBAHAN', 0.00, 0.00, 'OD0809041', '2018-08-24 09:59:43', '0000-00-00 00:00:00'),
	(1044, 1, '0000-00-00 00:00:00', 1, 1, 6, 590, 1000.00, 0.00, 1000.00, 0.00, 'PENAMBAHAN', 0.00, 0.00, 'OD0809041', '2018-08-24 09:59:44', '0000-00-00 00:00:00'),
	(1045, 1, '0000-00-00 00:00:00', 1, 1, 6, 591, 1000.00, 0.00, 1000.00, 0.00, 'PENAMBAHAN', 0.00, 0.00, 'OD0809041', '2018-08-24 09:59:45', '0000-00-00 00:00:00'),
	(1046, 1, '0000-00-00 00:00:00', 1, 1, 6, 592, 1000.00, 0.00, 1000.00, 0.00, 'PENAMBAHAN', 0.00, 0.00, 'OD0809041', '2018-08-24 09:59:46', '0000-00-00 00:00:00'),
	(1047, 1, '0000-00-00 00:00:00', 1, 1, 6, 593, 1000.00, 0.00, 1000.00, 0.00, 'PENAMBAHAN', 0.00, 0.00, 'OD0809041', '2018-08-24 09:59:41', '0000-00-00 00:00:00'),
	(1048, 1, '0000-00-00 00:00:00', 1, 1, 6, 594, 1000.00, 0.00, 1000.00, 0.00, 'PENAMBAHAN', 0.00, 0.00, 'OD0809041', '2018-08-24 09:59:42', '0000-00-00 00:00:00'),
	(1049, 1, '0000-00-00 00:00:00', 1, 1, 6, 595, 1000.00, 0.00, 1000.00, 0.00, 'PENAMBAHAN', 0.00, 0.00, 'OD0809041', '2018-08-24 09:59:43', '0000-00-00 00:00:00'),
	(1050, 1, '0000-00-00 00:00:00', 1, 1, 6, 596, 1000.00, 0.00, 1000.00, 0.00, 'PENAMBAHAN', 0.00, 0.00, 'OD0809041', '2018-08-24 09:59:44', '0000-00-00 00:00:00'),
	(1051, 1, '0000-00-00 00:00:00', 1, 1, 6, 597, 1000.00, 0.00, 1000.00, 0.00, 'PENAMBAHAN', 0.00, 0.00, 'OD0809041', '2018-08-24 09:59:45', '0000-00-00 00:00:00'),
	(1052, 1, '0000-00-00 00:00:00', 1, 1, 6, 598, 1000.00, 0.00, 1000.00, 0.00, 'PENAMBAHAN', 0.00, 0.00, 'OD0809041', '2018-08-24 09:59:46', '0000-00-00 00:00:00'),
	(1053, 1, '0000-00-00 00:00:00', 1, 1, 6, 599, 1000.00, 0.00, 1000.00, 0.00, 'PENAMBAHAN', 0.00, 0.00, 'OD0809041', '2018-08-24 09:59:41', '0000-00-00 00:00:00'),
	(1054, 1, '0000-00-00 00:00:00', 1, 1, 6, 600, 1000.00, 0.00, 1000.00, 0.00, 'PENAMBAHAN', 0.00, 0.00, 'OD0809041', '2018-08-24 09:59:42', '0000-00-00 00:00:00'),
	(1055, 1, '0000-00-00 00:00:00', 1, 1, 6, 601, 1000.00, 0.00, 1000.00, 0.00, 'PENAMBAHAN', 0.00, 0.00, 'OD0809041', '2018-08-24 09:59:43', '0000-00-00 00:00:00'),
	(1056, 1, '0000-00-00 00:00:00', 1, 1, 6, 602, 1000.00, 0.00, 1000.00, 0.00, 'PENAMBAHAN', 0.00, 0.00, 'OD0809041', '2018-08-24 09:59:44', '0000-00-00 00:00:00'),
	(1057, 1, '0000-00-00 00:00:00', 1, 1, 6, 603, 1000.00, 0.00, 1000.00, 0.00, 'PENAMBAHAN', 0.00, 0.00, 'OD0809041', '2018-08-24 09:59:45', '0000-00-00 00:00:00'),
	(1058, 1, '0000-00-00 00:00:00', 1, 1, 6, 604, 1000.00, 0.00, 1000.00, 0.00, 'PENAMBAHAN', 0.00, 0.00, 'OD0809041', '2018-08-24 09:59:46', '0000-00-00 00:00:00'),
	(1059, 1, '0000-00-00 00:00:00', 1, 1, 6, 605, 1000.00, 0.00, 1000.00, 0.00, 'PENAMBAHAN', 0.00, 0.00, 'OD0809041', '2018-08-24 09:59:41', '0000-00-00 00:00:00'),
	(1060, 1, '0000-00-00 00:00:00', 1, 1, 6, 606, 1000.00, 0.00, 1000.00, 0.00, 'PENAMBAHAN', 0.00, 0.00, 'OD0809041', '2018-08-24 09:59:42', '0000-00-00 00:00:00'),
	(1061, 1, '0000-00-00 00:00:00', 1, 1, 6, 607, 1000.00, 0.00, 1000.00, 0.00, 'PENAMBAHAN', 0.00, 0.00, 'OD0809041', '2018-08-24 09:59:43', '0000-00-00 00:00:00'),
	(1062, 1, '0000-00-00 00:00:00', 1, 1, 6, 608, 1000.00, 0.00, 1000.00, 0.00, 'PENAMBAHAN', 0.00, 0.00, 'OD0809041', '2018-08-24 09:59:44', '0000-00-00 00:00:00'),
	(1063, 1, '0000-00-00 00:00:00', 1, 1, 6, 609, 1000.00, 0.00, 1000.00, 0.00, 'PENAMBAHAN', 0.00, 0.00, 'OD0809041', '2018-08-24 09:59:45', '0000-00-00 00:00:00'),
	(1064, 1, '0000-00-00 00:00:00', 1, 1, 6, 610, 1000.00, 0.00, 1000.00, 0.00, 'PENAMBAHAN', 0.00, 0.00, 'OD0809041', '2018-08-24 09:59:46', '0000-00-00 00:00:00'),
	(1065, 1, '0000-00-00 00:00:00', 1, 1, 6, 611, 1000.00, 0.00, 1000.00, 0.00, 'PENAMBAHAN', 0.00, 0.00, 'OD0809041', '2018-08-24 09:59:41', '0000-00-00 00:00:00'),
	(1066, 1, '0000-00-00 00:00:00', 1, 1, 6, 612, 1000.00, 0.00, 1000.00, 0.00, 'PENAMBAHAN', 0.00, 0.00, 'OD0809041', '2018-08-24 09:59:42', '0000-00-00 00:00:00'),
	(1067, 1, '0000-00-00 00:00:00', 1, 1, 6, 613, 1000.00, 0.00, 1000.00, 0.00, 'PENAMBAHAN', 0.00, 0.00, 'OD0809041', '2018-08-24 09:59:43', '0000-00-00 00:00:00'),
	(1068, 1, '0000-00-00 00:00:00', 1, 1, 6, 614, 1000.00, 0.00, 1000.00, 0.00, 'PENAMBAHAN', 0.00, 0.00, 'OD0809041', '2018-08-24 09:59:44', '0000-00-00 00:00:00'),
	(1069, 1, '0000-00-00 00:00:00', 1, 1, 6, 615, 1000.00, 0.00, 1000.00, 0.00, 'PENAMBAHAN', 0.00, 0.00, 'OD0809041', '2018-08-24 09:59:45', '0000-00-00 00:00:00'),
	(1070, 1, '0000-00-00 00:00:00', 1, 1, 6, 616, 1000.00, 0.00, 1000.00, 0.00, 'PENAMBAHAN', 0.00, 0.00, 'OD0809041', '2018-08-24 09:59:46', '0000-00-00 00:00:00'),
	(1071, 1, '0000-00-00 00:00:00', 1, 1, 6, 617, 1000.00, 0.00, 1000.00, 0.00, 'PENAMBAHAN', 0.00, 0.00, 'OD0809041', '2018-08-24 09:59:41', '0000-00-00 00:00:00'),
	(1072, 1, '0000-00-00 00:00:00', 1, 1, 6, 618, 1000.00, 0.00, 1000.00, 0.00, 'PENAMBAHAN', 0.00, 0.00, 'OD0809041', '2018-08-24 09:59:42', '0000-00-00 00:00:00'),
	(1073, 1, '0000-00-00 00:00:00', 1, 1, 6, 619, 1000.00, 0.00, 1000.00, 0.00, 'PENAMBAHAN', 0.00, 0.00, 'OD0809041', '2018-08-24 09:59:43', '0000-00-00 00:00:00'),
	(1074, 1, '0000-00-00 00:00:00', 1, 1, 6, 620, 1000.00, 0.00, 1000.00, 0.00, 'PENAMBAHAN', 0.00, 0.00, 'OD0809041', '2018-08-24 09:59:44', '0000-00-00 00:00:00'),
	(1075, 1, '0000-00-00 00:00:00', 1, 1, 6, 621, 1000.00, 0.00, 1000.00, 0.00, 'PENAMBAHAN', 0.00, 0.00, 'OD0809041', '2018-08-24 09:59:45', '0000-00-00 00:00:00'),
	(1076, 1, '0000-00-00 00:00:00', 1, 1, 6, 622, 1000.00, 0.00, 1000.00, 0.00, 'PENAMBAHAN', 0.00, 0.00, 'OD0809041', '2018-08-24 09:59:46', '0000-00-00 00:00:00'),
	(1077, 1, '0000-00-00 00:00:00', 1, 1, 6, 623, 1000.00, 0.00, 1000.00, 0.00, 'PENAMBAHAN', 0.00, 0.00, 'OD0809041', '2018-08-24 09:59:41', '0000-00-00 00:00:00'),
	(1078, 1, '0000-00-00 00:00:00', 1, 1, 6, 624, 1000.00, 0.00, 1000.00, 0.00, 'PENAMBAHAN', 0.00, 0.00, 'OD0809041', '2018-08-24 09:59:42', '0000-00-00 00:00:00'),
	(1079, 1, '0000-00-00 00:00:00', 1, 1, 6, 625, 1000.00, 0.00, 1000.00, 0.00, 'PENAMBAHAN', 0.00, 0.00, 'OD0809041', '2018-08-24 09:59:43', '0000-00-00 00:00:00'),
	(1080, 1, '0000-00-00 00:00:00', 1, 1, 6, 626, 1000.00, 0.00, 1000.00, 0.00, 'PENAMBAHAN', 0.00, 0.00, 'OD0809041', '2018-08-24 09:59:44', '0000-00-00 00:00:00'),
	(1081, 1, '0000-00-00 00:00:00', 1, 1, 6, 627, 1000.00, 0.00, 1000.00, 0.00, 'PENAMBAHAN', 0.00, 0.00, 'OD0809041', '2018-08-24 09:59:45', '0000-00-00 00:00:00'),
	(1082, 1, '0000-00-00 00:00:00', 1, 1, 6, 628, 1000.00, 0.00, 1000.00, 0.00, 'PENAMBAHAN', 0.00, 0.00, 'OD0809041', '2018-08-24 09:59:46', '0000-00-00 00:00:00'),
	(1083, 1, '0000-00-00 00:00:00', 1, 1, 6, 629, 1000.00, 0.00, 1000.00, 0.00, 'PENAMBAHAN', 0.00, 0.00, 'OD0809041', '2018-08-24 09:59:41', '0000-00-00 00:00:00'),
	(1084, 1, '0000-00-00 00:00:00', 1, 1, 6, 630, 1000.00, 0.00, 1000.00, 0.00, 'PENAMBAHAN', 0.00, 0.00, 'OD0809041', '2018-08-24 09:59:42', '0000-00-00 00:00:00'),
	(1085, 1, '0000-00-00 00:00:00', 1, 1, 6, 631, 1000.00, 0.00, 1000.00, 0.00, 'PENAMBAHAN', 0.00, 0.00, 'OD0809041', '2018-08-24 09:59:43', '0000-00-00 00:00:00'),
	(1086, 1, '0000-00-00 00:00:00', 1, 1, 6, 632, 1000.00, 0.00, 1000.00, 0.00, 'PENAMBAHAN', 0.00, 0.00, 'OD0809041', '2018-08-24 09:59:44', '0000-00-00 00:00:00'),
	(1087, 1, '0000-00-00 00:00:00', 1, 1, 6, 633, 1000.00, 0.00, 1000.00, 0.00, 'PENAMBAHAN', 0.00, 0.00, 'OD0809041', '2018-08-24 09:59:45', '0000-00-00 00:00:00'),
	(1088, 1, '0000-00-00 00:00:00', 1, 1, 6, 634, 1000.00, 0.00, 1000.00, 0.00, 'PENAMBAHAN', 0.00, 0.00, 'OD0809041', '2018-08-24 09:59:46', '0000-00-00 00:00:00'),
	(1089, 1, '0000-00-00 00:00:00', 1, 1, 6, 635, 1000.00, 0.00, 1000.00, 0.00, 'PENAMBAHAN', 0.00, 0.00, 'OD0809041', '2018-08-24 09:59:41', '0000-00-00 00:00:00'),
	(1090, 1, '0000-00-00 00:00:00', 1, 1, 6, 636, 1000.00, 0.00, 1000.00, 0.00, 'PENAMBAHAN', 0.00, 0.00, 'OD0809041', '2018-08-24 09:59:42', '0000-00-00 00:00:00'),
	(1091, 1, '0000-00-00 00:00:00', 1, 1, 6, 637, 1000.00, 0.00, 1000.00, 0.00, 'PENAMBAHAN', 0.00, 0.00, 'OD0809041', '2018-08-24 09:59:43', '0000-00-00 00:00:00'),
	(1092, 1, '0000-00-00 00:00:00', 1, 1, 6, 638, 1000.00, 0.00, 1000.00, 0.00, 'PENAMBAHAN', 0.00, 0.00, 'OD0809041', '2018-08-24 09:59:44', '0000-00-00 00:00:00'),
	(1093, 1, '0000-00-00 00:00:00', 1, 1, 6, 639, 1000.00, 0.00, 1000.00, 0.00, 'PENAMBAHAN', 0.00, 0.00, 'OD0809041', '2018-08-24 09:59:45', '0000-00-00 00:00:00'),
	(1094, 1, '0000-00-00 00:00:00', 1, 1, 6, 640, 1000.00, 0.00, 1000.00, 0.00, 'PENAMBAHAN', 0.00, 0.00, 'OD0809041', '2018-08-24 09:59:46', '0000-00-00 00:00:00'),
	(1095, 1, '0000-00-00 00:00:00', 1, 1, 6, 641, 1000.00, 0.00, 1000.00, 0.00, 'PENAMBAHAN', 0.00, 0.00, 'OD0809041', '2018-08-24 09:59:41', '0000-00-00 00:00:00'),
	(1096, 1, '0000-00-00 00:00:00', 1, 1, 6, 642, 1000.00, 0.00, 1000.00, 0.00, 'PENAMBAHAN', 0.00, 0.00, 'OD0809041', '2018-08-24 09:59:42', '0000-00-00 00:00:00'),
	(1097, 1, '0000-00-00 00:00:00', 1, 1, 6, 643, 1000.00, 0.00, 1000.00, 0.00, 'PENAMBAHAN', 0.00, 0.00, 'OD0809041', '2018-08-24 09:59:43', '0000-00-00 00:00:00'),
	(1098, 1, '0000-00-00 00:00:00', 1, 1, 6, 644, 1000.00, 0.00, 1000.00, 0.00, 'PENAMBAHAN', 0.00, 0.00, 'OD0809041', '2018-08-24 09:59:44', '0000-00-00 00:00:00'),
	(1099, 1, '0000-00-00 00:00:00', 1, 1, 6, 645, 1000.00, 0.00, 1000.00, 0.00, 'PENAMBAHAN', 0.00, 0.00, 'OD0809041', '2018-08-24 09:59:45', '0000-00-00 00:00:00'),
	(1100, 1, '0000-00-00 00:00:00', 1, 1, 6, 648, 1000.00, 0.00, 1000.00, 0.00, 'PENAMBAHAN', 0.00, 0.00, 'OD0809041', '2018-08-24 09:59:46', '0000-00-00 00:00:00'),
	(1101, 1, '0000-00-00 00:00:00', 1, 1, 6, 651, 1000.00, 0.00, 1000.00, 0.00, 'PENAMBAHAN', 0.00, 0.00, 'OD0809041', '2018-08-24 09:59:41', '0000-00-00 00:00:00'),
	(1102, 1, '0000-00-00 00:00:00', 1, 1, 6, 652, 1000.00, 0.00, 1000.00, 0.00, 'PENAMBAHAN', 0.00, 0.00, 'OD0809041', '2018-08-24 09:59:42', '0000-00-00 00:00:00'),
	(1103, 1, '0000-00-00 00:00:00', 1, 1, 6, 653, 1000.00, 0.00, 1000.00, 0.00, 'PENAMBAHAN', 0.00, 0.00, 'OD0809041', '2018-08-24 09:59:43', '0000-00-00 00:00:00'),
	(1104, 1, '0000-00-00 00:00:00', 1, 1, 6, 656, 1000.00, 0.00, 1000.00, 0.00, 'PENAMBAHAN', 0.00, 0.00, 'OD0809041', '2018-08-24 09:59:44', '0000-00-00 00:00:00'),
	(1105, 1, '0000-00-00 00:00:00', 1, 1, 6, 658, 1000.00, 0.00, 1000.00, 0.00, 'PENAMBAHAN', 0.00, 0.00, 'OD0809041', '2018-08-24 09:59:45', '0000-00-00 00:00:00'),
	(1106, 1, '0000-00-00 00:00:00', 1, 1, 6, 659, 1000.00, 0.00, 1000.00, 0.00, 'PENAMBAHAN', 0.00, 0.00, 'OD0809041', '2018-08-24 09:59:46', '0000-00-00 00:00:00'),
	(1107, 1, '2018-09-27 15:43:15', 4, 4, 1, 187, 1.00, 0.00, 1.00, 0.00, 'PENGURANGAN', 0.00, 0.00, 'XX1809272', '2018-09-27 15:43:15', '2018-09-27 15:43:15'),
	(1108, 1, '2018-09-27 15:43:15', 4, 4, 1, 396, 2.00, 0.00, 2.00, 0.00, 'PENGURANGAN', 0.00, 0.00, 'XX1809272', '2018-09-27 15:43:15', '2018-09-27 15:43:15'),
	(1109, 1, '2018-09-27 15:43:15', 4, 4, 1, 296, 1.00, 0.00, 1.00, 0.00, 'PENGURANGAN', 0.00, 0.00, 'XX1809272', '2018-09-27 15:43:15', '2018-09-27 15:43:15'),
	(1110, 1, '2018-09-27 15:43:15', 4, 4, 1, 301, 1.00, 0.00, 1.00, 0.00, 'PENGURANGAN', 0.00, 0.00, 'XX1809272', '2018-09-27 15:43:15', '2018-09-27 15:43:15'),
	(1111, 1, '2018-09-28 15:46:16', 4, 5, 1, 415, 1.00, 0.00, 1.00, 0.00, 'PENGIRIMAN', 0.00, 0.00, 'XX1809284', '2018-09-28 15:46:16', '2018-09-28 15:46:16'),
	(1112, 1, '2018-09-28 15:59:23', 4, 5, 1, 296, 150.00, 0.00, 150.00, 0.00, 'PENGIRIMAN', 0.00, 0.00, 'XX1809285', '2018-09-28 15:59:23', '2018-09-28 15:59:23'),
	(1113, 1, '2018-09-28 15:59:23', 4, 5, 1, 301, 200.00, 0.00, 200.00, 0.00, 'PENGIRIMAN', 0.00, 0.00, 'XX1809285', '2018-09-28 15:59:23', '2018-09-28 15:59:23'),
	(1114, 1, '2018-09-28 15:59:23', 4, 5, 1, 300, 150.00, 0.00, 150.00, 0.00, 'PENGIRIMAN', 0.00, 0.00, 'XX1809285', '2018-09-28 15:59:23', '2018-09-28 15:59:23'),
	(1115, 1, '2018-09-28 15:59:23', 4, 5, 1, 297, 100.00, 0.00, 100.00, 0.00, 'PENGIRIMAN', 0.00, 0.00, 'XX1809285', '2018-09-28 15:59:23', '2018-09-28 15:59:23'),
	(1116, 1, '2018-09-28 15:59:23', 4, 5, 1, 350, 10.00, 0.00, 10.00, 0.00, 'PENGIRIMAN', 0.00, 0.00, 'XX1809285', '2018-09-28 15:59:23', '2018-09-28 15:59:23'),
	(116, 2, '2018-09-29 16:05:13', 3, 3, 7, 116, 31.80, 0.00, 31.80, 0.00, 'PENAMBAHAN', 0.00, 0.00, 'OD1809291', '2018-09-29 16:05:13', '2018-09-29 16:05:13'),
	(118, 2, '2018-09-29 16:05:13', 3, 3, 7, 118, 312.00, 0.00, 312.00, 0.00, 'PENAMBAHAN', 0.00, 0.00, 'OD1809291', '2018-09-29 16:05:13', '2018-09-29 16:05:13'),
	(125, 2, '2018-09-29 16:05:13', 3, 3, 7, 125, 7.00, 0.00, 7.00, 0.00, 'PENAMBAHAN', 0.00, 0.00, 'OD1809291', '2018-09-29 16:05:13', '2018-09-29 16:05:13'),
	(126, 2, '2018-09-29 16:05:13', 3, 3, 7, 126, 30.00, 0.00, 30.00, 0.00, 'PENAMBAHAN', 0.00, 0.00, 'OD1809291', '2018-09-29 16:05:13', '2018-09-29 16:05:13'),
	(128, 2, '2018-09-29 16:05:13', 3, 3, 7, 128, 1191.00, 0.00, 1191.00, 0.00, 'PENAMBAHAN', 0.00, 0.00, 'OD1809291', '2018-09-29 16:05:13', '2018-09-29 16:05:13'),
	(132, 2, '2018-09-29 16:05:13', 3, 3, 7, 132, 643.00, 0.00, 643.00, 0.00, 'PENAMBAHAN', 0.00, 0.00, 'OD1809291', '2018-09-29 16:05:13', '2018-09-29 16:05:13'),
	(134, 2, '2018-09-29 16:05:13', 3, 3, 7, 134, 228.00, 0.00, 228.00, 0.00, 'PENAMBAHAN', 0.00, 0.00, 'OD1809291', '2018-09-29 16:05:13', '2018-09-29 16:05:13'),
	(136, 2, '2018-09-29 16:05:13', 3, 3, 7, 136, 73.00, 0.00, 73.00, 0.00, 'PENAMBAHAN', 0.00, 0.00, 'OD1809291', '2018-09-29 16:05:13', '2018-09-29 16:05:13'),
	(140, 2, '2018-09-29 16:05:13', 3, 3, 7, 140, 6.00, 0.00, 6.00, 0.00, 'PENAMBAHAN', 0.00, 0.00, 'OD1809291', '2018-09-29 16:05:13', '2018-09-29 16:05:13'),
	(295, 2, '2018-09-28 15:59:23', 2, 2, 1, 296, -150.00, 0.00, 0.00, 0.00, 'PENGURANGAN', 0.00, 0.00, 'XX1809285', '2018-09-28 15:59:23', NULL),
	(296, 2, '2018-09-28 15:59:23', 2, 2, 1, 297, -100.00, 0.00, 0.00, 0.00, 'PENGURANGAN', 0.00, 0.00, 'XX1809285', '2018-09-28 15:59:23', NULL),
	(299, 2, '2018-09-28 15:59:23', 2, 2, 1, 300, -150.00, 0.00, 0.00, 0.00, 'PENGURANGAN', 0.00, 0.00, 'XX1809285', '2018-09-28 15:59:23', NULL),
	(300, 2, '2018-09-28 15:59:23', 2, 2, 1, 301, -200.00, 0.00, 0.00, 0.00, 'PENGURANGAN', 0.00, 0.00, 'XX1809285', '2018-09-28 15:59:23', NULL),
	(349, 2, '2018-09-28 15:59:23', 2, 2, 1, 350, -10.00, 0.00, 0.00, 0.00, 'PENGURANGAN', 0.00, 0.00, 'XX1809285', '2018-09-28 15:59:23', NULL),
	(414, 2, '2018-09-28 15:46:16', 2, 2, 1, 415, -1.00, 0.00, 0.00, 0.00, 'PENGURANGAN', 0.00, 0.00, 'XX1809284', '2018-09-28 15:46:16', NULL),
	(666, 2, '2018-09-27 15:43:15', 1, 1, 1, 187, -1.00, 0.00, 0.00, 0.00, 'PENGURANGAN', 0.00, 0.00, 'XX1809272', '2018-09-27 15:43:15', NULL),
	(752, 2, '2018-09-27 15:43:15', 1, 1, 1, 296, -1.00, 0.00, 0.00, 0.00, 'PENGURANGAN', 0.00, 0.00, 'XX1809272', '2018-09-27 15:43:15', NULL),
	(757, 2, '2018-09-27 15:43:15', 1, 1, 1, 301, -1.00, 0.00, 0.00, 0.00, 'PENGURANGAN', 0.00, 0.00, 'XX1809272', '2018-09-27 15:43:15', NULL),
	(852, 2, '2018-09-27 15:43:15', 1, 1, 1, 396, -2.00, 0.00, 0.00, 0.00, 'PENGURANGAN', 0.00, 0.00, 'XX1809272', '2018-09-27 15:43:15', NULL);
/*!40000 ALTER TABLE `d_stock_mutation` ENABLE KEYS */;

-- Dumping structure for table bisnis_tamma.d_stock_mutcat
CREATE TABLE IF NOT EXISTS `d_stock_mutcat` (
  `smc_id` tinyint(4) NOT NULL,
  `smc_note` varchar(100) DEFAULT NULL,
  PRIMARY KEY (`smc_id`)
) ENGINE=InnoDB DEFAULT CHARSET=latin1;

-- Dumping data for table bisnis_tamma.d_stock_mutcat: ~15 rows (approximately)
DELETE FROM `d_stock_mutcat`;
/*!40000 ALTER TABLE `d_stock_mutcat` DISABLE KEYS */;
INSERT INTO `d_stock_mutcat` (`smc_id`, `smc_note`) VALUES
	(1, 'PENJUALAN'),
	(2, 'PENGGUNAAN BAHAN BAKU'),
	(3, 'HASIL PRODUKSI'),
	(4, 'MENAMBAH BARANG RUSAK'),
	(5, 'MENGURANGI BARANG RUSAK'),
	(6, 'MENAMBAH OPNAME'),
	(7, 'MENGURANGI OPNAME'),
	(8, 'BARANG EXPIRED'),
	(9, 'PENAMBAHAN STOCK'),
	(10, 'PENGURANGAN STOCK'),
	(11, 'TRANSFER GROSIR'),
	(12, 'PEMBELIAN BAHAN BAKU'),
	(13, 'RETURN PEMBELIAN'),
	(14, 'PENERIMAAN PEMBELIAN'),
	(15, 'PENERIMAAN RETURN SUPPLIER');
/*!40000 ALTER TABLE `d_stock_mutcat` ENABLE KEYS */;

-- Dumping structure for table bisnis_tamma.d_supplier
CREATE TABLE IF NOT EXISTS `d_supplier` (
  `s_id` int(11) NOT NULL AUTO_INCREMENT,
  `s_company` varchar(100) DEFAULT NULL,
  `s_name` varchar(100) DEFAULT NULL,
  `s_npwp` varchar(100) DEFAULT NULL,
  `s_address` varchar(100) DEFAULT NULL,
  `s_phone1` varchar(50) DEFAULT NULL,
  `s_phone2` varchar(50) DEFAULT NULL,
  `s_rekening` varchar(25) DEFAULT NULL,
  `s_bank` varchar(25) DEFAULT NULL,
  `s_fax` varchar(50) DEFAULT NULL,
  `s_note` text,
  `s_top` date DEFAULT NULL COMMENT 'termin of payment (tgl jatuh tempo bayar hutang)',
  `s_deposit` date DEFAULT NULL COMMENT 'tanggal jatuh tempo pengiriman barang',
  `s_limit` decimal(12,2) NOT NULL DEFAULT '0.00' COMMENT 'limit hutang supplier',
  `s_hutang` decimal(12,2) NOT NULL DEFAULT '0.00' COMMENT 'hutang supplier',
  `s_insert` timestamp NULL DEFAULT NULL,
  `s_update` timestamp NOT NULL DEFAULT CURRENT_TIMESTAMP ON UPDATE CURRENT_TIMESTAMP,
  PRIMARY KEY (`s_id`)
) ENGINE=InnoDB AUTO_INCREMENT=136 DEFAULT CHARSET=latin1;

-- Dumping data for table bisnis_tamma.d_supplier: ~111 rows (approximately)
DELETE FROM `d_supplier`;
/*!40000 ALTER TABLE `d_supplier` DISABLE KEYS */;
INSERT INTO `d_supplier` (`s_id`, `s_company`, `s_name`, `s_npwp`, `s_address`, `s_phone1`, `s_phone2`, `s_rekening`, `s_bank`, `s_fax`, `s_note`, `s_top`, `s_deposit`, `s_limit`, `s_hutang`, `s_insert`, `s_update`) VALUES
	(25, 'MUHIB PERCETAKAN', NULL, NULL, 'JL KH MUNAWAR NO 3', '081330908300', NULL, NULL, NULL, NULL, NULL, NULL, NULL, 0.00, 0.00, '2018-08-30 16:40:00', '2018-08-30 16:40:00'),
	(26, 'GURAMI ADV', '', '', 'JL IKAN GURAMI V NO 5', '081232818196', '', NULL, NULL, '', '', NULL, NULL, 0.00, 0.00, '0000-00-00 00:00:00', '2018-08-30 15:46:12'),
	(27, 'CEMARA CONE PIZZA', '', '', 'BAKUNGAN RT 02/RW 56 WIDOMARTANI NGEMPLAK SLEMAN YOGYAKARTA', '085726187921', '', NULL, NULL, '', '', NULL, NULL, 0.00, 0.00, '0000-00-00 00:00:00', '2018-08-30 15:46:12'),
	(28, 'HANDY JAYA', '', '', 'JL WALIKOTA MUSTAJAB NO 54', '08123520889', '', NULL, NULL, '', '', NULL, NULL, 0.00, 0.00, '0000-00-00 00:00:00', '2018-08-30 15:46:12'),
	(29, 'PT KEMANG FOOD', '', '', 'JL RUNGKUT INDUSTRI 11 NO 5 SURABAYA', '08979171516', '', NULL, NULL, '', '', NULL, NULL, 0.00, 0.00, '0000-00-00 00:00:00', '2018-08-30 15:46:12'),
	(30, 'KEBAB CENTRAL', '', '', 'JL KELASI NO 26. SURABAYA', '081232090867', '', NULL, NULL, '', '', NULL, NULL, 0.00, 0.00, '0000-00-00 00:00:00', '2018-08-30 15:46:12'),
	(31, 'MARYAM SIRHAM', '', '', 'PERUM AMIRA GRAHA F NO 6 JL WONOSARI LOR \r\nSURABAYA', '087853867829', '', NULL, NULL, '', '', NULL, NULL, 0.00, 0.00, '0000-00-00 00:00:00', '2018-08-30 15:46:12'),
	(32, 'PT MAHAYU RAYA SENTOSA', '', '', 'JL RAWA BUAYA NO 7 RT 5/RW 1\r\nCENGKARENG', '085211166655', '', NULL, NULL, '', '', NULL, NULL, 0.00, 0.00, '0000-00-00 00:00:00', '2018-08-30 15:46:12'),
	(33, 'MAIST PASTRY', '', '', 'OMA INDAH MENGANTI BLOK B3/23 GRESIK', '081330202379', '', NULL, NULL, '', '', NULL, NULL, 0.00, 0.00, '0000-00-00 00:00:00', '2018-08-30 15:46:12'),
	(34, 'PT JERINDO JAYA ABADI', '', '', 'PERGUDANGAN 88 BLOK B1-B3\r\nJL RAYA SEDATI - SIDOARJO', '087751047631', '', NULL, NULL, '', '', NULL, NULL, 0.00, 0.00, '0000-00-00 00:00:00', '2018-08-30 15:46:12'),
	(35, 'SINAR JAYA', '', '', 'JL NGAGEL REJO KIDUL NO 65\r\nSURABAYA', '081331377588', '', NULL, NULL, '', '', NULL, NULL, 0.00, 0.00, '0000-00-00 00:00:00', '2018-08-30 15:46:12'),
	(36, 'SAHARA', '', '', 'JL RAYA RATNA NO 33', ' JATIASIH BEKASI', '0216884766', NULL, NULL, '', '', NULL, NULL, 0.00, 0.00, '0000-00-00 00:00:00', '2018-08-30 15:46:12'),
	(37, 'TOKO TEPUNG DEPAN KAZA(GUNAWAN)', '', '', 'JL KAPAS KRAMPUNG', '08123235218', '', NULL, NULL, '', '', NULL, NULL, 0.00, 0.00, '0000-00-00 00:00:00', '2018-08-30 15:46:12'),
	(38, 'WAJAN ARIFIN', '', '', 'JL KEDUNG KLINTER GANG IV NO 40\r\nSURABAYA', '082141676705', '', NULL, NULL, '', '', NULL, NULL, 0.00, 0.00, '0000-00-00 00:00:00', '2018-08-30 15:46:12'),
	(39, 'SALIM BURNER', '', '', 'JL KEDINDING TENGAH I NO 49', '0853316421380', '', NULL, NULL, '', '', NULL, NULL, 0.00, 0.00, '0000-00-00 00:00:00', '2018-08-30 15:46:12'),
	(40, 'BOURDA', '', '', 'JL LAKSDA M NAZIR 8', '081330156310', '', NULL, NULL, '', '', NULL, NULL, 0.00, 0.00, '0000-00-00 00:00:00', '2018-08-30 15:46:12'),
	(41, 'INDO KEBAB', '', '', 'JL APEL NO 22\r\nSEKARDANGAN INDAH', '081234561384', '', NULL, NULL, '', '', NULL, NULL, 0.00, 0.00, '0000-00-00 00:00:00', '2018-08-30 15:46:12'),
	(42, 'ZAM ZAM', '', '', 'JL RANDU BARAT LEBAR NO 9\r\nSURABAYA', '085770011501', '', NULL, NULL, '', '', NULL, NULL, 0.00, 0.00, '0000-00-00 00:00:00', '2018-08-30 15:46:12'),
	(43, 'TIMBUL SUBUR', '', '', 'JL KENJERAN NO 40\r\nSURABAYA', '081216931931', '', NULL, NULL, '', '', NULL, NULL, 0.00, 0.00, '0000-00-00 00:00:00', '2018-08-30 15:46:12'),
	(44, 'WILMAR', '', '', 'JL KAPTEN DARMO SUGONDO NO 56- GRESIK\r\nJL TANJUNGSARI NO 6 -  SURABAYA', '081252234570', '', NULL, NULL, '', '', NULL, NULL, 0.00, 0.00, '0000-00-00 00:00:00', '2018-08-30 15:46:12'),
	(45, 'ASGAR KEBAB', '', '', '', '', '', NULL, NULL, '', '', NULL, NULL, 0.00, 0.00, '0000-00-00 00:00:00', '2018-08-30 15:46:12'),
	(46, 'AHMAD ADIYAN (MARYAM MINI / BURNER PEMATIK)', '', '', '', '081216741612', '', NULL, NULL, '', '', NULL, NULL, 0.00, 0.00, '0000-00-00 00:00:00', '2018-08-30 15:46:12'),
	(47, 'CV ANUGERAH PRATAMA (DAGING AP)', '', '', 'JL.RAYA PULO GABANG NO.22 JAKARTA TIMUR 13950', '021-4805743', '', NULL, NULL, '', '', NULL, NULL, 0.00, 0.00, '0000-00-00 00:00:00', '2018-08-30 15:46:12'),
	(48, 'CV KENDARI ', '', '', '', '77679099', '', NULL, NULL, '', '', NULL, NULL, 0.00, 0.00, '0000-00-00 00:00:00', '2018-08-30 15:46:12'),
	(49, 'CUTIAH KEMFOOD', '', '', '', '', '', NULL, NULL, '', 'BCA- ANDRI KRISTANTI:\r\n1031100696', NULL, NULL, 0.00, 0.00, '0000-00-00 00:00:00', '2018-08-30 15:46:12'),
	(50, 'CITRA HALAL INDONESIA', '', '', '', '08121927896', '', NULL, NULL, '', 'CITRA HALAL INDONESIA\r\nCIMB NIAGA : 4200100728003', NULL, NULL, 0.00, 0.00, '0000-00-00 00:00:00', '2018-08-30 15:46:12'),
	(51, 'CAK LIM CONE DAN BURGER', '', '', 'SURABAYA', '', '', NULL, NULL, '', '', NULL, NULL, 0.00, 0.00, '0000-00-00 00:00:00', '2018-08-30 15:46:12'),
	(52, 'DAGING FAIQ', '', '', 'JL.TELAGA ASMARA 1 NO.2 SEMARANG', '081575003473', '', NULL, NULL, '', '', NULL, NULL, 0.00, 0.00, '0000-00-00 00:00:00', '2018-08-30 15:46:12'),
	(53, 'DRY ICE (WIRATNO)', '', '', 'JL.BRONGGALAN II NO.37 SURABAYA', '031-3821465', '', NULL, NULL, '', '', NULL, NULL, 0.00, 0.00, '0000-00-00 00:00:00', '2018-08-30 15:46:12'),
	(54, 'DAGING KEBAB BARU', '', '', '', '', '', NULL, NULL, '', '', NULL, NULL, 0.00, 0.00, '0000-00-00 00:00:00', '2018-08-30 15:46:12'),
	(55, 'DAGING 1 KG', '', '', '', '', '', NULL, NULL, '', '', NULL, NULL, 0.00, 0.00, '0000-00-00 00:00:00', '2018-08-30 15:46:12'),
	(56, 'GADANGSAKTI NUSANTARA BAHARI', '', '', '', '', '', NULL, NULL, '', '', NULL, NULL, 0.00, 0.00, '0000-00-00 00:00:00', '2018-08-30 15:46:12'),
	(57, 'GOLDEN KREASI INOVA', '', '', 'GEMPOL ASRI NO. 65 RT. 05/ RW. 01', '022 6126971', '', NULL, NULL, '', '', NULL, NULL, 0.00, 0.00, '0000-00-00 00:00:00', '2018-08-30 15:46:12'),
	(58, 'HENDY JAYA', '', '', 'JL.WALIKOTA MUSTAJAB NO.54 SURABAYA', '031-5341693', '', NULL, NULL, '031-5354338', '', NULL, NULL, 0.00, 0.00, '0000-00-00 00:00:00', '2018-08-30 15:46:12'),
	(59, 'HARIS DEVIANTO (BURNER)', '', '', '', '', '', NULL, NULL, '', '', NULL, NULL, 0.00, 0.00, '0000-00-00 00:00:00', '2018-08-30 15:46:12'),
	(60, 'IFFOODS (VIT SLAMET)', '', '', 'JL.WONOREJO INDAH TIMUR 7 NO.1A RUNGKUT', 'SURABAYA', '031-8792341', NULL, NULL, '', '', NULL, NULL, 0.00, 0.00, '0000-00-00 00:00:00', '2018-08-30 15:46:12'),
	(61, 'ROMBONG', '', '', '', '', '', NULL, NULL, '', '', NULL, NULL, 0.00, 0.00, '0000-00-00 00:00:00', '2018-08-30 15:46:12'),
	(62, 'JNI MITRAJAYA', '', '', 'JL.GREGES JAYA 2 KAVELERI A5 SURABAYA', '031-7495605', '', NULL, NULL, '', 'BCA: 0883842283.\r\nMANDIRI: 1420074956052', NULL, NULL, 0.00, 0.00, '0000-00-00 00:00:00', '2018-08-30 15:46:12'),
	(63, 'KEBAB MERAH PUTIH (HERDIYAN SUPANDI)', '', '', '', '', '', NULL, NULL, '', '', NULL, NULL, 0.00, 0.00, '0000-00-00 00:00:00', '2018-08-30 15:46:12'),
	(64, 'KALOG ', '', '', '', '', '', NULL, NULL, '', '', NULL, NULL, 0.00, 0.00, '0000-00-00 00:00:00', '2018-08-30 15:46:12'),
	(65, 'MARYAM SUPER', '', '', '', '087851744424', '', NULL, NULL, '', '', NULL, NULL, 0.00, 0.00, '0000-00-00 00:00:00', '2018-08-30 15:46:12'),
	(66, 'MARYAM SURAMADU', '', '', 'TAMBAK WEDI LEBAR BLOK J/7 SURABAYA', '08121655188', '', NULL, NULL, '', '', NULL, NULL, 0.00, 0.00, '0000-00-00 00:00:00', '2018-08-30 15:46:12'),
	(67, 'MARYAM ORIGINAL ', '', '', 'PERUM AMIRA GRAHA F NO.6 JL.WONOSARI LOR SURABAYA', '0818506733', '', NULL, NULL, '', '', NULL, NULL, 0.00, 0.00, '0000-00-00 00:00:00', '2018-08-30 15:46:12'),
	(68, 'MINUMAN BUBBLE', '', '', 'WONODADI', 'RT 01/RW 01 KEC BUTUH', 'KAB PURWOREJO 54264', NULL, NULL, '02170501103 (bekasi)', '', NULL, NULL, 0.00, 0.00, '0000-00-00 00:00:00', '2018-08-30 15:46:12'),
	(69, 'MARYAM (PAK YOGA) @ 9000/PACK', '', '', '', '031-77534230', '', NULL, NULL, '', '', NULL, NULL, 0.00, 0.00, '0000-00-00 00:00:00', '2018-08-30 15:46:12'),
	(70, 'MAKANAN FROZEN (IBU LENI)', '', '', 'JL.APEL NO.18  SEKARDANGAN INDAH SIDOARJO', '', '', NULL, NULL, '', '', NULL, NULL, 0.00, 0.00, '0000-00-00 00:00:00', '2018-08-30 15:46:12'),
	(71, 'MUTIARA SARI', '', '', 'JL.KETINTANG MADYA NO.70 SURABAYA', '081913845703', '', NULL, NULL, '', '', NULL, NULL, 0.00, 0.00, '0000-00-00 00:00:00', '2018-08-30 15:46:12'),
	(72, 'PROTEIN FOOD/IWAN SETIAWAN', '', '', 'JL.SIMO SIDOMULYO VI / 47 SURABAYA', '031-72380628', '', NULL, NULL, '081230366225', 'BCA IWAN SETIAWAN 2140537619', NULL, NULL, 0.00, 0.00, '0000-00-00 00:00:00', '2018-08-30 15:46:12'),
	(73, 'PT SURYAGITA NSANTARA', '', '', 'JL.DUPAK NO.21 SURABAYA', '031 5451968', '', NULL, NULL, '082142233611 (Vince)', 'REK BCA: PT SURYA GITA\r\n667-009-7682', NULL, NULL, 0.00, 0.00, '0000-00-00 00:00:00', '2018-08-30 15:46:12'),
	(74, 'PT PRIMA ANUGRA SENTOSA ABDI', '', '', 'JL.ROMOKALISARI NO.45 SURABAYA', '7491520', '', NULL, NULL, '7496851', 'BCA A/N TJIO HANDOKO SUDJARWO\r\nREK: 364 200 9696', NULL, NULL, 0.00, 0.00, '0000-00-00 00:00:00', '2018-08-30 15:46:12'),
	(75, 'PAK ANDI (WAJAN)', '', '', '', '', '', NULL, NULL, '', '', NULL, NULL, 0.00, 0.00, '0000-00-00 00:00:00', '2018-08-30 15:46:12'),
	(76, 'PT WELHAP CAYAHA', '', '', 'SURABAYA', '031-7402000', '', NULL, NULL, '', 'BCA WAHYU CAHYADI TIO: 6170186999', NULL, NULL, 0.00, 0.00, '0000-00-00 00:00:00', '2018-08-30 15:46:12'),
	(77, 'PT ARIES CENTAURUS', '', '', '', '', '', NULL, NULL, '', '', NULL, NULL, 0.00, 0.00, '0000-00-00 00:00:00', '2018-08-30 15:46:12'),
	(78, 'PT SAKTI SETIA SANTOSA', '', '', 'JL. KERTOPATEN 16', '3711554', '', NULL, NULL, '', '', NULL, NULL, 0.00, 0.00, '0000-00-00 00:00:00', '2018-08-30 15:46:12'),
	(79, 'QQTCHEN SURABAYA', '', '', 'JL. KLAKAHREJO NO. 59 BENOWO', '025655333756', '', NULL, NULL, '', '', NULL, NULL, 0.00, 0.00, '0000-00-00 00:00:00', '2018-08-30 15:46:12'),
	(80, 'RAFFI CARGO', '', '', '', '', '', NULL, NULL, '', '', NULL, NULL, 0.00, 0.00, '0000-00-00 00:00:00', '2018-08-30 15:46:12'),
	(81, 'SUMBER GIZI UTAMA (SGU)', '', '', 'JL.KALIMAS UDIK 1 NO.26 SURABAYA', '031-3536042', '', NULL, NULL, '', 'REK BCA A/N : AHMAD TAUFIK\r\n0101795577', NULL, NULL, 0.00, 0.00, '0000-00-00 00:00:00', '2018-08-30 15:46:12'),
	(82, 'SUPPLIER KEBAB SURABAYA', '', '', 'SEMOLO WARU UTARA 3A NO.21 SURABAYA', '081228208863', '', NULL, NULL, '031-34322269', '', NULL, NULL, 0.00, 0.00, '0000-00-00 00:00:00', '2018-08-30 15:46:12'),
	(83, 'SUMBER JAYA (PERCETAKAN)', '', '', 'JL.EMBONG MALANG NO.6 F SURABAYA', '085232562077', '', NULL, NULL, '', '', NULL, NULL, 0.00, 0.00, '0000-00-00 00:00:00', '2018-08-30 15:46:12'),
	(84, 'SINARMAS', '', '', 'JL.RAWA GIRANG NO.3 KAWASAN INDUSTRI PULOGADUNG JATINEGARA / CAKUNG JAKARTA TIMUR', '031-8437935', '', NULL, NULL, '', 'PT SINARMAS DISTRIBUSI NUSANTARA BCA: 8220420087', NULL, NULL, 0.00, 0.00, '0000-00-00 00:00:00', '2018-08-30 15:46:12'),
	(85, 'TRISTAR', '', '', 'RUNGKUT ASRI UTARA BLOK RL 2J NO.29 (GUDANG)', '031-8791167', '', NULL, NULL, '', '', NULL, NULL, 0.00, 0.00, '0000-00-00 00:00:00', '2018-08-30 15:46:12'),
	(86, 'HASAN', '', '', '', '', '', NULL, NULL, '', '', NULL, NULL, 0.00, 0.00, '0000-00-00 00:00:00', '2018-08-30 15:46:12'),
	(87, 'TIANG DAGING', '', '', '', '', '', NULL, NULL, '', '', NULL, NULL, 0.00, 0.00, '0000-00-00 00:00:00', '2018-08-30 15:46:12'),
	(88, 'TRI HARDINI KUSUM (ROMBONG)', '', '', '', '', '', NULL, NULL, '', '', NULL, NULL, 0.00, 0.00, '0000-00-00 00:00:00', '2018-08-30 15:46:12'),
	(89, 'TEGOEH JAYA (PACKAGING KEBAB/PERCETAKAN)\\', '', '', 'PERTOKOAN RANGKA KIDUL JL.RAYA RANGKA KIDUL NO.10', '031-8074372', '', NULL, NULL, '031-71684273', '', NULL, NULL, 0.00, 0.00, '0000-00-00 00:00:00', '2018-08-30 15:46:12'),
	(90, 'UD SUMBER SEJAHTERA SENTOSA', '', '', 'JL.SOMBO 49 SURABAYA', '031-3713711', '', NULL, NULL, '70473081', 'YONGKY GAUTOMO,BCA: 1900233988\r\nTEPUNG,YONGKY GAUTOMO : 1900989888\r\nMINYAK,YONGKY GAUTOMO : 7230055968', NULL, NULL, 0.00, 0.00, '0000-00-00 00:00:00', '2018-08-30 15:46:12'),
	(91, 'UBITAL OFFSET PRINTING', '', '', 'JL.UBI VI NO.11 SURABAYA', '031 91128088', '', NULL, NULL, '', 'CONDRO WIRYONO POERWANTO\r\nBCA: 1070474383', NULL, NULL, 0.00, 0.00, '0000-00-00 00:00:00', '2018-08-30 15:46:12'),
	(92, 'UD SUMBER SARI KIMIA', '', '', 'NGAGEL JAYA TENGAH 62', '031-5047986', '', NULL, NULL, '', '', NULL, NULL, 0.00, 0.00, '0000-00-00 00:00:00', '2018-08-30 15:46:12'),
	(93, 'SALIM BURNER', '', '', '', '', '', NULL, NULL, '', '', NULL, NULL, 0.00, 0.00, '0000-00-00 00:00:00', '2018-08-30 15:46:12'),
	(94, 'YULI NURYULIANTI (WAJAN)', '', '', '', '', '', NULL, NULL, '', '', NULL, NULL, 0.00, 0.00, '0000-00-00 00:00:00', '2018-08-30 15:46:12'),
	(95, 'AYOKI WAJAN CREPES (ANDI SUKIYAKTO)', '', '', 'KAPAS II BLOK D NO. 46 ', '085316441160', '', NULL, NULL, '', '', NULL, NULL, 0.00, 0.00, '0000-00-00 00:00:00', '2018-08-30 15:46:12'),
	(96, 'ALAMRAYA', '', '', '', '', '', NULL, NULL, '', '', NULL, NULL, 0.00, 0.00, '0000-00-00 00:00:00', '2018-08-30 15:46:12'),
	(97, 'ACHMAD HUSIN', '', '', 'JL.KALIMAS UDIK NO.12', '085746776677', '', NULL, NULL, '', '', NULL, NULL, 0.00, 0.00, '0000-00-00 00:00:00', '2018-08-30 15:46:12'),
	(98, 'CV SMART MEDIA PROFFESIONAL ', '', '', 'SIMPANG DARMO PERMAI SELATAN 4/74', '', '', NULL, NULL, '', '', NULL, NULL, 0.00, 0.00, '0000-00-00 00:00:00', '2018-08-30 15:46:12'),
	(99, 'ELANG MAS (JIRIGEN)', '', '', 'JL UNDAAN KULON 113 B', '08123061818', '', NULL, NULL, '', '', NULL, NULL, 0.00, 0.00, '0000-00-00 00:00:00', '2018-08-30 15:46:12'),
	(100, 'HARDIAN DAGING', '', '', '', '', '', NULL, NULL, '', '', NULL, NULL, 0.00, 0.00, '0000-00-00 00:00:00', '2018-08-30 15:46:12'),
	(101, 'IKA DESTIANA', '', '', 'JL. GUNUNG 4 KAMPUNG RT.17 NO.17 KEL.MARGO MULYO KEC. BALIKPAPAN BARAT (BELAKANG BALAI PERTEMUAN) ', '082157124145', '', NULL, NULL, '', '', NULL, NULL, 0.00, 0.00, '0000-00-00 00:00:00', '2018-08-30 15:46:12'),
	(102, 'MAKMUR PLASTIK (PLASTIK PEMBATAS DAN PEMBUNGKUS)', '', '', '', '', '', NULL, NULL, '', '', NULL, NULL, 0.00, 0.00, '0000-00-00 00:00:00', '2018-08-30 15:46:12'),
	(103, 'MUKLIS PEMBAYARAN MONTOR MERAH', '', '', '', '', '', NULL, NULL, '', '', NULL, NULL, 0.00, 0.00, '0000-00-00 00:00:00', '2018-08-30 15:46:12'),
	(104, 'MESIN PUJI SELAMET', '', '', '', '', '', NULL, NULL, '', '', NULL, NULL, 0.00, 0.00, '0000-00-00 00:00:00', '2018-08-30 15:46:12'),
	(105, 'MESIN IMPOR', '', '', '', '', '', NULL, NULL, '', '', NULL, NULL, 0.00, 0.00, '0000-00-00 00:00:00', '2018-08-30 15:46:12'),
	(106, 'OMETRACO ARYA SAMA ', '', '', '', '', '', NULL, NULL, '', '', NULL, NULL, 0.00, 0.00, '0000-00-00 00:00:00', '2018-08-30 15:46:12'),
	(107, 'PABRIK', '', '', '', '', '', NULL, NULL, '', '', NULL, NULL, 0.00, 0.00, '0000-00-00 00:00:00', '2018-08-30 15:46:12'),
	(108, 'PT. SAPTA PERMATA', '', '', '', '', '', NULL, NULL, '', '', NULL, NULL, 0.00, 0.00, '0000-00-00 00:00:00', '2018-08-30 15:46:12'),
	(109, 'PT SARANA NIKOTEKNIK', '', '', '', '', '', NULL, NULL, '', '', NULL, NULL, 0.00, 0.00, '0000-00-00 00:00:00', '2018-08-30 15:46:12'),
	(110, 'PT SINAR CAHAYA CEMERLANG', '', '', '', '', '', NULL, NULL, '', '', NULL, NULL, 0.00, 0.00, '0000-00-00 00:00:00', '2018-08-30 15:46:12'),
	(111, 'PUNGKY JAYA PUTRI DIANA', '', '', 'DESA LABUHAN RATU DUA', 'DUSUN SRI REJEKI RT 14 RW 04 KEC.WAY JEPARA KAB.LA', '08136894700', NULL, NULL, '', '', NULL, NULL, 0.00, 0.00, '0000-00-00 00:00:00', '2018-08-30 15:46:12'),
	(112, 'PT AMARIS TIRTA PRATAMA(PROCHIZ)', '', '', 'JL KENJERAN NO501 GADING SURABAYA', '0313818500', '', NULL, NULL, '', '', NULL, NULL, 0.00, 0.00, '0000-00-00 00:00:00', '2018-08-30 15:46:12'),
	(113, 'PAK RIYAN', '', '', '', '', '', NULL, NULL, '', '', NULL, NULL, 0.00, 0.00, '0000-00-00 00:00:00', '2018-08-30 15:46:12'),
	(114, 'PT DISTRIVERSA BUANA MAS', '', '', '', '', '', NULL, NULL, '', '', NULL, NULL, 0.00, 0.00, '0000-00-00 00:00:00', '2018-08-30 15:46:12'),
	(115, 'PT SAPTA PERMATA ', '', '', '', '', '', NULL, NULL, '', '', NULL, NULL, 0.00, 0.00, '0000-00-00 00:00:00', '2018-08-30 15:46:12'),
	(116, 'PERALATAN KEBAB SOHIB', '', '', '', '', '', NULL, NULL, '', '', NULL, NULL, 0.00, 0.00, '0000-00-00 00:00:00', '2018-08-30 15:46:12'),
	(117, 'DUNIA PANGAN SEHAT', '', '', 'JL KAMAL RAYA CENGKARENG (CITY PARK BUSINESS DISTRICT', ' BLOK D-01)', '021 5695 55058 ', NULL, NULL, '', '', NULL, NULL, 0.00, 0.00, '0000-00-00 00:00:00', '2018-08-30 15:46:12'),
	(118, 'RAJA PENGERING', '', '', 'JALAN WILAYUT RT 05 RW. I SUKODONO', '031-99036327', '', NULL, NULL, '', '', NULL, NULL, 0.00, 0.00, '0000-00-00 00:00:00', '2018-08-30 15:46:12'),
	(119, 'ROUNDER (FENNY CHRISNAWATI)', '', '', '', '', '', NULL, NULL, '', '', NULL, NULL, 0.00, 0.00, '0000-00-00 00:00:00', '2018-08-30 15:46:12'),
	(120, 'RUMAH PRODUKSI BURNER ( PAK SALIM)', '', '', '', '', '', NULL, NULL, '', '', NULL, NULL, 0.00, 0.00, '0000-00-00 00:00:00', '2018-08-30 15:46:12'),
	(121, 'RANCH MARKET', '', '', ' JL BASUKI RACHMAT', '0315451799', '', NULL, NULL, '', '', NULL, NULL, 0.00, 0.00, '0000-00-00 00:00:00', '2018-08-30 15:46:12'),
	(122, 'SARANA NIKO TEKNIK', '', '', '', '', '', NULL, NULL, '', '', NULL, NULL, 0.00, 0.00, '0000-00-00 00:00:00', '2018-08-30 15:46:12'),
	(123, 'SOFTWARE RANDU', '', '', 'SURABAYA', '', '', NULL, NULL, '', '', NULL, NULL, 0.00, 0.00, '0000-00-00 00:00:00', '2018-08-30 15:46:12'),
	(124, 'SINAR YOUNG ', '', '', 'JL. KEDUNGDORO 24-26', '', '', NULL, NULL, '', '', NULL, NULL, 0.00, 0.00, '0000-00-00 00:00:00', '2018-08-30 15:46:12'),
	(125, 'SYAMSURI/MABEL STENLIS', '', '', '', '', '', NULL, NULL, '', '', NULL, NULL, 0.00, 0.00, '0000-00-00 00:00:00', '2018-08-30 15:46:12'),
	(126, 'SYAMSURI MEJA', '', '', '', '', '', NULL, NULL, '', '', NULL, NULL, 0.00, 0.00, '0000-00-00 00:00:00', '2018-08-30 15:46:12'),
	(127, 'SAUNG JAMUR', '', '', '', '', '', NULL, NULL, '', '', NULL, NULL, 0.00, 0.00, '0000-00-00 00:00:00', '2018-08-30 15:46:12'),
	(128, 'SINAR YONG', '', '', '', '', '', NULL, NULL, '', '', NULL, NULL, 0.00, 0.00, '0000-00-00 00:00:00', '2018-08-30 15:46:12'),
	(129, 'TOKO LUAS (STEROFOAM)', '', '', 'KRAMAT GANTUNG 134', '031 5316169', '', NULL, NULL, '', '', NULL, NULL, 0.00, 0.00, '0000-00-00 00:00:00', '2018-08-30 15:46:12'),
	(130, 'TAMMA DISTRIBUSI', '', '', '', '', '', NULL, NULL, '', '', NULL, NULL, 0.00, 0.00, '0000-00-00 00:00:00', '2018-08-30 15:46:12'),
	(131, 'TAMMAFOOD PRODUKSI', '', '', '', '', '', NULL, NULL, '', '', NULL, NULL, 0.00, 0.00, '0000-00-00 00:00:00', '2018-08-30 15:46:12'),
	(132, 'TOKO DELAPAN ', '', '', 'JL PUCANG ANOM TIMUR NO.8', '0315015877', '', NULL, NULL, '', '', NULL, NULL, 0.00, 0.00, '0000-00-00 00:00:00', '2018-08-30 15:46:12'),
	(133, 'TOENG MARKET', '', '', '', '', '', NULL, NULL, '', '', NULL, NULL, 0.00, 0.00, '0000-00-00 00:00:00', '2018-08-30 15:46:12'),
	(134, 'TOKO PEDIA', '', '', '', '', '', NULL, NULL, '', '', NULL, NULL, 0.00, 0.00, '0000-00-00 00:00:00', '2018-08-30 15:46:12'),
	(135, 'WARUNG SEJAHTERA (MINYAK GORENG HAFA)', '', '', 'BUMI SUKO INDAH HH-09A', '0818321157', '', NULL, NULL, '', '', NULL, NULL, 0.00, 0.00, '0000-00-00 00:00:00', '2018-08-30 15:46:12');
/*!40000 ALTER TABLE `d_supplier` ENABLE KEYS */;

-- Dumping structure for table bisnis_tamma.d_terima_pembelian
CREATE TABLE IF NOT EXISTS `d_terima_pembelian` (
  `d_tb_id` int(11) NOT NULL AUTO_INCREMENT,
  `d_tb_pid` int(11) NOT NULL DEFAULT '0' COMMENT '(purchasing id)',
  `d_tb_sup` int(11) NOT NULL DEFAULT '0' COMMENT '(id_supplier) m_supplier',
  `d_tb_code` varchar(15) NOT NULL,
  `d_tb_staff` varchar(15) NOT NULL COMMENT '(m_id) d_mem',
  `d_tb_noreff` varchar(15) NOT NULL COMMENT 'No transaksi terkait',
  `d_tb_totalnett` decimal(20,2) DEFAULT '0.00' COMMENT 'total nett terima',
  `d_tb_totalbyr` decimal(20,2) DEFAULT '0.00' COMMENT 'total bayar',
  `d_tb_date` date DEFAULT NULL COMMENT 'tgl diterima',
  `d_tb_datepaid` date DEFAULT NULL COMMENT 'tgl bayar',
  `d_tb_duedate` date DEFAULT NULL COMMENT 'TGL JATUH TEMPO PADA TOP, TGL TERAKHIR PENGIRIMAN PADA DEPOSIT',
  `d_tb_created` timestamp NULL DEFAULT CURRENT_TIMESTAMP,
  `d_tb_updated` datetime DEFAULT NULL,
  PRIMARY KEY (`d_tb_id`),
  UNIQUE KEY `d_tb_code` (`d_tb_code`),
  KEY `FK_d_terima_pembelian_d_supplier` (`d_tb_sup`),
  KEY `FK_d_terima_pembelian_d_mem` (`d_tb_staff`),
  KEY `FK_d_terima_pembelian_d_purchasing` (`d_tb_pid`),
  CONSTRAINT `FK_d_terima_pembelian_d_mem` FOREIGN KEY (`d_tb_staff`) REFERENCES `d_mem` (`m_id`),
  CONSTRAINT `FK_d_terima_pembelian_d_purchasing` FOREIGN KEY (`d_tb_pid`) REFERENCES `d_purchasing` (`d_pcs_id`),
  CONSTRAINT `FK_d_terima_pembelian_d_supplier` FOREIGN KEY (`d_tb_sup`) REFERENCES `d_supplier` (`s_id`)
) ENGINE=InnoDB AUTO_INCREMENT=47 DEFAULT CHARSET=latin1 COMMENT='Tabel u/ data penerimaan pembelian dari supplier';

-- Dumping data for table bisnis_tamma.d_terima_pembelian: ~0 rows (approximately)
DELETE FROM `d_terima_pembelian`;
/*!40000 ALTER TABLE `d_terima_pembelian` DISABLE KEYS */;
INSERT INTO `d_terima_pembelian` (`d_tb_id`, `d_tb_pid`, `d_tb_sup`, `d_tb_code`, `d_tb_staff`, `d_tb_noreff`, `d_tb_totalnett`, `d_tb_totalbyr`, `d_tb_date`, `d_tb_datepaid`, `d_tb_duedate`, `d_tb_created`, `d_tb_updated`) VALUES
	(46, 12, 44, 'TPS-1809-00001', '3', 'PO-1808-00001PO', 2587500000.00, 0.00, '2018-09-29', NULL, NULL, '2018-09-29 11:32:44', '2018-09-29 11:32:44');
/*!40000 ALTER TABLE `d_terima_pembelian` ENABLE KEYS */;

-- Dumping structure for table bisnis_tamma.d_terima_pembelian_dt
CREATE TABLE IF NOT EXISTS `d_terima_pembelian_dt` (
  `d_tbdt_id` int(11) NOT NULL AUTO_INCREMENT,
  `d_tbdt_idtb` int(11) NOT NULL DEFAULT '0' COMMENT 'id_tbid (d_terima_pembelian)',
  `d_tbdt_smdetail` int(11) NOT NULL DEFAULT '0' COMMENT 'sm_detailid d_stockmutation',
  `d_tbdt_item` int(11) NOT NULL DEFAULT '0' COMMENT 'i_id (m_item)',
  `d_tbdt_sat` int(11) NOT NULL DEFAULT '0' COMMENT 'm_sat_id (m_satuan)',
  `d_tbdt_idpcsdt` int(11) NOT NULL DEFAULT '0' COMMENT 'id_purchasingdt (d_purchasing_dt)',
  `d_tbdt_qty` int(11) NOT NULL DEFAULT '0',
  `d_tbdt_price` decimal(20,2) NOT NULL DEFAULT '0.00',
  `d_tbdt_pricetotal` decimal(20,2) NOT NULL DEFAULT '0.00',
  `d_tbdt_date_received` date DEFAULT NULL,
  `d_tbdt_created` timestamp NOT NULL DEFAULT CURRENT_TIMESTAMP,
  `d_tbdt_updated` datetime DEFAULT NULL,
  PRIMARY KEY (`d_tbdt_id`),
  KEY `FK_d_terima_pembelian_dt_d_terima_pembelian` (`d_tbdt_idtb`),
  KEY `FK_d_terima_pembelian_dt_m_item` (`d_tbdt_item`),
  KEY `FK_d_terima_pembelian_dt_m_satuan` (`d_tbdt_sat`),
  KEY `FK_d_terima_pembelian_dt_d_purchasing_dt` (`d_tbdt_idpcsdt`),
  CONSTRAINT `FK_d_terima_pembelian_dt_d_purchasing_dt` FOREIGN KEY (`d_tbdt_idpcsdt`) REFERENCES `d_purchasing_dt` (`d_pcsdt_id`),
  CONSTRAINT `FK_d_terima_pembelian_dt_d_terima_pembelian` FOREIGN KEY (`d_tbdt_idtb`) REFERENCES `d_terima_pembelian` (`d_tb_id`),
  CONSTRAINT `FK_d_terima_pembelian_dt_m_item` FOREIGN KEY (`d_tbdt_item`) REFERENCES `m_item` (`i_id`),
  CONSTRAINT `FK_d_terima_pembelian_dt_m_satuan` FOREIGN KEY (`d_tbdt_sat`) REFERENCES `m_satuan` (`m_sid`)
) ENGINE=InnoDB AUTO_INCREMENT=76 DEFAULT CHARSET=latin1;

-- Dumping data for table bisnis_tamma.d_terima_pembelian_dt: ~0 rows (approximately)
DELETE FROM `d_terima_pembelian_dt`;
/*!40000 ALTER TABLE `d_terima_pembelian_dt` DISABLE KEYS */;
INSERT INTO `d_terima_pembelian_dt` (`d_tbdt_id`, `d_tbdt_idtb`, `d_tbdt_smdetail`, `d_tbdt_item`, `d_tbdt_sat`, `d_tbdt_idpcsdt`, `d_tbdt_qty`, `d_tbdt_price`, `d_tbdt_pricetotal`, `d_tbdt_date_received`, `d_tbdt_created`, `d_tbdt_updated`) VALUES
	(75, 46, 2, 3, 3, 23, 5000, 517500.00, 2587500000.00, '2018-09-29', '2018-09-29 11:32:44', '2018-09-29 11:32:44');
/*!40000 ALTER TABLE `d_terima_pembelian_dt` ENABLE KEYS */;

-- Dumping structure for table bisnis_tamma.d_terima_return_sup
CREATE TABLE IF NOT EXISTS `d_terima_return_sup` (
  `d_trs_id` int(11) NOT NULL AUTO_INCREMENT,
  `d_trs_prid` int(11) NOT NULL COMMENT 'd_purchasing_return',
  `d_trs_sup` int(11) NOT NULL COMMENT 'd_supplier (s_id)',
  `d_trs_code` varchar(15) NOT NULL,
  `d_trs_staff` varchar(15) NOT NULL,
  `d_trs_noreff` varchar(15) NOT NULL,
  `d_trs_totalnett` decimal(20,2) NOT NULL DEFAULT '0.00',
  `d_trs_totalbyr` decimal(20,2) NOT NULL DEFAULT '0.00',
  `d_trs_date` date NOT NULL,
  `d_trs_datepaid` date NOT NULL,
  `d_trs_created` datetime NOT NULL,
  `d_trs_updated` datetime DEFAULT NULL,
  PRIMARY KEY (`d_trs_id`),
  KEY `FK_d_terima_returnsup_d_supplier` (`d_trs_sup`),
  KEY `FK_d_terima_returnsup_d_mem` (`d_trs_staff`),
  KEY `FK_d_terima_return_sup_d_purchasingreturn` (`d_trs_prid`),
  CONSTRAINT `FK_d_terima_return_sup_d_purchasingreturn` FOREIGN KEY (`d_trs_prid`) REFERENCES `d_purchasingreturn` (`d_pcsr_id`),
  CONSTRAINT `FK_d_terima_returnsup_d_mem` FOREIGN KEY (`d_trs_staff`) REFERENCES `d_mem` (`m_id`),
  CONSTRAINT `FK_d_terima_returnsup_d_supplier` FOREIGN KEY (`d_trs_sup`) REFERENCES `d_supplier` (`s_id`)
) ENGINE=InnoDB AUTO_INCREMENT=7 DEFAULT CHARSET=latin1 COMMENT='tabel u/ handle penerimaan return supplier';

-- Dumping data for table bisnis_tamma.d_terima_return_sup: ~0 rows (approximately)
DELETE FROM `d_terima_return_sup`;
/*!40000 ALTER TABLE `d_terima_return_sup` DISABLE KEYS */;
INSERT INTO `d_terima_return_sup` (`d_trs_id`, `d_trs_prid`, `d_trs_sup`, `d_trs_code`, `d_trs_staff`, `d_trs_noreff`, `d_trs_totalnett`, `d_trs_totalbyr`, `d_trs_date`, `d_trs_datepaid`, `d_trs_created`, `d_trs_updated`) VALUES
	(6, 31, 22, 'TRS-1808-00001', '1', 'RTR-1808-00001', 4766.00, 0.00, '2018-08-21', '0000-00-00', '2018-08-21 11:08:20', '2018-08-21 11:08:20');
/*!40000 ALTER TABLE `d_terima_return_sup` ENABLE KEYS */;

-- Dumping structure for table bisnis_tamma.d_terima_return_supdt
CREATE TABLE IF NOT EXISTS `d_terima_return_supdt` (
  `d_trsdt_id` int(11) NOT NULL AUTO_INCREMENT,
  `d_trsdt_idrs` int(11) NOT NULL COMMENT 'id terima retur supplier',
  `d_trsdt_smdetail` int(11) NOT NULL COMMENT 'id stock mutation detail ',
  `d_trsdt_item` int(11) NOT NULL COMMENT 'm_item (i_id)',
  `d_trsdt_sat` int(11) NOT NULL COMMENT 'm_satuan (m_sid)',
  `d_trsdt_idrtdet` int(11) NOT NULL COMMENT 'id_returdetail',
  `d_trsdt_qty` int(11) NOT NULL,
  `d_trsdt_price` decimal(20,2) NOT NULL DEFAULT '0.00',
  `d_trsdt_pricetotal` decimal(20,2) NOT NULL DEFAULT '0.00',
  `d_trsdt_date_received` date NOT NULL,
  `d_trsdt_created` datetime NOT NULL,
  `d_trsdt_updated` datetime DEFAULT NULL,
  PRIMARY KEY (`d_trsdt_id`),
  KEY `FK_d_terima_returnsupdt_d_terima_returnsup` (`d_trsdt_idrs`),
  KEY `FK_d_terima_returnsupdt_m_item` (`d_trsdt_item`),
  KEY `FK_d_terima_returnsupdt_m_satuan` (`d_trsdt_sat`),
  CONSTRAINT `FK_d_terima_returnsupdt_d_terima_returnsup` FOREIGN KEY (`d_trsdt_idrs`) REFERENCES `d_terima_return_sup` (`d_trs_id`),
  CONSTRAINT `FK_d_terima_returnsupdt_m_item` FOREIGN KEY (`d_trsdt_item`) REFERENCES `m_item` (`i_id`),
  CONSTRAINT `FK_d_terima_returnsupdt_m_satuan` FOREIGN KEY (`d_trsdt_sat`) REFERENCES `m_satuan` (`m_sid`)
) ENGINE=InnoDB AUTO_INCREMENT=7 DEFAULT CHARSET=latin1 COMMENT='Tabel u/ handel penerimaan retur dt';

-- Dumping data for table bisnis_tamma.d_terima_return_supdt: ~0 rows (approximately)
DELETE FROM `d_terima_return_supdt`;
/*!40000 ALTER TABLE `d_terima_return_supdt` DISABLE KEYS */;
INSERT INTO `d_terima_return_supdt` (`d_trsdt_id`, `d_trsdt_idrs`, `d_trsdt_smdetail`, `d_trsdt_item`, `d_trsdt_sat`, `d_trsdt_idrtdet`, `d_trsdt_qty`, `d_trsdt_price`, `d_trsdt_pricetotal`, `d_trsdt_date_received`, `d_trsdt_created`, `d_trsdt_updated`) VALUES
	(6, 6, 3, 646, 8, 56, 50, 95.33, 4766.50, '2018-08-21', '2018-08-21 11:08:20', '2018-08-21 11:08:20');
/*!40000 ALTER TABLE `d_terima_return_supdt` ENABLE KEYS */;

-- Dumping structure for table bisnis_tamma.d_transaksi_keuangan
CREATE TABLE IF NOT EXISTS `d_transaksi_keuangan` (
  `id_transaksi` int(11) NOT NULL AUTO_INCREMENT,
  `no_bukti` varchar(50) NOT NULL,
  `tanggal_transaksi` date NOT NULL,
  `nama_transaksi` varchar(255) NOT NULL,
  `keterangan` text NOT NULL,
  `nominal` double NOT NULL,
  `created_at` timestamp NOT NULL DEFAULT CURRENT_TIMESTAMP,
  `updated_at` timestamp NOT NULL DEFAULT CURRENT_TIMESTAMP ON UPDATE CURRENT_TIMESTAMP,
  PRIMARY KEY (`id_transaksi`)
) ENGINE=InnoDB AUTO_INCREMENT=9 DEFAULT CHARSET=latin1;

-- Dumping data for table bisnis_tamma.d_transaksi_keuangan: ~8 rows (approximately)
DELETE FROM `d_transaksi_keuangan`;
/*!40000 ALTER TABLE `d_transaksi_keuangan` DISABLE KEYS */;
INSERT INTO `d_transaksi_keuangan` (`id_transaksi`, `no_bukti`, `tanggal_transaksi`, `nama_transaksi`, `keterangan`, `nominal`, `created_at`, `updated_at`) VALUES
	(1, 'BBM-09181300001', '2018-09-13', 'cek 2', 'cek 2', 1000000, '2018-09-13 08:09:44', '2018-09-13 08:09:44'),
	(2, 'BKM-08181500001', '2018-08-15', 'Pemasukan Dari Piutang Customer', 'Pemasukan Dari Piutang Customer', 25000000, '2018-09-17 04:00:27', '2018-09-17 04:00:27'),
	(3, 'BKK-09181200001', '2018-09-12', 'Pembelian ATK Kantor Dari Piutang', 'Pembelian ATK Kantor Dari Piutang', 2000000, '2018-09-17 04:01:53', '2018-09-17 04:01:53'),
	(4, 'BKK-09181700002', '2018-09-17', 'pembelian bensin', 'pembelian bensin', 100000, '2018-09-17 06:42:37', '2018-09-17 06:42:37'),
	(5, 'BKM-09180500001', '2018-09-05', 'Penjualan', 'tes', 1000000, '2018-09-18 08:01:07', '2018-09-18 08:01:07'),
	(6, 'BKK-09182400003', '2018-09-24', 'beban listrik produksi', 'listrik kantor atas', 3000000, '2018-09-24 08:39:32', '2018-09-24 08:39:32'),
	(7, 'BKM-09182700002', '2018-09-27', 'penjulan tunai', 'seles penjuala 27/9/18', 10000000, '2018-09-27 10:03:35', '2018-09-27 10:03:35'),
	(8, 'BKK-09182900004', '2018-09-29', 'Beban Gaji', 'Gaji bibik fatimah', 350000, '2018-09-29 04:41:58', '2018-09-29 04:41:58');
/*!40000 ALTER TABLE `d_transaksi_keuangan` ENABLE KEYS */;

-- Dumping structure for table bisnis_tamma.d_transaksi_keuangan_detail
CREATE TABLE IF NOT EXISTS `d_transaksi_keuangan_detail` (
  `tkd_transaksi` int(11) NOT NULL,
  `tkd_no` varchar(30) NOT NULL,
  `tkd_acc` varchar(30) DEFAULT NULL,
  `tkd_value` double NOT NULL,
  `tkd_dk` varchar(5) DEFAULT NULL,
  PRIMARY KEY (`tkd_transaksi`,`tkd_no`)
) ENGINE=InnoDB DEFAULT CHARSET=latin1;

-- Dumping data for table bisnis_tamma.d_transaksi_keuangan_detail: ~16 rows (approximately)
DELETE FROM `d_transaksi_keuangan_detail`;
/*!40000 ALTER TABLE `d_transaksi_keuangan_detail` DISABLE KEYS */;
INSERT INTO `d_transaksi_keuangan_detail` (`tkd_transaksi`, `tkd_no`, `tkd_acc`, `tkd_value`, `tkd_dk`) VALUES
	(1, '1', '1.01.06', 1000000, 'D'),
	(1, '2', '1.10.01', -1000000, 'K'),
	(2, '1', '1.00.02', 25000000, 'D'),
	(2, '2', '1.10.01', -25000000, 'K'),
	(3, '1', '1.00.02', -2000000, 'K'),
	(3, '2', '1.10.01', 2000000, 'D'),
	(4, '1', '1.00.02', -100000, 'K'),
	(4, '2', '5.00.01', -100000, 'D'),
	(5, '1', '1.00.01', 1000000, 'D'),
	(5, '2', '5.00.01', 1000000, 'K'),
	(6, '1', '1.00.02', -3000000, 'K'),
	(6, '2', '1.10.01', 3000000, 'D'),
	(7, '1', '1.00.01', 10000000, 'D'),
	(7, '2', '5.00.01', 10000000, 'K'),
	(8, '1', '1.00.02', -350000, 'K'),
	(8, '2', '1.10.01', 350000, 'D');
/*!40000 ALTER TABLE `d_transaksi_keuangan_detail` ENABLE KEYS */;

-- Dumping structure for table bisnis_tamma.d_transferitem
CREATE TABLE IF NOT EXISTS `d_transferitem` (
  `ti_id` int(11) NOT NULL AUTO_INCREMENT,
  `ti_date` int(11) NOT NULL DEFAULT '0',
  `ti_time` datetime DEFAULT NULL,
  `ti_code` varchar(20) DEFAULT NULL,
  `ti_order` varchar(2) NOT NULL COMMENT 'RT: Retail | GR: Grosir',
  `ti_orderstaff` int(10) DEFAULT NULL COMMENT 'TEMPORARY DIABAIKAN',
  `ti_note` varchar(100) DEFAULT NULL,
  `ti_isapproved` enum('Y','N') NOT NULL DEFAULT 'N',
  `ti_issent` enum('Y','N') NOT NULL DEFAULT 'N',
  `ti_isreceived` enum('Y','N') NOT NULL DEFAULT 'N',
  `ti_insert` timestamp NULL DEFAULT NULL,
  `ti_update` timestamp NOT NULL DEFAULT CURRENT_TIMESTAMP ON UPDATE CURRENT_TIMESTAMP,
  PRIMARY KEY (`ti_id`)
) ENGINE=InnoDB AUTO_INCREMENT=3 DEFAULT CHARSET=latin1;

-- Dumping data for table bisnis_tamma.d_transferitem: ~2 rows (approximately)
DELETE FROM `d_transferitem`;
/*!40000 ALTER TABLE `d_transferitem` DISABLE KEYS */;
INSERT INTO `d_transferitem` (`ti_id`, `ti_date`, `ti_time`, `ti_code`, `ti_order`, `ti_orderstaff`, `ti_note`, `ti_isapproved`, `ti_issent`, `ti_isreceived`, `ti_insert`, `ti_update`) VALUES
	(1, 2018, '2018-08-21 12:57:16', 'REQ1808211', 'RT', NULL, 'Minta Tortilla Sedang Ungu 10', 'Y', 'Y', 'Y', '2018-08-21 12:57:16', '2018-08-21 13:00:34'),
	(2, 0, '2018-08-21 00:00:00', 'REQ1808212', 'GR', NULL, 'ini saya kasih 20 karena stok melebihi angka max', 'Y', 'Y', 'Y', '2018-08-21 13:02:51', '2018-08-21 13:09:51');
/*!40000 ALTER TABLE `d_transferitem` ENABLE KEYS */;

-- Dumping structure for table bisnis_tamma.d_transferitem_dt
CREATE TABLE IF NOT EXISTS `d_transferitem_dt` (
  `tidt_id` int(11) NOT NULL,
  `tidt_detail` tinyint(4) NOT NULL,
  `tidt_item` int(11) DEFAULT NULL,
  `tidt_qty` decimal(10,0) DEFAULT NULL,
  `tidt_qty_appr` decimal(10,0) DEFAULT NULL,
  `tidt_apprtime` datetime DEFAULT NULL,
  `tidt_apprstaff` int(10) DEFAULT NULL COMMENT 'TEMPORARY DIABAIKAN',
  `tidt_qty_send` decimal(10,0) DEFAULT NULL,
  `tidt_sendtime` datetime DEFAULT NULL,
  `tidt_sendstaff` int(10) DEFAULT NULL COMMENT 'TEMPORARY DIABAIKAN',
  `tidt_qty_received` decimal(10,0) DEFAULT NULL,
  `tidt_receivedtime` datetime DEFAULT NULL,
  `tidt_receivedstaff` int(10) DEFAULT NULL COMMENT 'TEMPORARY DIABAIKAN',
  PRIMARY KEY (`tidt_id`,`tidt_detail`),
  CONSTRAINT `FK_d_request_dt_d_request_item` FOREIGN KEY (`tidt_id`) REFERENCES `d_transferitem` (`ti_id`) ON DELETE CASCADE ON UPDATE CASCADE
) ENGINE=InnoDB DEFAULT CHARSET=latin1;

-- Dumping data for table bisnis_tamma.d_transferitem_dt: ~2 rows (approximately)
DELETE FROM `d_transferitem_dt`;
/*!40000 ALTER TABLE `d_transferitem_dt` DISABLE KEYS */;
INSERT INTO `d_transferitem_dt` (`tidt_id`, `tidt_detail`, `tidt_item`, `tidt_qty`, `tidt_qty_appr`, `tidt_apprtime`, `tidt_apprstaff`, `tidt_qty_send`, `tidt_sendtime`, `tidt_sendstaff`, `tidt_qty_received`, `tidt_receivedtime`, `tidt_receivedstaff`) VALUES
	(1, 1, 161, 10, 5, '2018-08-21 12:58:32', NULL, 5, '2018-08-21 12:58:32', NULL, 5, '2018-08-21 13:00:34', NULL),
	(2, 1, 161, 20, 20, '2018-08-21 13:02:51', NULL, 20, '2018-08-21 13:02:51', NULL, 20, '2018-08-21 13:09:51', NULL);
/*!40000 ALTER TABLE `d_transferitem_dt` ENABLE KEYS */;

-- Dumping structure for table bisnis_tamma.fp_detail
CREATE TABLE IF NOT EXISTS `fp_detail` (
  `fpd_id` int(11) NOT NULL AUTO_INCREMENT,
  `fpd_fp` int(11) DEFAULT NULL,
  `fpd_det` int(11) DEFAULT NULL,
  `fpd_jawab` text COLLATE utf8_unicode_ci,
  PRIMARY KEY (`fpd_id`)
) ENGINE=InnoDB AUTO_INCREMENT=53 DEFAULT CHARSET=utf8 COLLATE=utf8_unicode_ci;

-- Dumping data for table bisnis_tamma.fp_detail: ~37 rows (approximately)
DELETE FROM `fp_detail`;
/*!40000 ALTER TABLE `fp_detail` DISABLE KEYS */;
INSERT INTO `fp_detail` (`fpd_id`, `fpd_fp`, `fpd_det`, `fpd_jawab`) VALUES
	(1, 1, 1, 'Ya, langsung ke nomor 6'),
	(2, 1, 2, 'Tidak, langsung ke nomor 2'),
	(3, 2, 1, NULL),
	(4, 2, 2, NULL),
	(5, 2, 3, NULL),
	(6, 2, 4, NULL),
	(7, 3, 1, 'Minat/Sikap'),
	(8, 3, 2, 'Pengetahuan '),
	(9, 3, 3, 'Kemampuan atau Keterampilan'),
	(10, 4, 1, 'Bimbingan Atasan'),
	(11, 4, 2, 'Penjelasan Contoh-contoh'),
	(12, 4, 3, 'Diberikan alat bantu kerja'),
	(13, 4, 4, 'Lainnya,sebutkan'),
	(14, 5, 1, 'Ya'),
	(15, 5, 2, 'Tidak'),
	(16, 6, 1, 'Ya'),
	(17, 6, 2, 'Tidak'),
	(18, 7, 1, 'Leadership/Kepemimpinan'),
	(19, 7, 2, 'Management Sumberdaya'),
	(20, 7, 3, 'Keterampilan Bahasa Asing (Inggris)'),
	(21, 7, 4, 'Administrasi dan Kearsipan/ Surat Menyurat'),
	(22, 7, 5, 'Presentation Skill/Keterampilan Presentasi'),
	(33, 7, 6, 'Organizational Skill/Keterampilan Organisasi'),
	(34, 7, 7, 'Customer Service/Pelayanan Konsumen'),
	(35, 7, 8, 'Manager Skill/Keterampilan Manajerial'),
	(36, 7, 9, 'Conflict Management/Manajemen Konflik'),
	(37, 7, 10, 'Management Keuangan'),
	(38, 7, 11, 'Penyusunan Laporan'),
	(39, 7, 12, 'Management Proyek'),
	(40, 7, 13, 'Lainnya,  Sebutkan '),
	(41, 8, 1, 'Classroom (Tatap Muka)'),
	(42, 8, 2, 'E-Learning'),
	(43, 8, 3, 'Outdoor/Outbond'),
	(49, 9, 1, 'Waktu (Sebutkan )'),
	(50, 9, 2, 'Penyelenggara '),
	(51, 9, 3, 'Intern (Sebutkan)'),
	(52, 9, 4, 'Ekstern (Sebutkan)');
/*!40000 ALTER TABLE `fp_detail` ENABLE KEYS */;

-- Dumping structure for table bisnis_tamma.f_pelatihan
CREATE TABLE IF NOT EXISTS `f_pelatihan` (
  `fp_id` int(11) NOT NULL AUTO_INCREMENT,
  `fp_soal` text COLLATE utf8_unicode_ci,
  `fp_insert` timestamp NULL DEFAULT NULL,
  `fp_update` timestamp NULL DEFAULT NULL,
  PRIMARY KEY (`fp_id`)
) ENGINE=InnoDB AUTO_INCREMENT=10 DEFAULT CHARSET=utf8 COLLATE=utf8_unicode_ci;

-- Dumping data for table bisnis_tamma.f_pelatihan: ~9 rows (approximately)
DELETE FROM `f_pelatihan`;
/*!40000 ALTER TABLE `f_pelatihan` DISABLE KEYS */;
INSERT INTO `f_pelatihan` (`fp_id`, `fp_soal`, `fp_insert`, `fp_update`) VALUES
	(1, 'Apakah tugas dan tanggung jawab dapat diselesaikan dengan baik ?', NULL, '2018-09-16 16:56:12'),
	(2, 'Untuk tugas yang mana ? (diuraikan)', NULL, '2018-09-16 16:56:14'),
	(3, 'Apa penyebab utamanya ?', NULL, '2018-09-16 16:56:15'),
	(4, 'Tindakan yang sudah dilakukan ?', NULL, '2018-09-16 16:56:15'),
	(5, 'Apakah tindakan tersebut pada nomor 4 sudah memadai ?', NULL, '2018-09-16 16:56:17'),
	(6, 'Apakah diperlukan pelatihan untuk meningkatkan produktivitas kerja ?', NULL, '2018-09-16 16:56:19'),
	(7, 'Jenis pelatihan Umum apa yang diperlukan agar dapat menunjang produktivitas kerja bapak/Ibu?', NULL, '2018-09-16 16:56:17'),
	(8, 'Metode pelatihan yang di inginkan', NULL, '2018-09-16 16:56:20'),
	(9, 'Pelaksanaan Pelatihan ?', NULL, '2018-09-16 16:56:22');
/*!40000 ALTER TABLE `f_pelatihan` ENABLE KEYS */;

-- Dumping structure for table bisnis_tamma.migrations
CREATE TABLE IF NOT EXISTS `migrations` (
  `id` int(10) unsigned NOT NULL AUTO_INCREMENT,
  `migration` varchar(255) COLLATE utf8mb4_unicode_ci NOT NULL,
  `batch` int(11) NOT NULL,
  PRIMARY KEY (`id`)
) ENGINE=InnoDB DEFAULT CHARSET=utf8mb4 COLLATE=utf8mb4_unicode_ci;

-- Dumping data for table bisnis_tamma.migrations: ~0 rows (approximately)
DELETE FROM `migrations`;
/*!40000 ALTER TABLE `migrations` DISABLE KEYS */;
/*!40000 ALTER TABLE `migrations` ENABLE KEYS */;

-- Dumping structure for table bisnis_tamma.m_customer
CREATE TABLE IF NOT EXISTS `m_customer` (
  `c_id` int(11) NOT NULL AUTO_INCREMENT,
  `c_code` varchar(20) COLLATE utf8_unicode_ci NOT NULL,
  `c_name` varchar(100) COLLATE utf8_unicode_ci NOT NULL,
  `c_birthday` date DEFAULT NULL,
  `c_email` varchar(150) COLLATE utf8_unicode_ci DEFAULT NULL,
  `c_hp1` varchar(15) COLLATE utf8_unicode_ci NOT NULL,
  `c_hp2` varchar(15) COLLATE utf8_unicode_ci NOT NULL,
  `c_region` varchar(50) COLLATE utf8_unicode_ci NOT NULL,
  `c_address` text COLLATE utf8_unicode_ci,
  `c_class` varchar(1) COLLATE utf8_unicode_ci DEFAULT NULL COMMENT 'A | B | C',
  `c_type` varchar(2) COLLATE utf8_unicode_ci DEFAULT NULL COMMENT 'RT: Retail | GR: Grosir',
  `c_insert` timestamp NULL DEFAULT NULL,
  `c_update` timestamp NOT NULL DEFAULT CURRENT_TIMESTAMP ON UPDATE CURRENT_TIMESTAMP,
  PRIMARY KEY (`c_id`),
  UNIQUE KEY `c_code` (`c_code`)
) ENGINE=InnoDB AUTO_INCREMENT=50 DEFAULT CHARSET=utf8 COLLATE=utf8_unicode_ci ROW_FORMAT=DYNAMIC;

-- Dumping data for table bisnis_tamma.m_customer: ~45 rows (approximately)
DELETE FROM `m_customer`;
/*!40000 ALTER TABLE `m_customer` DISABLE KEYS */;
INSERT INTO `m_customer` (`c_id`, `c_code`, `c_name`, `c_birthday`, `c_email`, `c_hp1`, `c_hp2`, `c_region`, `c_address`, `c_class`, `c_type`, `c_insert`, `c_update`) VALUES
	(4, 'CUS-1807/00004', 'Hakim Jakarta', '2018-07-25', 'abdulhakim789012@gmail.com', '+62877-7510-573', '+62', '', 'Kramat Pulogundul RT.02 RW.09 no.10B Tanah Tinggi , Johar Baru - Jakarta pusat', 'A', 'GR', '2018-07-25 08:02:00', '2018-09-27 03:43:49'),
	(5, 'CUS-1807/00005', 'Fitrah Kebab', '2018-07-25', 'fitrahkebab@gmail.com', '+62813-7777-535', '+62', '', 'Jl.Wonosari km.8 sekarsuli no.23 RT 04 RW 45 Sendangtirto Berbah Sleman Yogyakarta', 'A', 'GR', '2018-07-25 08:19:27', '2018-09-27 03:59:41'),
	(6, 'CUS-1807/00006', 'Septi Rahayu', '2018-07-25', 'duddy.zulmansyah@gmail.com', '+620812-2130-61', '+62', '', 'Jl. P Sumatra Raya Blok C4 no.22 Rt 09 / Rw 015 Kel.Arenjaya kec Bekasi Timur Kota Bekasi,Jawa Barat 17111', 'A', 'GR', '2018-07-25 08:20:40', '2018-09-27 03:43:14'),
	(7, 'CUS-1807/00007', 'Indo Kebab', '2018-07-25', 'tammarobah@gmail.com', '+62812-3456-138', '', '', 'Jl.Apel No 22 Sekardangan Indah Sidoarjo', 'A', 'GR', '2018-07-25 08:21:34', '2018-08-03 10:20:59'),
	(8, 'CUS-1807/00008', 'Badrus Bekasi', '2018-07-25', 'badruzzaman.bobsaid@gmail.com', '+620817-0035-41', '+62', '', 'Perum Puri Gading Blok L1/16 Pondok Gede Bekasi', 'A', 'GR', '2018-07-25 08:22:33', '2018-09-27 03:55:44'),
	(9, 'CUS-1807/00009', 'Aisyah Denpasar', '2018-07-25', 'aisyah_anggawie@yahoo.co.id', '+62817-4763-643', '+62', '', 'Jl.Bedahulu XII no.13 Gatot Subroto Denpasar, Bali', 'A', 'GR', '2018-07-25 08:24:52', '2018-09-27 03:59:26'),
	(10, 'CUS-1807/00010', 'Sinta Tabanan', '2018-07-25', 'kas_8@ymail.com', '+620813-3857-41', '+62', '', 'Gudang-Jl. Dr.Ir soekarno kediri, Tabanan (Belakang Hardys Tabanan)', 'A', 'GR', '2018-07-25 08:31:10', '2018-09-27 03:59:54'),
	(11, 'CUS-1807/00011', 'Sulis', '2018-07-25', 'sulis@gmail.com', '+620878-5284-87', '+62', '', 'Perum Berlian Cluster Blok A-27 Desa Bangah Wage Aloha', 'A', 'GR', '2018-07-25 08:32:21', '2018-09-28 04:01:09'),
	(12, 'CUS-1807/00012', 'Samsul Tangerang', '2018-07-25', 'samsul@gmail.com', '0896-7222-3104', '', '', 'Jl.Ketapang sawah dalam RT.08 RW.05 no.15 Kec.Cipondoh Kel.Ketapang - Tangerang', NULL, 'on', '2018-07-25 08:33:19', '2018-07-25 08:33:19'),
	(13, 'CUS-1807/00013', 'Rizal Depok', '2018-07-25', 'rizalazhari64@gmail.com', '+620815-8546-26', '+62', '', 'Jl.Lembah Indah Krukut RT.01/02 Kel.Krukut Kec.Limo Kota Depok - Jawa barat', 'A', 'GR', '2018-07-25 08:34:02', '2018-09-28 04:13:15'),
	(14, 'CUS-1807/00014', 'Amir Indo Sosis', '2018-07-25', 'amirfauzi1978@gmail.com', '0851-0003-4944', '', '', 'Jl.Merpati no.1 Monang Maning, Denpasar', NULL, 'on', '2018-07-25 08:35:40', '2018-07-25 08:35:40'),
	(15, 'CUS-1807/00015', 'Ilham Pulungan', '2018-07-25', 'ilham@gmail.com', '0813-7056-2225', '', '', 'Jl. Letda Sujono gg. Abadi No 3 Medan', NULL, 'on', '2018-07-25 08:36:59', '2018-07-25 08:36:59'),
	(16, 'CUS-1807/00016', 'Abdullah Mataram', '2018-07-25', 'abdullah@gmail.com', '0819-1538-5511/', '', '', 'Jl.Yos Sudarso No.35 Depan Taman Sukaraja Ampenan Lombok', NULL, 'on', '2018-07-25 08:38:11', '2018-07-25 08:40:03'),
	(17, 'CUS-1807/00017', 'Saleh Alkaf', '2018-07-25', 'lebanesekkebab@yahoo.co.id', '0819-0742-0168', '', '', 'Jl. Niaga I No.40 Ampenan Lombok', NULL, 'on', '2018-07-25 08:39:00', '2018-07-25 08:40:29'),
	(18, 'CUS-1807/00018', 'Rulli Widiastuti/ Fondi', '2018-07-25', 'fondi44@gmail.com', '0877-7928-5561/', '', '', 'Ciliwung Raya No.120 Adiarsa, Karawang', NULL, 'on', '2018-07-25 08:39:43', '2018-07-25 08:40:53'),
	(19, 'CUS-1807/00019', 'Arum Semarang', '2018-07-25', 'arum@gmail.com', '0812-2802-896/ ', '', '', 'Payung Asri Regency kav.15A ,Banyumanik - Semarang', NULL, 'on', '2018-07-25 08:42:45', '2018-07-25 08:42:45'),
	(20, 'CUS-1807/00020', 'Novi Bekasi', '2018-07-25', 'nochiladesaign@gmail.com', '0878-2191-6135/', '', '', 'Jl.Poris Raya No.59 Jatirahayu Pondok Melati Bekasi', NULL, 'on', '2018-07-25 08:43:37', '2018-07-25 08:43:37'),
	(21, 'CUS-1807/00021', 'Ricky Jogjakarta', '2018-07-25', 'fang20587@yahoo.com', '0817-4603-78/ 0', '', '', 'Minggiran mj 2/1106 A Yogyakarta RT.53 RW.15 Suryodiningratan Kec.Mantrijeron Jogja', NULL, 'on', '2018-07-25 08:44:51', '2018-07-25 08:45:35'),
	(22, 'CUS-1807/00022', 'Yogi Blitar', '2018-07-25', 'yogi@gmail.com', '+620821-2195-79', '+62', '', 'Jl Sedap Malam Kav.11-Ruko Timur Pasar Templek Blitar', 'A', 'GR', '2018-07-25 08:46:38', '2018-09-28 03:17:16'),
	(23, 'CUS-1807/00023', 'Rozy Yogjakarta', '2018-07-25', 'kontakrozi@gmail.com', '0818-0273-1273', '', '', 'Jl.Lempongsari gang sepat no.32 B Sariharjo, Ngaglik-Sleman Yogyakarta', NULL, 'on', '2018-07-25 08:48:00', '2018-07-25 08:48:27'),
	(24, 'CUS-1807/00024', 'Daniel Makassar', '2018-07-25', 'syenny.gosal@gmail.com', '0813-5533-3733', '', '', 'Jl.Bulukunyi No.8/12 Toko Dunia Ilmu Makasar Sulsel', NULL, 'on', '2018-07-25 08:49:23', '2018-07-25 08:49:40'),
	(25, 'CUS-1807/00025', 'Rudi', '2018-07-25', 'rudi@gail.com', '0812-3337-8095', '', '', 'Kampung Cina Dobo Kepulauan Arum Maluku Tenggara', NULL, 'on', '2018-07-25 08:54:56', '2018-07-25 08:54:56'),
	(26, 'CUS-1807/00026', 'Aji Prasetyo', '2018-07-25', 'aji@gmail.com', '0811-9579-907', '', '', 'Jl.A.Yani km 5,9 Komplek Bunyamin Permai 2 Ray 5 No.7 Banjarmasin', NULL, 'on', '2018-07-25 08:56:23', '2018-07-25 08:58:35'),
	(27, 'CUS-1807/00027', 'Sigit Banjarmasin', '2018-07-25', 'sigit@gmail.com', '0813-4833-2008', '', '', 'Jl.Kampung Melayu Darat Samping gg Kenari Raya (Kedai Yasmin) Banjarmasin', NULL, 'on', '2018-07-25 08:57:29', '2018-07-25 08:57:29'),
	(28, 'CUS-1807/00028', 'Haikal Yazid', '2018-07-25', 'yazidalwi16@gmail.com', '0812-3720-1000', '', '', 'Jl Lombok no 16 Bima', NULL, 'on', '2018-07-25 08:58:15', '2018-07-25 08:59:21'),
	(29, 'CUS0718/C001/0029', 'mahmud', NULL, NULL, '+62', '', '', NULL, 'B', 'RT', '2018-07-26 18:07:38', '2018-07-26 18:07:38'),
	(30, 'CUS0718/C001/0030', 'mahmud', NULL, NULL, '+6285730534597', '', '', NULL, 'B', 'RT', '2018-07-26 18:08:22', '2018-07-26 18:08:22'),
	(31, 'CUS0718/C001/0031', 'Joko Surabaya', NULL, NULL, '+62', '', '', NULL, 'C', 'RT', '2018-07-27 04:23:21', '2018-07-27 04:23:21'),
	(32, 'CUS0818/C001/32', 'Iin', '1970-01-01', 'wynnisumaryani@gmail.com', '+628123752356', '', '', 'Jl. Catur Warga No.16 Mataram Lombok', 'A', 'GR', '2018-08-16 02:47:33', '2018-08-16 02:47:33'),
	(33, 'CUS0818/C001/33', 'Isat Riyadi', '1970-01-01', 'yecollege@yahoo.co.id', '+6281907768261', '', '', 'BTN Pearl Garden A31 Jl.Swakarsa Kekalek Gerisak Mataram', 'A', 'GR', '2018-08-16 02:49:26', '2018-08-16 02:49:26'),
	(35, 'CUS0818/C001/35', 'Kicky', '1970-01-01', 'kicky.afp@gmail.com', '+6287865122135', '', '', 'Jl.Airlangga Gang Arqom 3 No.8B Punia Perluasan Karang kateng - Mataram', 'A', 'GR', '2018-08-16 03:32:45', '2018-08-16 03:32:45'),
	(36, 'CUS0818/C001/36', 'Ony Hary Nugroho', '1970-01-01', 'onyharyn@gmail.com', '+6281931307081', '', '', 'RM.Dirgahayu Jl.Cilinaya No 10 Karang Jangkong - Mataram NTB', 'A', 'GR', '2018-08-16 03:48:01', '2018-08-16 03:48:01'),
	(37, 'CUS0818/C001/37', 'Hamzah', '1970-01-01', NULL, '+6285737373282;', '', '', 'Jl.Brawijaya No.103 seganteng (depan SMP 14), Cakranegara Lombok', 'A', 'GR', '2018-08-16 03:49:26', '2018-08-16 03:49:26'),
	(38, 'CUS0818/C001/38', 'Ferry', NULL, 'romualnofery@gmail.com', '+6281917372787;', '', '', 'Jl.Pejanggik 49A Pajang Barat, Mataram', 'A', 'GR', '2018-08-16 03:52:27', '2018-08-16 03:52:27'),
	(39, 'CUS0818/C001/39', 'Adi Suwandana', NULL, NULL, '+6285205458108', '', '', 'Kumbung Desa Kumbang Kec.Masbagik Kota Selong Kab.Lombok Timur', 'A', 'GR', '2018-08-16 03:53:45', '2018-08-16 03:53:45'),
	(40, 'CUS0818/C001/40', 'Mahinun', NULL, NULL, '+6285253323121;', '', '', 'Dusun Bajur Desa Monggas Kec Kopang Kab. Lombok Tengah NTB', 'A', 'GR', '2018-08-16 04:11:20', '2018-08-16 04:11:20'),
	(41, 'CUS0818/C001/41', 'Hadi Idrus', NULL, 'khayyarah08@gmail.com', '+62818224705; 0', '', '', 'Jl.Saleh Sungkar gg Antareja No.6 Ampenan Lombok', 'A', 'GR', '2018-08-16 04:17:29', '2018-08-16 04:17:29'),
	(42, 'CUS0818/C001/42', 'Dewi Widiastuti', NULL, 'catering_dewi@yahoo.co.id', '+6287865976218', '', '', 'Jl.BTN Seganteng Blok A99 Mataram', 'A', 'GR', '2018-08-16 04:18:59', '2018-08-16 04:18:59'),
	(43, 'CUS0818/C001/43', 'Godol', NULL, 'juniudin20@gmail.com', '+6281236231100;', '', '', 'BTN RSS Lendang Bedurik RT.019 Kel.Sekarteja Kec.Selong Kab.Lotim 83612 NTB', 'A', 'GR', '2018-08-16 04:20:17', '2018-08-16 04:20:17'),
	(44, 'CUS0818/C001/0044', 'Rizki', '0000-00-00', 'alamrayateam@gmail.com', '+6285730534597', '', '', NULL, 'C', 'RT', '2018-08-16 06:17:07', '2018-08-16 06:17:07'),
	(45, 'CUS0818/C001/0045', 'Nay', '0000-00-00', 'Nayinsaniyah@gmail.com', '+6285730534597', '', '', 'jl. randu no. 74', 'C', 'RT', '2018-08-21 10:03:04', '2018-08-21 03:03:04'),
	(46, 'CUS0918/C001/0046', 'Yuli Kapas Baru', NULL, NULL, '+62', '+62', 'Surabaya', NULL, 'A', 'RT', '2018-09-17 17:00:19', '2018-09-17 10:00:19'),
	(47, 'CUS0918/C001/0047', 'Listiono', NULL, NULL, '+62081317863007', '+62', 'Surabaya', 'Lebak Rejo Utara 4 no.46', 'C', 'RT', '2018-09-18 14:17:34', '2018-09-18 07:17:34'),
	(48, 'CUS0918/C001/0048', 'Listiono', NULL, NULL, '+6281317863007', '+62', 'Surabaya', 'Lebak Rejo Utara 4 no.46', 'C', 'RT', '2018-09-27 15:24:06', '2018-09-27 08:24:06'),
	(49, 'CUS0918/C001/0049', 'Rahmat Santoso', NULL, NULL, '+6281335649496', '+628113113355', 'Madura', 'Jl. Raya Arjasa Kangean Sumenep Madura', 'C', 'GR', '2018-09-27 15:54:29', '2018-09-27 08:54:29');
/*!40000 ALTER TABLE `m_customer` ENABLE KEYS */;

-- Dumping structure for table bisnis_tamma.m_divisi
CREATE TABLE IF NOT EXISTS `m_divisi` (
  `c_id` int(10) unsigned NOT NULL,
  `c_divisi` varchar(100) COLLATE utf8mb4_unicode_ci NOT NULL,
  `c_divisi_akronim` varchar(3) COLLATE utf8mb4_unicode_ci NOT NULL,
  `created_at` timestamp NULL DEFAULT NULL,
  `updated_at` timestamp NULL DEFAULT NULL,
  PRIMARY KEY (`c_id`)
) ENGINE=InnoDB DEFAULT CHARSET=utf8mb4 COLLATE=utf8mb4_unicode_ci;

-- Dumping data for table bisnis_tamma.m_divisi: ~8 rows (approximately)
DELETE FROM `m_divisi`;
/*!40000 ALTER TABLE `m_divisi` DISABLE KEYS */;
INSERT INTO `m_divisi` (`c_id`, `c_divisi`, `c_divisi_akronim`, `created_at`, `updated_at`) VALUES
	(1, 'HRD dan General Affair', 'HRD', '2018-07-26 10:12:23', '2018-07-26 10:12:23'),
	(2, 'Keuangan dan Akuntansi', 'ACC', '2018-07-26 10:12:23', '2018-07-26 10:12:23'),
	(3, 'Sales dan Marketing', 'MKT', '2018-07-26 10:12:23', '2018-07-26 10:12:23'),
	(4, 'Produksi', 'PRO', '2018-07-26 10:12:23', '2018-07-26 10:12:23'),
	(5, 'Gudang dan Pengiriman', 'INV', '2018-07-26 10:12:23', '2018-07-26 10:12:23'),
	(22, 'Kebab Sohib', 'SHB', '2018-07-26 10:12:23', '2018-07-26 10:12:23'),
	(42, 'Operator', 'OPR', '2018-07-26 10:12:23', '2018-07-26 10:12:23'),
	(111, 'General Manager', 'GM', '2018-07-26 10:12:23', '2018-07-26 10:12:23');
/*!40000 ALTER TABLE `m_divisi` ENABLE KEYS */;

-- Dumping structure for table bisnis_tamma.m_gaji_man
CREATE TABLE IF NOT EXISTS `m_gaji_man` (
  `c_id` int(10) unsigned NOT NULL AUTO_INCREMENT,
  `nm_gaji` varchar(100) COLLATE utf8mb4_unicode_ci NOT NULL,
  `c_sd` decimal(10,2) NOT NULL,
  `c_smp` decimal(10,2) NOT NULL,
  `c_sma` decimal(10,2) NOT NULL,
  `c_smk` decimal(10,2) NOT NULL,
  `c_d1` decimal(10,2) NOT NULL,
  `c_d2` decimal(10,2) NOT NULL,
  `c_d3` decimal(10,2) NOT NULL,
  `c_s1` decimal(10,2) NOT NULL,
  `c_jabatan` int(11) NOT NULL,
  `created_at` timestamp NULL DEFAULT NULL,
  `updated_at` timestamp NULL DEFAULT NULL,
  PRIMARY KEY (`c_id`)
) ENGINE=InnoDB AUTO_INCREMENT=2 DEFAULT CHARSET=utf8mb4 COLLATE=utf8mb4_unicode_ci;

-- Dumping data for table bisnis_tamma.m_gaji_man: ~1 rows (approximately)
DELETE FROM `m_gaji_man`;
/*!40000 ALTER TABLE `m_gaji_man` DISABLE KEYS */;
INSERT INTO `m_gaji_man` (`c_id`, `nm_gaji`, `c_sd`, `c_smp`, `c_sma`, `c_smk`, `c_d1`, `c_d2`, `c_d3`, `c_s1`, `c_jabatan`, `created_at`, `updated_at`) VALUES
	(1, 'Gaji Pokok', 520000.00, 780000.00, 1040000.00, 1040000.00, 1170000.00, 1300000.00, 1430000.00, 1560000.00, 3, '2018-07-26 10:12:23', '2018-08-03 07:57:59');
/*!40000 ALTER TABLE `m_gaji_man` ENABLE KEYS */;

-- Dumping structure for table bisnis_tamma.m_gaji_pro
CREATE TABLE IF NOT EXISTS `m_gaji_pro` (
  `c_id` int(10) unsigned NOT NULL AUTO_INCREMENT,
  `nm_gaji` varchar(255) COLLATE utf8mb4_unicode_ci NOT NULL,
  `c_gaji` varchar(255) COLLATE utf8mb4_unicode_ci NOT NULL,
  `c_lembur` varchar(255) COLLATE utf8mb4_unicode_ci NOT NULL,
  `created_at` timestamp NULL DEFAULT NULL,
  `updated_at` timestamp NULL DEFAULT NULL,
  PRIMARY KEY (`c_id`)
) ENGINE=InnoDB AUTO_INCREMENT=2 DEFAULT CHARSET=utf8mb4 COLLATE=utf8mb4_unicode_ci;

-- Dumping data for table bisnis_tamma.m_gaji_pro: ~0 rows (approximately)
DELETE FROM `m_gaji_pro`;
/*!40000 ALTER TABLE `m_gaji_pro` DISABLE KEYS */;
INSERT INTO `m_gaji_pro` (`c_id`, `nm_gaji`, `c_gaji`, `c_lembur`, `created_at`, `updated_at`) VALUES
	(1, 'Kebab besar', '520000', '780000', '2018-07-26 10:12:23', '2018-07-26 10:12:23');
/*!40000 ALTER TABLE `m_gaji_pro` ENABLE KEYS */;

-- Dumping structure for table bisnis_tamma.m_group
CREATE TABLE IF NOT EXISTS `m_group` (
  `m_gid` int(11) NOT NULL AUTO_INCREMENT,
  `m_gcode` varchar(50) DEFAULT NULL,
  `m_gname` varchar(255) DEFAULT NULL,
  `m_akun_persediaan` varchar(50) DEFAULT NULL,
  `m_gcreate` timestamp NULL DEFAULT CURRENT_TIMESTAMP,
  `m_gupdate` timestamp NULL DEFAULT NULL,
  PRIMARY KEY (`m_gid`),
  UNIQUE KEY `m_gcode` (`m_gcode`)
) ENGINE=InnoDB AUTO_INCREMENT=14 DEFAULT CHARSET=latin1;

-- Dumping data for table bisnis_tamma.m_group: ~13 rows (approximately)
DELETE FROM `m_group`;
/*!40000 ALTER TABLE `m_group` DISABLE KEYS */;
INSERT INTO `m_group` (`m_gid`, `m_gcode`, `m_gname`, `m_akun_persediaan`, `m_gcreate`, `m_gupdate`) VALUES
	(1, '000', 'BAHAN BAKU PRODUK', NULL, '2018-06-07 08:11:37', '2018-06-07 01:18:04'),
	(2, '003', 'BAHAN PEMBUNGKUS', NULL, '2018-06-07 08:11:37', '2018-06-07 01:18:04'),
	(3, '004', 'ROTI', NULL, '2018-07-03 13:23:36', NULL),
	(4, '005', 'KULIT KEBAB', NULL, '2018-07-03 13:26:09', NULL),
	(5, '006', 'DAGING', NULL, '2018-07-03 13:28:09', NULL),
	(6, '008', 'PRODUK CAIR', NULL, '2018-07-03 13:28:43', NULL),
	(7, '009', 'BAHAN BAKU BENGKEL', NULL, '2018-07-03 13:29:05', NULL),
	(8, '011', 'BARANG DAGANGAN', NULL, '2018-07-03 13:29:43', NULL),
	(9, '012', 'ONGKOS KIRIM', NULL, '2018-07-03 13:30:08', NULL),
	(10, '013', 'MINUMAN', NULL, '2018-07-03 13:30:30', NULL),
	(11, '014', 'MAKANAN FROZEN', NULL, '2018-07-03 13:31:01', NULL),
	(12, '015', 'PAJAK 10%', NULL, '2018-07-03 13:31:20', NULL),
	(13, '016', 'BARANG LAIN-LAIN', NULL, '2018-08-14 03:25:13', NULL);
/*!40000 ALTER TABLE `m_group` ENABLE KEYS */;

-- Dumping structure for table bisnis_tamma.m_item
CREATE TABLE IF NOT EXISTS `m_item` (
  `i_id` int(11) NOT NULL AUTO_INCREMENT,
  `i_code` varchar(12) NOT NULL,
  `i_type` varchar(5) DEFAULT NULL COMMENT 'BB: Bahan Baku | BP: Barang Produksi | BJ: Barang Jualan',
  `i_code_group` varchar(20) DEFAULT NULL,
  `i_name` varchar(50) DEFAULT NULL,
  `i_sat1` varchar(10) DEFAULT NULL,
  `i_sat2` varchar(10) DEFAULT NULL,
  `i_sat3` varchar(10) DEFAULT NULL,
  `i_sat_isi1` decimal(10,2) DEFAULT NULL,
  `i_sat_isi2` decimal(10,2) DEFAULT NULL,
  `i_sat_isi3` decimal(10,2) DEFAULT NULL,
  `i_det` varchar(150) DEFAULT NULL COMMENT 'DETAIL',
  `i_isactive` varchar(5) DEFAULT 'TRUE',
  `i_insert` timestamp NULL DEFAULT CURRENT_TIMESTAMP,
  `i_update` timestamp NULL DEFAULT NULL,
  PRIMARY KEY (`i_id`),
  UNIQUE KEY `i_kode` (`i_code`)
) ENGINE=InnoDB AUTO_INCREMENT=672 DEFAULT CHARSET=latin1;

-- Dumping data for table bisnis_tamma.m_item: ~656 rows (approximately)
DELETE FROM `m_item`;
/*!40000 ALTER TABLE `m_item` DISABLE KEYS */;
INSERT INTO `m_item` (`i_id`, `i_code`, `i_type`, `i_code_group`, `i_name`, `i_sat1`, `i_sat2`, `i_sat3`, `i_sat_isi1`, `i_sat_isi2`, `i_sat_isi3`, `i_det`, `i_isactive`, `i_insert`, `i_update`) VALUES
	(1, '000000000001', 'BB', '000', 'Carfosel', '3', '3', '3', 1.00, 1.00, 1.00, NULL, 'TRUE', '2018-06-05 02:46:46', '2018-07-24 03:04:45'),
	(2, '000000000002', 'BB', '000', 'Cold Storage 3m x 2m', '2', '2', '2', 1.00, 1.00, 1.00, NULL, 'TRUE', '2018-06-05 02:46:46', NULL),
	(3, '000000000003', 'BB', '000', 'TP', '3', '3', '8', 1.00, 1000.00, 1000.00, NULL, 'TRUE', '2018-06-05 02:46:46', '2018-09-29 03:13:39'),
	(4, '000000000004', 'BB', '000', 'Strawberry', '1', '3', '3', 1.00, 1.00, 1.00, NULL, 'TRUE', '2018-06-05 02:46:46', NULL),
	(5, '000000000005', 'BB', '000', 'Bubuk Cabe', '6', '3', '3', 1.00, 1.00, 1.00, NULL, 'TRUE', '2018-06-05 02:46:46', NULL),
	(6, '000000000006', 'BB', '000', 'Coklat Cacao Bendico XD Xtra Dark 5 kg', '3', '3', '1', 1.00, 1.00, 1.00, NULL, 'TRUE', '2018-06-05 02:46:46', NULL),
	(7, '000000000007', 'BB', '000', 'Air', '13', '7', '7', 1.00, 1000.00, 1000.00, NULL, 'TRUE', '2018-06-05 02:46:46', '2018-08-11 03:09:42'),
	(8, '000000000008', 'BB', '000', 'Tepung Cakra', '3', '3', '3', 1.00, 1.00, 1.00, NULL, 'TRUE', '2018-06-05 02:46:46', NULL),
	(9, '000000000009', 'BB', '000', 'Cabe', '8', '3', '3', 1.00, 1.00, 1.00, NULL, 'TRUE', '2018-06-05 02:46:46', '2018-08-14 06:17:28'),
	(10, '000000000010', 'BB', '000', 'jagung', '4', '9', '3', 1.00, 1.00, 1.00, NULL, 'TRUE', '2018-06-05 02:46:46', NULL),
	(11, '000000000011', 'BB', '000', 'Beras', '3', '3', '3', 1.00, 1.00, 1.00, NULL, 'TRUE', '2018-06-05 02:46:46', NULL),
	(12, '000000000012', 'BB', '000', 'tabung+ isi', '4', '4', '4', 1.00, 1.00, 1.00, NULL, 'TRUE', '2018-06-05 02:46:46', NULL),
	(13, '000000000013', 'BB', '000', 'Bayam', '14', '8', '1', 1.00, 1.00, 1.00, NULL, 'TRUE', '2018-06-05 02:46:46', '2018-08-11 06:48:41'),
	(14, '000000000014', 'BB', '000', 'racikan burger', '3', '3', '3', 1.00, 1.00, 1.00, NULL, 'TRUE', '2018-06-05 02:46:46', NULL),
	(15, '000000000015', 'BB', '000', 'racikan pita', '3', '3', '3', 1.00, 1.00, 1.00, NULL, 'TRUE', '2018-06-05 02:46:46', NULL),
	(16, '000000000016', 'BB', '000', 'Tepung jagung', '1', '8', '3', 1.00, 1.00, 1.00, NULL, 'TRUE', '2018-06-05 02:46:46', NULL),
	(17, '000000000017', 'BB', '000', 'Empok Jagung ', '3', '3', '3', 1.00, 1.00, 1.00, NULL, 'TRUE', '2018-06-05 02:46:46', NULL),
	(18, '000000000018', 'BB', '000', 'STTP( PENGENYAL)', '3', '3', '3', 1.00, 1.00, 1.00, NULL, 'TRUE', '2018-06-05 02:46:46', NULL),
	(19, '000000000019', 'BB', '000', 'KENOR', '3', '3', '3', 1.00, 1.00, 1.00, NULL, 'TRUE', '2018-06-05 02:46:46', NULL),
	(20, '000000000020', 'BB', '000', 'klem selang', '4', '4', '4', 1.00, 1.00, 1.00, NULL, 'TRUE', '2018-06-05 02:46:46', NULL),
	(21, '000000000021', 'BB', '000', 'MAYO PROCHIZ', '7', '7', '7', 1.00, 1.00, 1.00, NULL, 'TRUE', '2018-06-05 02:46:46', NULL),
	(22, '000000000022', 'BB', '000', 'Origano', '9', '9', '9', 1.00, 1.00, 1.00, NULL, 'TRUE', '2018-06-05 02:46:46', NULL),
	(23, '000000000023', 'BB', '000', 'Ampok', '3', '3', '3', 1.00, 1.00, 1.00, NULL, 'TRUE', '2018-06-05 02:46:46', NULL),
	(24, '000000000024', 'BB', '000', 'Palmia', '3', '3', '3', 1.00, 1.00, 1.00, NULL, 'TRUE', '2018-06-05 02:46:46', NULL),
	(25, '000000000025', 'BB', '000', 'Amanda', '3', '3', '3', 1.00, 1.00, 1.00, NULL, 'TRUE', '2018-06-05 02:46:46', NULL),
	(26, '000000000026', 'BB', '000', 'Duren', '3', '3', '3', 1.00, 1.00, 1.00, NULL, 'TRUE', '2018-06-05 02:46:46', NULL),
	(27, '000000000027', 'BB', '000', 'Essen Durian', '6', '6', '6', 1.00, 1.00, 1.00, NULL, 'TRUE', '2018-06-05 02:46:46', NULL),
	(28, '000000000028', 'BB', '000', 'KNOR', '3', '3', '3', 1.00, 1.00, 1.00, NULL, 'TRUE', '2018-06-05 02:46:46', NULL),
	(29, '000000000029', 'BB', '000', 'Tortilla Besar Ungu ', '1', '1', '1', 1.00, 1.00, 1.00, NULL, 'TRUE', '2018-06-05 02:46:46', NULL),
	(30, '000000000030', 'BB', '000', 'Bubuk lada putih', '6', '6', '6', 1.00, 1.00, 1.00, NULL, 'TRUE', '2018-06-05 02:46:46', NULL),
	(31, '000000000031', 'BB', '000', 'Daging Ayam 2kg Sahara', '1', '1', '1', 1.00, 1.00, 1.00, NULL, 'TRUE', '2018-06-05 02:46:46', NULL),
	(32, '000000000032', 'BB', '000', 'Loyang Kecil', '2', '2', '2', 1.00, 1.00, 1.00, NULL, 'TRUE', '2018-06-05 02:46:46', NULL),
	(33, '000000000033', 'BB', '000', 'Jirigen ', '7', '7', '7', 1.00, 1.00, 1.00, NULL, 'TRUE', '2018-06-05 02:46:46', NULL),
	(34, '000000000034', 'BB', '000', 'Pewarna Biru', '7', '7', '7', 1.00, 1.00, 1.00, NULL, 'TRUE', '2018-06-05 02:46:46', NULL),
	(35, '000000000035', 'BB', '000', 'Daging Kebab Sahara 2kg Reguler Tiang', '1', '1', '1', 1.00, 1.00, 1.00, NULL, 'FALSE', '2018-06-05 02:46:46', '2018-07-25 04:56:23'),
	(36, '000000000036', 'BB', '000', 'Tepung mokaf', '3', '3', '3', 1.00, 1.00, 1.00, NULL, 'TRUE', '2018-06-05 02:46:46', NULL),
	(37, '000000000037', 'BJ', '011', 'lap kuning kebab shoib', '1', '1', '1', 1.00, 1.00, 1.00, NULL, 'TRUE', '2018-06-05 02:46:46', NULL),
	(38, '000000000038', 'BB', '000', 'Tepung Kanji', '3', '3', '3', 1.00, 1.00, 1.00, NULL, 'TRUE', '2018-06-05 02:46:46', NULL),
	(39, '000000000039', 'BB', '000', 'mny 18 ltr', '7', '7', '7', 1.00, 1.00, 1.00, NULL, 'TRUE', '2018-06-05 02:46:46', NULL),
	(40, '000000000040', 'BB', '000', 'Daging Kebab Sapi 0', '1', '1', '1', 0.00, 1.00, 1.00, NULL, 'FALSE', '2018-06-05 02:46:46', '2018-07-24 08:29:36'),
	(41, '000000000041', 'BB', '000', 'Daging Kebab Sapi 1 kg tnp tiang', '1', '1', '1', 1.00, 1.00, 1.00, NULL, 'FALSE', '2018-06-05 02:46:46', '2018-07-24 08:30:04'),
	(42, '000000000042', 'BB', '000', 'Daging Kebab Sapi 2 kg tnp tiang', '1', '1', '1', 1.00, 1.00, 1.00, NULL, 'FALSE', '2018-06-05 02:46:46', '2018-07-24 08:34:06'),
	(43, '000000001', 'BB', '000', 'BB', '4', '4', '4', 1.00, 1.00, 1.00, NULL, 'TRUE', '2018-06-05 02:46:46', NULL),
	(44, '000000002', 'BB', '000', 'Bawang Merah', '3', '3', '3', 1.00, 1.00, 1.00, NULL, 'TRUE', '2018-06-05 02:46:46', NULL),
	(45, '000000003', 'BB', '000', 'Bawang Putih', '8', '9', '1', 1.00, 1.00, 1.00, NULL, 'TRUE', '2018-06-05 02:46:46', NULL),
	(46, '000000004', 'BB', '000', 'By', '3', '1', '1', 1.00, 1.00, 1.00, NULL, 'TRUE', '2018-06-05 02:46:46', NULL),
	(47, '000000005', 'BB', '000', 'Cs', '4', '4', '4', 1.00, 1.00, 1.00, NULL, 'TRUE', '2018-06-05 02:46:46', NULL),
	(48, '000000006', 'BB', '000', 'Gr', '8', '3', '3', 1.00, 1.00, 1.00, NULL, 'TRUE', '2018-06-05 02:46:46', '2018-08-11 05:08:45'),
	(49, '000000007', 'BB', '000', 'Gl', '8', '3', '3', 1.00, 1000.00, 1000.00, NULL, 'TRUE', '2018-06-05 02:46:46', '2018-07-27 03:31:22'),
	(50, '000000008', 'BB', '000', 'JH', '3', '3', '3', 1.00, 1.00, 1.00, NULL, 'TRUE', '2018-06-05 02:46:46', NULL),
	(51, '000000009', 'BB', '000', 'TK', '3', '1', '1', 1.00, 1.00, 1.00, NULL, 'TRUE', '2018-06-05 02:46:46', NULL),
	(52, '000000010', 'BB', '000', 'Lemak', '4', '4', '4', 1.00, 1.00, 1.00, NULL, 'TRUE', '2018-06-05 02:46:46', NULL),
	(53, '000000011', 'BB', '000', 'Tepung Maezena', '3', '3', '3', 1.00, 1.00, 1.00, NULL, 'TRUE', '2018-06-05 02:46:46', NULL),
	(54, '000000014', 'BB', '000', 'Mny', '13', '7', '7', 1.00, 1.00, 1.00, NULL, 'TRUE', '2018-06-05 02:46:46', '2018-08-11 04:34:27'),
	(55, '000000015', 'BB', '000', 'Mt', '3', '3', '3', 1.00, 1.00, 1.00, NULL, 'TRUE', '2018-06-05 02:46:46', NULL),
	(56, '000000018', 'BB', '003', 'Plastik Bungkus Mayonaisse', '10', '10', '10', 1.00, 1.00, 1.00, NULL, 'TRUE', '2018-06-05 02:46:46', NULL),
	(57, '000000019', 'BB', '003', 'Plastik Bungkus TB', '10', '1', '1', 1.00, 1.00, 1.00, NULL, 'TRUE', '2018-06-05 02:46:46', NULL),
	(58, '000000020', 'BB', '003', 'Plastik Bungkus TC', '10', '1', '1', 1.00, 1.00, 1.00, NULL, 'TRUE', '2018-06-05 02:46:46', NULL),
	(59, '000000021', 'BB', '003', 'Plastik Bungkus TM', '10', '1', '1', 1.00, 1.00, 1.00, NULL, 'TRUE', '2018-06-05 02:46:46', NULL),
	(60, '000000022', 'BB', '003', 'Plastik Bungkus TS', '10', '1', '1', 1.00, 1.00, 1.00, NULL, 'TRUE', '2018-06-05 02:46:46', NULL),
	(61, '000000023', 'BB', '003', 'Kresek Jumbo', '1', '1', '1', 1.00, 1.00, 1.00, NULL, 'TRUE', '2018-06-05 02:46:46', NULL),
	(62, '000000024', 'BB', '003', 'Kresek Tanggung', '1', '1', '1', 1.00, 1.00, 1.00, NULL, 'TRUE', '2018-06-05 02:46:46', NULL),
	(63, '000000025', 'BB', '003', 'Plastik Pembatas TB', '1', '1', '1', 1.00, 0.00, 0.00, NULL, 'TRUE', '2018-06-05 02:46:46', NULL),
	(64, '000000026', 'BB', '000', 'Ry', '4', '1', '1', 1.00, 1.00, 1.00, NULL, 'TRUE', '2018-06-05 02:46:46', NULL),
	(65, '000000027', 'BB', '000', 'Sp', '3', '3', '3', 1.00, 1.00, 1.00, NULL, 'TRUE', '2018-06-05 02:46:46', NULL),
	(66, '000000028', 'BB', '000', 'Tl', '3', '1', '1', 1.00, 1.00, 1.00, NULL, 'TRUE', '2018-06-05 02:46:46', NULL),
	(67, '000000029', 'BB', '000', 'TS', '3', '1', '1', 1.00, 1.00, 1.00, NULL, 'TRUE', '2018-06-05 02:46:46', NULL),
	(68, '000000030', 'BB', '000', 'TC', '3', '1', '1', 1.00, 1.00, 1.00, NULL, 'TRUE', '2018-06-05 02:46:46', NULL),
	(69, '000000031', 'BB', '000', 'Wj', '8', '3', '3', 1.00, 1.00, 1.00, NULL, 'TRUE', '2018-06-05 02:46:46', NULL),
	(70, '000000032', 'BB', '000', 'Bumbu K', '8', '9', '3', 1.00, 1.00, 1.00, NULL, 'TRUE', '2018-06-05 02:46:46', NULL),
	(71, '000000033', 'BB', '000', 'Bumbu P', '8', '9', '3', 1.00, 100.00, 1000.00, NULL, 'TRUE', '2018-06-05 02:46:46', '2018-07-09 09:39:15'),
	(72, '000000034', 'BB', '000', 'LPG', '2', '2', '2', 1.00, 1.00, 1.00, NULL, 'TRUE', '2018-06-05 02:46:46', NULL),
	(73, '000000035', 'BB', '003', 'Plastik Pembatas TS', '10', '1', '1', 1.00, 336.00, 336.00, NULL, 'TRUE', '2018-06-05 02:46:46', '2018-08-23 02:26:04'),
	(74, '000000036', 'BB', '003', 'Plastik Pembatas TM', '1', '1', '1', 1.00, 0.00, 0.00, NULL, 'TRUE', '2018-06-05 02:46:46', NULL),
	(75, '000000037', 'BB', '003', 'Plastik Pembatas TJ', '1', '1', '1', 1.00, 0.00, 0.00, NULL, 'TRUE', '2018-06-05 02:46:46', NULL),
	(76, '000000038', 'BB', '003', 'Plastik Burger Besar', '10', '1', '1', 1.00, 1.00, 1.00, NULL, 'TRUE', '2018-06-05 02:46:46', NULL),
	(77, '000000039', 'BB', '003', 'Plastik Burger Kecil', '10', '1', '1', 1.00, 1.00, 1.00, NULL, 'TRUE', '2018-06-05 02:46:46', NULL),
	(78, '000000040', 'BB', '000', 'SK (48 kaleng kecil', '5', '5', '5', 0.00, 1.00, 1.00, NULL, 'TRUE', '2018-06-05 02:46:46', NULL),
	(79, '000000041', 'BB', '003', 'Plastik Pres besar', '1', '1', '1', 1.00, 1.00, 1.00, NULL, 'TRUE', '2018-06-05 02:46:46', NULL),
	(80, '000000042', 'BB', '003', 'Plastik Pres Sedang', '1', '1', '1', 1.00, 1.00, 1.00, NULL, 'TRUE', '2018-06-05 02:46:46', NULL),
	(81, '000000043', 'BB', '003', 'Plastik Pres Kecil', '1', '1', '1', 1.00, 1.00, 1.00, NULL, 'TRUE', '2018-06-05 02:46:46', NULL),
	(82, '000000044', 'BB', '000', 'Dg', '3', '3', '3', 1.00, 1.00, 1.00, NULL, 'TRUE', '2018-06-05 02:46:46', NULL),
	(83, '000000045', 'BB', '000', 'Galon', '1', '1', '1', 1.00, 1.00, 1.00, NULL, 'TRUE', '2018-06-05 02:46:46', NULL),
	(84, '000000046', 'BB', '000', 'BBQ', '3', '3', '3', 1.00, 1.00, 1.00, NULL, 'TRUE', '2018-06-05 02:46:46', NULL),
	(85, '000000047', 'BB', '000', 'CP', '3', '3', '3', 1.00, 1.00, 1.00, NULL, 'TRUE', '2018-06-05 02:46:46', NULL),
	(86, '000000048', 'BB', '000', 'CO', '3', '1', '1', 1.00, 1.00, 1.00, NULL, 'TRUE', '2018-06-05 02:46:46', NULL),
	(87, '000000049', 'BB', '000', 'R', '8', '8', '3', 1.00, 1.00, 1.00, NULL, 'TRUE', '2018-06-05 02:46:46', NULL),
	(88, '000000050', 'BB', '000', 'Vit', '8', '8', '8', 1.00, 1.00, 1.00, NULL, 'TRUE', '2018-06-05 02:46:46', NULL),
	(89, '000000052', 'BB', '000', 'PL', '4', '4', '4', 1.00, 1.00, 1.00, NULL, 'TRUE', '2018-06-05 02:46:46', NULL),
	(90, '000000054', 'BB', '000', 'Mrc', '1', '1', '1', 1.00, 1.00, 1.00, NULL, 'TRUE', '2018-06-05 02:46:46', NULL),
	(91, '000000059', 'BB', '000', 'Ay', '3', '3', '3', 1.00, 1.00, 1.00, NULL, 'TRUE', '2018-06-05 02:46:46', NULL),
	(92, '000000063', 'BB', '003', 'Tali Rafia', '1', '1', '1', 1.00, 1.00, 1.00, NULL, 'TRUE', '2018-06-05 02:46:46', NULL),
	(93, '000000066', 'BB', '000', 'Bahan Saos Sambal', '1', '1', '1', 1.00, 1.00, 1.00, NULL, 'TRUE', '2018-06-05 02:46:46', NULL),
	(94, '000000067', 'BB', '000', 'Bahan Saos Tomat', '1', '1', '1', 1.00, 1.00, 1.00, NULL, 'TRUE', '2018-06-05 02:46:46', NULL),
	(95, '000000068', 'BB', '000', 'Ktm', '3', '3', '3', 1.00, 1.00, 1.00, NULL, 'TRUE', '2018-06-05 02:46:46', NULL),
	(96, '000000069', 'BB', '000', 'TR', '3', '3', '3', 1.00, 1.00, 1.00, NULL, 'TRUE', '2018-06-05 02:46:46', NULL),
	(97, '000000070', 'BB', '000', 'olesan', '4', '4', '4', 1.00, 1.00, 1.00, NULL, 'TRUE', '2018-06-05 02:46:46', NULL),
	(98, '000000071', 'BB', '000', 'Warna', '4', '4', '4', 1.00, 1.00, 1.00, NULL, 'TRUE', '2018-06-05 02:46:46', NULL),
	(99, '000000072', 'BB', '000', 'mayo ladyschoice', '1', '1', '1', 1.00, 1.00, 1.00, NULL, 'TRUE', '2018-06-05 02:46:46', NULL),
	(100, '000000073', 'BB', '000', 'mayo best food', '7', '7', '1', 1.00, 1.00, 1.00, NULL, 'TRUE', '2018-06-05 02:46:46', NULL),
	(101, '000000074', 'BB', '000', 'Soya Protein/TVP', '3', '1', '1', 1.00, 1.00, 1.00, NULL, 'TRUE', '2018-06-05 02:46:46', NULL),
	(102, '000000075', 'BB', '000', 'T', '4', '4', '4', 1.00, 1.00, 1.00, NULL, 'TRUE', '2018-06-05 02:46:46', NULL),
	(103, '000000076', 'BB', '000', 'F', '3', '3', '3', 1.00, 1.00, 1.00, NULL, 'TRUE', '2018-06-05 02:46:46', NULL),
	(104, '000000077', 'BB', '000', 'is', '4', '4', '4', 1.00, 1.00, 1.00, NULL, 'TRUE', '2018-06-05 02:46:46', NULL),
	(105, '000000078', 'BB', '000', 'C Powder', '3', '3', '3', 1.00, 1.00, 1.00, NULL, 'TRUE', '2018-06-05 02:46:46', NULL),
	(106, '000000080', 'BB', '000', 'Calcium Propionate', '3', '3', '3', 1.00, 1.00, 1.00, NULL, 'TRUE', '2018-06-05 02:46:46', NULL),
	(107, '000000081', 'BB', '003', 'plastik gudang', '1', '1', '1', 1.00, 1.00, 1.00, NULL, 'TRUE', '2018-06-05 02:46:46', NULL),
	(108, '000000082', 'BB', '000', 'BHT', '3', '3', '3', 1.00, 1.00, 1.00, NULL, 'TRUE', '2018-06-05 02:46:46', NULL),
	(109, '000000083', 'BB', '000', 'Susu Bubuk', '3', '1', '1', 1.00, 1.00, 1.00, NULL, 'TRUE', '2018-06-05 02:46:46', NULL),
	(110, '000000084', 'BB', '000', 'Bumbu Tortilla Kuning ', '4', '4', '4', 1.00, 1.00, 1.00, NULL, 'TRUE', '2018-06-05 02:46:46', NULL),
	(111, '000000085', 'BB', '000', 'Indomilk bubuk', '3', '3', '3', 1.00, 1.00, 1.00, NULL, 'TRUE', '2018-06-05 02:46:46', NULL),
	(112, '000000086', 'BB', '000', 'Butter', '3', '3', '3', 1.00, 1.00, 1.00, NULL, 'TRUE', '2018-06-05 02:46:46', NULL),
	(113, '000000087', 'BB', '000', 'Baking powder', '3', '3', '3', 1.00, 1.00, 1.00, NULL, 'TRUE', '2018-06-05 02:46:46', NULL),
	(114, '000000088', 'BB', '000', 'Milky Premium', '3', '3', '3', 1.00, 1.00, 1.00, NULL, 'TRUE', '2018-06-05 02:46:46', NULL),
	(115, '000000089', 'BB', '000', 'Softener', '4', '1', '1', 1.00, 1.00, 1.00, NULL, 'TRUE', '2018-06-05 02:46:46', NULL),
	(116, '000000090', 'BB', '000', 'Milky Perfecto', '3', '3', '3', 1.00, 1.00, 1.00, NULL, 'TRUE', '2018-06-05 02:46:46', NULL),
	(117, '000000091', 'BB', '000', 'Butter Maxi', '3', '1', '1', 1.00, 1.00, 1.00, NULL, 'TRUE', '2018-06-05 02:46:46', NULL),
	(118, '000000092', 'BB', '000', 'Mayo', '7', '1', '1', 1.00, 1.00, 1.00, NULL, 'TRUE', '2018-06-05 02:46:46', NULL),
	(119, '000000093', 'BB', '000', 'Merica Hitam Bubuk', '4', '4', '4', 1.00, 1.00, 1.00, NULL, 'TRUE', '2018-06-05 02:46:46', NULL),
	(120, '000000094', 'BB', '000', 'Kuning Telor Bubuk', '4', '4', '4', 1.00, 1.00, 1.00, NULL, 'TRUE', '2018-06-05 02:46:46', NULL),
	(121, '000000095', 'BB', '000', 'Pewarna Kuning', '4', '1', '1', 1.00, 1.00, 1.00, NULL, 'TRUE', '2018-06-05 02:46:46', NULL),
	(122, '000000096', 'BB', '000', 'Tepung Gandum', '3', '3', '3', 1.00, 1.00, 1.00, NULL, 'TRUE', '2018-06-05 02:46:46', NULL),
	(123, '000000097', 'BB', '000', 'mayo prochiz', '1', '1', '1', 1.00, 1.00, 1.00, NULL, 'TRUE', '2018-06-05 02:46:46', NULL),
	(124, '000000098', 'BB', '000', 'Mny kemasan', '7', '1', '1', 1.00, 1.00, 1.00, NULL, 'TRUE', '2018-06-05 02:46:46', NULL),
	(125, '000000099', 'BB', '000', 'Gandum', '1', '3', '8', 1.00, 1.00, 1.00, NULL, 'TRUE', '2018-06-05 02:46:46', NULL),
	(126, '000000100', 'BB', '000', 'Butter Bolion', '3', '1', '1', 1.00, 1.00, 1.00, NULL, 'TRUE', '2018-06-05 02:46:46', NULL),
	(127, '000000101', 'BB', '000', 'Fc Besco', '1', '1', '1', 1.00, 1.00, 1.00, NULL, 'TRUE', '2018-06-05 02:46:46', NULL),
	(128, '000000102', 'BB', '000', 'pewarna hitam', '6', '6', '6', 1.00, 1.00, 1.00, NULL, 'TRUE', '2018-06-05 02:46:46', NULL),
	(129, '000000103', 'BB', '000', 'Bosco Hijau', '1', '1', '1', 1.00, 1.00, 1.00, NULL, 'TRUE', '2018-06-05 02:46:46', NULL),
	(130, '000000104', 'BB', '000', 'milky booster', '1', '1', '1', 1.00, 1.00, 1.00, NULL, 'TRUE', '2018-06-05 02:46:46', NULL),
	(131, '000000105', 'BB', '000', 'vat25', '3', '1', '1', 1.00, 1.00, 1.00, NULL, 'TRUE', '2018-06-05 02:46:46', NULL),
	(132, '000000106', 'BB', '000', 'royco (576x10gr)', '4', '1', '1', 1.00, 1.00, 1.00, NULL, 'TRUE', '2018-06-05 02:46:46', NULL),
	(133, '000000107', 'BB', '000', 'Pewarna coklat tua', '6', '6', '6', 1.00, 1.00, 1.00, NULL, 'TRUE', '2018-06-05 02:46:46', NULL),
	(134, '000000108', 'BB', '000', 'Pewarna kuning tua', '6', '6', '6', 1.00, 1.00, 1.00, NULL, 'TRUE', '2018-06-05 02:46:46', NULL),
	(135, '000000109', 'BB', '000', 'Pewarna hijau tua', '6', '6', '6', 1.00, 1.00, 1.00, NULL, 'TRUE', '2018-06-05 02:46:46', NULL),
	(136, '000000110', 'BB', '000', 'Pewarna merah tua', '6', '6', '6', 1.00, 1.00, 1.00, NULL, 'TRUE', '2018-06-05 02:46:46', NULL),
	(137, '000000111', 'BB', '000', 'Pm', '3', '1', '1', 1.00, 1.00, 1.00, NULL, 'TRUE', '2018-06-05 02:46:46', NULL),
	(138, '000000112', 'BB', '000', 'merica hitam', '1', '1', '1', 1.00, 1.00, 1.00, NULL, 'TRUE', '2018-06-05 02:46:46', NULL),
	(139, '000000113', 'BB', '000', 'Keju', '3', '1', '1', 1.00, 1.00, 1.00, NULL, 'TRUE', '2018-06-05 02:46:46', NULL),
	(140, '000000114', 'BB', '000', 'Black Pepper', '1', '1', '1', 1.00, 1.00, 1.00, NULL, 'TRUE', '2018-06-05 02:46:46', NULL),
	(141, '000000115', 'BB', '000', 'Milk QQ', '1', '1', '1', 1.00, 1.00, 1.00, NULL, 'TRUE', '2018-06-05 02:46:46', NULL),
	(142, '000000116', 'BB', '000', 'Bubuk kare', '1', '1', '1', 1.00, 1.00, 1.00, NULL, 'TRUE', '2018-06-05 02:46:46', NULL),
	(143, '000000117', 'BB', '000', 'Bubuk coklat', '4', '4', '4', 1.00, 1.00, 1.00, NULL, 'TRUE', '2018-06-05 02:46:46', NULL),
	(144, '000000118', 'BB', '000', 'Perasa Strawberry', '1', '1', '1', 1.00, 1.00, 1.00, NULL, 'TRUE', '2018-06-05 02:46:46', NULL),
	(145, '000003000001', 'BB', '003', 'Stiker Kebab Reguler', '4', '1', '1', 1.00, 1.00, 1.00, NULL, 'TRUE', '2018-06-05 02:46:46', NULL),
	(146, '000003000002', 'BB', '003', 'Stiker Kebab Premium ', '4', '1', '1', 1.00, 1.00, 1.00, NULL, 'TRUE', '2018-06-05 02:46:46', NULL),
	(147, '000003000003', 'BB', '003', 'Stiker Keba Premium dan Reguler ', '4', '1', '1', 1.00, 1.00, 1.00, NULL, 'TRUE', '2018-06-05 02:46:46', NULL),
	(148, '000003000004', 'BB', '003', 'plastik besar 2M', '1', '1', '1', 1.00, 1.00, 1.00, NULL, 'TRUE', '2018-06-05 02:46:46', NULL),
	(149, '000003000005', 'BB', '003', 'Plastik pembungkus Kemfood TB', '10', '10', '10', 1.00, 1.00, 1.00, NULL, 'TRUE', '2018-06-05 02:46:46', NULL),
	(150, '000003000006', 'BB', '003', 'Plastik pembungkus Kemfood TM', '10', '10', '10', 1.00, 1.00, 1.00, NULL, 'TRUE', '2018-06-05 02:46:46', NULL),
	(151, '000003000007', 'BB', '003', 'Plastik bungkus TB @ KEMFOOD', '10', '10', '10', 1.00, 1.00, 1.00, NULL, 'TRUE', '2018-06-05 02:46:46', NULL),
	(152, '000003000008', 'BB', '003', 'P', '4', '4', '4', 1.00, 1.00, 1.00, NULL, 'TRUE', '2018-06-05 02:46:46', NULL),
	(153, '000003000009', 'BB', '003', 'Plastik bungkus TM@ KEMFOOD', '10', '10', '10', 1.00, 1.00, 1.00, NULL, 'TRUE', '2018-06-05 02:46:46', NULL),
	(154, '000003000010', 'BB', '003', 'Control card Maryam ori', '10', '10', '10', 1.00, 1.00, 1.00, NULL, 'TRUE', '2018-06-05 02:46:46', NULL),
	(155, '000003000011', 'BB', '003', 'Control Card TS', '1', '1', '1', 1.00, 1.00, 1.00, NULL, 'TRUE', '2018-06-05 02:46:46', NULL),
	(156, '000003000012', 'BB', '003', 'Control Card TB', '1', '1', '1', 1.00, 1.00, 1.00, NULL, 'TRUE', '2018-06-05 02:46:46', NULL),
	(157, '000003000013', 'BB', '003', 'Control Card TC', '1', '1', '1', 1.00, 1.00, 1.00, NULL, 'TRUE', '2018-06-05 02:46:46', NULL),
	(158, '000003000014', 'BB', '003', 'Koran', '3', '3', '3', 1.00, 1.00, 1.00, NULL, 'TRUE', '2018-06-05 02:46:46', NULL),
	(159, '000003000015', 'BB', '003', 'Packaging Kebab Sohib', '1', '1', '1', 1.00, 1.00, 1.00, NULL, 'TRUE', '2018-06-05 02:46:46', NULL),
	(160, '000004000001', 'BP', '004', 'Roti Burger Mini', '1', '1', '1', 1.00, 1.00, 1.00, NULL, 'TRUE', '2018-06-05 02:46:46', '2018-07-24 08:00:29'),
	(161, '000005000001', 'BP', '005', 'Tortilla Sedang Ungu', '1', '1', '1', 1.00, 1.00, 1.00, NULL, 'TRUE', '2018-06-05 02:46:46', NULL),
	(162, '000005000002', 'BP', '005', 'Tortilla Mini Ungu', '1', '1', '1', 1.00, 1.00, 1.00, NULL, 'TRUE', '2018-06-05 02:46:46', '2018-07-24 07:13:41'),
	(163, '000005000003', 'BP', '005', 'Tortilla mini durian', '1', '1', '1', 1.00, 1.00, 1.00, NULL, 'FALSE', '2018-06-05 02:46:46', '2018-07-24 07:17:35'),
	(164, '000005000004', 'BP', '005', 'Tortilla mini premium', '1', '1', '1', 1.00, 1.00, 1.00, NULL, 'FALSE', '2018-06-05 02:46:46', '2018-07-24 07:17:57'),
	(165, '000005000005', 'BP', '005', 'Tortilla Besar Sahara', '1', '1', '1', 1.00, 1.00, 1.00, NULL, 'TRUE', '2018-06-05 02:46:46', NULL),
	(166, '000005000006', 'BP', '005', 'Tortilla Sedang Sahara', '1', '1', '1', 1.00, 1.00, 1.00, NULL, 'TRUE', '2018-06-05 02:46:46', NULL),
	(167, '000005000007', 'BP', '005', 'Tortilla Mini Sahara', '1', '1', '1', 1.00, 1.00, 1.00, NULL, 'TRUE', '2018-06-05 02:46:46', NULL),
	(168, '000005000008', 'BP', '005', 'Tortilla Catering Sahara', '1', '1', '1', 1.00, 1.00, 1.00, NULL, 'TRUE', '2018-06-05 02:46:46', NULL),
	(169, '000005000009', 'BB', '005', 'Tortilla Sedang Hitam SAHARA', '1', '1', '1', 1.00, 1.00, 1.00, NULL, 'TRUE', '2018-06-05 02:46:46', NULL),
	(170, '000005000010', 'BB', '005', 'Tortilla Mini Merah SAHARA', '1', '1', '1', 1.00, 1.00, 1.00, NULL, 'TRUE', '2018-06-05 02:46:46', NULL),
	(171, '000005000011', 'BB', '005', 'Tortilla Mini Ungu SAHARA', '1', '1', '1', 1.00, 1.00, 1.00, NULL, 'TRUE', '2018-06-05 02:46:46', NULL),
	(172, '000005000012', 'BB', '005', 'Tortilla Mini Kuning SAHARA', '1', '1', '1', 1.00, 1.00, 1.00, NULL, 'TRUE', '2018-06-05 02:46:46', NULL),
	(173, '000005000013', 'BB', '005', 'Tortilla Mini Coklat SAHARA', '1', '1', '1', 1.00, 1.00, 1.00, NULL, 'TRUE', '2018-06-05 02:46:46', NULL),
	(174, '000005000014', 'BB', '005', 'Tortilla Mini Biru SAHARA', '1', '1', '1', 1.00, 1.00, 1.00, NULL, 'TRUE', '2018-06-05 02:46:46', NULL),
	(175, '000005000015', 'BB', '005', 'Tortilla Mini Hijau SAHARA', '1', '1', '1', 1.00, 1.00, 1.00, NULL, 'TRUE', '2018-06-05 02:46:46', NULL),
	(176, '000005000016', 'BB', '005', 'Tortilla Mini Sahara', '1', '1', '1', 1.00, 1.00, 1.00, NULL, 'TRUE', '2018-06-05 02:46:46', '2018-07-24 07:50:42'),
	(177, '000005000017', 'BB', '005', 'Tortilla Mini Hitam SAHARA', '1', '1', '1', 1.00, 1.00, 1.00, NULL, 'TRUE', '2018-06-05 02:46:46', '2018-07-24 07:49:24'),
	(178, '000005000018', 'BB', '005', 'Tortilla Besar M', '1', '1', '1', 1.00, 1.00, 1.00, NULL, 'TRUE', '2018-06-05 02:46:46', NULL),
	(179, '000005000019', 'BB', '005', 'Tortilla Sedang M', '1', '1', '1', 1.00, 1.00, 1.00, NULL, 'TRUE', '2018-06-05 02:46:46', NULL),
	(180, '000005000020', 'BB', '005', 'Tortilla Mini M', '1', '1', '1', 1.00, 1.00, 1.00, NULL, 'TRUE', '2018-06-05 02:46:46', NULL),
	(181, '000005000021', 'BB', '005', 'Tortilla Catering M', '1', '1', '1', 1.00, 1.00, 1.00, NULL, 'TRUE', '2018-06-05 02:46:46', NULL),
	(182, '000005000022', 'BB', '005', 'Tortilla Mini Ungu Manis', '1', '1', '1', 1.00, 1.00, 1.00, NULL, 'TRUE', '2018-06-05 02:46:46', NULL),
	(183, '000005000023', 'BB', '005', 'Tortilla Besar', '1', '1', '1', 1.00, 1.00, 1.00, NULL, 'TRUE', '2018-06-05 02:46:46', NULL),
	(185, '000005000025', 'BB', '005', 'Tortilla Mini', '1', '1', '1', 1.00, 1.00, 1.00, NULL, 'TRUE', '2018-06-05 02:46:46', NULL),
	(186, '000006000001', 'BJ', '006', 'Beef Grill', '1', '1', '1', 1.00, 1.00, 1.00, NULL, 'TRUE', '2018-06-05 02:46:46', NULL),
	(187, '000006000002', 'BJ', '006', 'Daging Kebab Sapi 2kg Kemfood', '1', '1', '1', 1.00, 1.00, 1.00, NULL, 'TRUE', '2018-06-05 02:46:46', '2018-07-25 04:37:21'),
	(188, '000008000001', 'BB', '008', 'Mayo Boy', '3', '3', '3', 1.00, 1.00, 1.00, NULL, 'TRUE', '2018-06-05 02:46:46', NULL),
	(189, '000009000001', 'BB', '009', 'Kompor ', '4', '4', '4', 1.00, 1.00, 1.00, NULL, 'TRUE', '2018-06-05 02:46:46', NULL),
	(190, '000009000002', 'BB', '009', 'regulator', '4', '4', '4', 1.00, 1.00, 1.00, NULL, 'TRUE', '2018-06-05 02:46:46', NULL),
	(191, '000009000003', 'BB', '009', 'selang ', '4', '4', '4', 1.00, 1.00, 1.00, NULL, 'TRUE', '2018-06-05 02:46:46', NULL),
	(192, '000009000004', 'BB', '009', 'tepak ', '4', '4', '4', 1.00, 1.00, 1.00, NULL, 'TRUE', '2018-06-05 02:46:46', NULL),
	(193, '000009000005', 'BB', '009', 'ember putih', '1', '1', '1', 1.00, 1.00, 1.00, NULL, 'TRUE', '2018-06-05 02:46:46', NULL),
	(194, '000009000006', 'BB', '009', 'tutup ember putih', '1', '1', '1', 1.00, 1.00, 1.00, NULL, 'TRUE', '2018-06-05 02:46:46', NULL),
	(195, '000009000007', 'BB', '009', 'knop kompor', '4', '4', '4', 1.00, 0.00, 0.00, NULL, 'TRUE', '2018-06-05 02:46:46', NULL),
	(196, '000011000001', 'BJ', '011', 'Kompor Electric', '4', '4', '4', 1.00, 1.00, 1.00, NULL, 'TRUE', '2018-06-05 02:46:46', NULL),
	(197, '000011000002', 'BJ', '011', 'Cepitan Serving Tong', '4', '4', '4', 1.00, 1.00, 1.00, NULL, 'TRUE', '2018-06-05 02:46:46', NULL),
	(198, '000011000003', 'BJ', '011', 'Spatula(sotel)', '4', '4', '4', 1.00, 1.00, 1.00, NULL, 'TRUE', '2018-06-05 02:46:46', NULL),
	(199, '000011000004', 'BJ', '011', 'Beef sahara', '1', '1', '1', 1.00, 1.00, 1.00, NULL, 'TRUE', '2018-06-05 02:46:46', NULL),
	(200, '000011000005', 'BJ', '011', 'Kompor Listrik', '4', '4', '4', 1.00, 1.00, 1.00, NULL, 'TRUE', '2018-06-05 02:46:46', NULL),
	(201, '000011000006', 'BJ', '011', 'Capi', '4', '4', '4', 1.00, 1.00, 1.00, NULL, 'TRUE', '2018-06-05 02:46:46', NULL),
	(202, '000011000007', 'BJ', '011', 'Maryam Jumbo', '1', '1', '1', 1.00, 1.00, 1.00, NULL, 'TRUE', '2018-06-05 02:46:46', NULL),
	(203, '000011000008', 'BJ', '011', 'Kebab Ayam', '1', '1', '1', 1.00, 1.00, 1.00, NULL, 'TRUE', '2018-06-05 02:46:46', NULL),
	(204, '000011000009', 'BJ', '011', 'Burner Mata 2', '4', '4', '4', 1.00, 1.00, 1.00, NULL, 'FALSE', '2018-06-05 02:46:46', '2018-07-24 08:26:55'),
	(205, '000011000010', 'BJ', '011', 'Burner Otomatis', '4', '4', '4', 1.00, 1.00, 1.00, NULL, 'FALSE', '2018-06-05 02:46:46', '2018-07-24 08:26:43'),
	(206, '000011000011', 'BJ', '011', 'Nepel', '1', '4', '4', 1.00, 1.00, 1.00, NULL, 'TRUE', '2018-06-05 02:46:46', NULL),
	(207, '000011000012', 'BJ', '011', 'Loyang Besar', '4', '4', '4', 1.00, 0.00, 0.00, NULL, 'TRUE', '2018-06-05 02:46:46', NULL),
	(208, '000011000013', 'BJ', '011', 'Temapt Daging', '1', '4', '4', 1.00, 1.00, 1.00, NULL, 'TRUE', '2018-06-05 02:46:46', NULL),
	(209, '000011000014', 'BB', '000', 'Bumbu Tortilla Putih ', '4', '4', '4', 1.00, 1.00, 1.00, NULL, 'TRUE', '2018-06-05 02:46:46', NULL),
	(210, '000011000015', 'BP', '011', 'kriwilan', '3', '3', '3', 1.00, 1.00, 1.00, NULL, 'TRUE', '2018-06-05 02:46:46', NULL),
	(211, '000011000016', 'BJ', '011', 'Daging Othman Turkish Food 2 kg', '1', '1', '1', 1.00, 1.00, 1.00, NULL, 'FALSE', '2018-06-05 02:46:46', '2018-07-24 08:35:02'),
	(212, '000011000017', 'BJ', '011', 'Daging Othman Turkish Food 2 kg tnp tiang', '1', '1', '1', 1.00, 1.00, 1.00, NULL, 'FALSE', '2018-06-05 02:46:46', '2018-07-24 08:34:47'),
	(213, '000011000018', 'BJ', '011', 'Daging Othman Turkis Food 4kg', '1', '1', '1', 1.00, 1.00, 1.00, NULL, 'FALSE', '2018-06-05 02:46:46', '2018-07-24 08:30:54'),
	(214, '000011000019', 'BJ', '011', 'wajan tortilla jumbo (36)', '4', '4', '4', 1.00, 1.00, 1.00, NULL, 'FALSE', '2018-06-05 02:46:46', '2018-07-24 08:11:03'),
	(215, '000011000020', 'BJ', '011', 'SEPEDA MONTOR JUPITER MERAH', '1', '1', '1', 1.00, 1.00, 1.00, NULL, 'TRUE', '2018-06-05 02:46:46', NULL),
	(216, '000011000021', 'BJ', '011', 'asahan', '1', '1', '1', 1.00, 1.00, 1.00, NULL, 'TRUE', '2018-06-05 02:46:46', NULL),
	(217, '000011000022', 'BJ', '011', 'pewarna ungu', '6', '6', '6', 1.00, 1.00, 1.00, NULL, 'TRUE', '2018-06-05 02:46:46', NULL),
	(218, '000011000023', 'BP', '011', 'KRIWILAN', '3', '3', '3', 1.00, 1.00, 1.00, NULL, 'TRUE', '2018-06-05 02:46:46', NULL),
	(219, '000011000024', 'BP', '011', 'KRIWILAN KEJU', '3', '3', '3', 1.00, 1.00, 1.00, NULL, 'TRUE', '2018-06-05 02:46:46', NULL),
	(220, '000011000025', 'BP', '011', 'KRIWILAN BAYAM', '3', '3', '3', 1.00, 1.00, 1.00, NULL, 'TRUE', '2018-06-05 02:46:46', NULL),
	(221, '000011000026', 'BP', '011', 'KRIWILAN BLACKPAPER', '3', '3', '3', 1.00, 1.00, 1.00, NULL, 'TRUE', '2018-06-05 02:46:46', NULL),
	(222, '000011000027', 'BP', '011', 'Kriwilan Gandu ', '3', '3', '3', 1.00, 1.00, 1.00, NULL, 'TRUE', '2018-06-05 02:46:46', NULL),
	(223, '000011000028', 'BP', '011', 'Kriwilan Hitam Manis ', '3', '3', '3', 1.00, 1.00, 1.00, NULL, 'TRUE', '2018-06-05 02:46:46', NULL),
	(224, '000011000029', 'BP', '011', 'Kriwilan Cabe ', '3', '3', '3', 1.00, 1.00, 1.00, NULL, 'TRUE', '2018-06-05 02:46:46', NULL),
	(225, '000011000030', 'BP', '011', 'Kriwilan Strawberry ', '3', '3', '3', 1.00, 1.00, 1.00, NULL, 'TRUE', '2018-06-05 02:46:46', NULL),
	(226, '000011000031', 'BP', '011', 'Kriwilan Coklat', '3', '3', '3', 1.00, 1.00, 1.00, NULL, 'TRUE', '2018-06-05 02:46:46', NULL),
	(227, '000011000032', 'BP', '011', 'Kriwilan Jagung', '3', '3', '3', 1.00, 1.00, 1.00, NULL, 'TRUE', '2018-06-05 02:46:46', NULL),
	(228, '000011000033', 'BP', '011', 'Kriwilan Bayam ', '3', '3', '3', 1.00, 1.00, 1.00, NULL, 'TRUE', '2018-06-05 02:46:46', NULL),
	(229, '000011000034', 'BP', '011', 'Kriwilan Super ', '3', '3', '3', 1.00, 1.00, 1.00, NULL, 'TRUE', '2018-06-05 02:46:46', NULL),
	(230, '000011000035', 'BP', '011', 'Kriwilan Manis ', '3', '3', '3', 1.00, 1.00, 1.00, NULL, 'TRUE', '2018-06-05 02:46:46', NULL),
	(231, '000011000036', 'BP', '011', 'Kriwilan Kare', '3', '3', '3', 1.00, 1.00, 1.00, NULL, 'TRUE', '2018-06-05 02:46:46', NULL),
	(232, '000011000037', 'BP', '011', 'Kriwilan Black Papper ', '3', '3', '3', 1.00, 1.00, 1.00, NULL, 'TRUE', '2018-06-05 02:46:46', NULL),
	(234, '000011000039', 'BJ', '011', 'Empal Jamur 0', '3', '1', '1', 0.00, 1.00, 1.00, NULL, 'TRUE', '2018-06-05 02:46:46', NULL),
	(235, '000011000040', 'BJ', '011', 'Empal Jamur 2kg', '1', '1', '1', 1.00, 1.00, 1.00, NULL, 'TRUE', '2018-06-05 02:46:46', NULL),
	(236, '000011000041', 'BJ', '011', 'Saos Lada Hitam', '1', '1', '1', 1.00, 1.00, 1.00, NULL, 'TRUE', '2018-06-05 02:46:46', '2018-07-24 08:09:11'),
	(237, '000011000042', 'BJ', '011', 'Saos  BBQ', '1', '1', '1', 1.00, 1.00, 1.00, NULL, 'FALSE', '2018-06-05 02:46:46', '2018-07-24 08:07:51'),
	(238, '000011000043', 'BJ', '011', 'Koran', '1', '1', '1', 1.00, 1.00, 1.00, NULL, 'TRUE', '2018-06-05 02:46:46', NULL),
	(239, '000011000044', 'BJ', '011', 'Saos Sambal Kokita', '1', '1', '1', 1.00, 1.00, 1.00, NULL, 'TRUE', '2018-06-05 02:46:46', '2018-07-24 08:08:18'),
	(240, '000011000045', 'BJ', '011', 'Saos Tomat Kokita', '1', '1', '1', 1.00, 1.00, 1.00, NULL, 'TRUE', '2018-06-05 02:46:46', '2018-07-24 08:08:47'),
	(241, '000011000046', 'BJ', '011', 'Packaging kebab distro', '1', '1', '1', 1.00, 1.00, 1.00, NULL, 'TRUE', '2018-06-05 02:46:46', NULL),
	(242, '000011000047', 'BJ', '011', 'Sutil kayu', '1', '1', '1', 1.00, 1.00, 1.00, NULL, 'TRUE', '2018-06-05 02:46:46', NULL),
	(243, '000011000048', 'BJ', '011', 'Pisau kebab shohib', '1', '1', '1', 1.00, 1.00, 1.00, NULL, 'TRUE', '2018-06-05 02:46:46', NULL),
	(244, '000011000049', 'BJ', '011', 'Keranjang sampah Kebab shoib', '1', '1', '1', 1.00, 1.00, 1.00, NULL, 'TRUE', '2018-06-05 02:46:46', NULL),
	(245, '000011000050', 'BJ', '011', 'Botol saus', '1', '1', '1', 1.00, 1.00, 1.00, NULL, 'TRUE', '2018-06-05 02:46:46', NULL),
	(246, '000011000051', 'BJ', '011', 'telenan kebba shoib', '1', '1', '1', 1.00, 1.00, 1.00, NULL, 'TRUE', '2018-06-05 02:46:46', NULL),
	(247, '000011000052', 'BJ', '011', 'pring kebab shoib', '1', '1', '1', 1.00, 1.00, 1.00, NULL, 'TRUE', '2018-06-05 02:46:46', NULL),
	(248, '000011000053', 'BJ', '011', 'Regulator selang', '1', '1', '1', 1.00, 1.00, 1.00, NULL, 'TRUE', '2018-06-05 02:46:46', NULL),
	(249, '000011000054', 'BJ', '011', 'Ember', '1', '1', '1', 1.00, 1.00, 1.00, NULL, 'TRUE', '2018-06-05 02:46:46', NULL),
	(250, '000011000055', 'BJ', '011', 'sarung tangan', '1', '1', '1', 1.00, 1.00, 1.00, NULL, 'TRUE', '2018-06-05 02:46:46', NULL),
	(251, '000011000056', 'BJ', '011', 'contener kebab sohib', '1', '1', '1', 1.00, 1.00, 1.00, NULL, 'TRUE', '2018-06-05 02:46:46', NULL),
	(252, '000011000057', 'BJ', '011', 'Kuas Kue', '1', '1', '1', 1.00, 1.00, 1.00, NULL, 'TRUE', '2018-06-05 02:46:46', NULL),
	(253, '000011000058', 'BJ', '011', 'tepak kebab shoib', '1', '1', '1', 1.00, 1.00, 1.00, NULL, 'TRUE', '2018-06-05 02:46:46', NULL),
	(254, '000011000059', 'BJ', '011', 'lemari 4 rak', '1', '1', '1', 1.00, 1.00, 1.00, NULL, 'TRUE', '2018-06-05 02:46:46', NULL),
	(255, '000011000060', 'BJ', '011', 'jepitan', '1', '1', '1', 1.00, 1.00, 1.00, NULL, 'TRUE', '2018-06-05 02:46:46', NULL),
	(256, '000011000061', 'BJ', '011', 'Kompor Gas Pertebel', '1', '1', '1', 1.00, 1.00, 1.00, NULL, 'TRUE', '2018-06-05 02:46:46', NULL),
	(257, '000011000062', 'BJ', '011', 'Fresh Sealware ', '1', '1', '1', 1.00, 1.00, 1.00, NULL, 'TRUE', '2018-06-05 02:46:46', NULL),
	(258, '000011000063', 'BJ', '011', 'Teflon', '1', '1', '1', 1.00, 1.00, 1.00, NULL, 'TRUE', '2018-06-05 02:46:46', NULL),
	(259, '000011000064', 'BJ', '011', 'margarin fortina', '1', '1', '1', 1.00, 1.00, 1.00, NULL, 'TRUE', '2018-06-05 02:46:46', NULL),
	(260, '000011000065', 'BJ', '011', 'piring', '1', '1', '1', 1.00, 1.00, 1.00, NULL, 'TRUE', '2018-06-05 02:46:46', NULL),
	(261, '000013000001', 'BJ', '013', 'Cappucino ', '4', '4', '4', 1.00, 1.00, 1.00, NULL, 'TRUE', '2018-06-05 02:46:46', NULL),
	(262, '000013000002', 'BJ', '013', 'Choco Creamy ', '4', '4', '4', 1.00, 1.00, 1.00, NULL, 'TRUE', '2018-06-05 02:46:46', NULL),
	(263, '000014000001', 'BJ', '014', 'Kentang 2kg', '3', '3', '3', 1.00, 1.00, 1.00, NULL, 'TRUE', '2018-06-05 02:46:46', NULL),
	(264, '000014000002', 'BJ', '014', 'Siomay', '1', '1', '1', 1.00, 1.00, 1.00, NULL, 'TRUE', '2018-06-05 02:46:46', NULL),
	(265, '003000001', 'BJ', '012', 'Ongkos Kirim', '1', '1', '1', 1.00, 1.00, 1.00, NULL, 'TRUE', '2018-06-05 02:46:46', NULL),
	(266, '003000005', 'BJ', '011', 'Styreofoam Besar', '4', '4', '4', 1.00, 1.00, 1.00, NULL, 'TRUE', '2018-06-05 02:46:46', NULL),
	(267, '003000006', 'BJ', '011', 'Styreofoam Jumbo', '4', '4', '4', 1.00, 1.00, 1.00, NULL, 'TRUE', '2018-06-05 02:46:46', NULL),
	(268, '003000007', 'BJ', '011', 'Styreofoam Kecil', '4', '4', '4', 1.00, 1.00, 1.00, NULL, 'TRUE', '2018-06-05 02:46:46', NULL),
	(269, '003000009', 'BB', '003', 'Lakban', '4', '1', '1', 1.00, 1.00, 1.00, NULL, 'TRUE', '2018-06-05 02:46:46', NULL),
	(270, '003000010', 'BB', '003', 'Dos Kecil', '4', '4', '4', 1.00, 1.00, 1.00, NULL, 'TRUE', '2018-06-05 02:46:46', NULL),
	(271, '003000012', 'BB', '003', 'Dos Besar', '4', '4', '4', 1.00, 1.00, 1.00, NULL, 'TRUE', '2018-06-05 02:46:46', NULL),
	(272, '003000013', 'BB', '003', 'Kresek kecil', '1', '1', '1', 1.00, 1.00, 1.00, NULL, 'TRUE', '2018-06-05 02:46:46', NULL),
	(273, '003000014', 'BB', '003', 'Plastik Bungkus T.Jumbo', '10', '1', '1', 1.00, 1.00, 1.00, NULL, 'TRUE', '2018-06-05 02:46:46', NULL),
	(274, '003000015', 'BB', '003', 'Plastik Pembatas T.Jumbo', '1', '1', '1', 1.00, 0.00, 0.00, NULL, 'TRUE', '2018-06-05 02:46:46', NULL),
	(275, '003000016', 'BB', '003', 'plastik tepung', '1', '1', '1', 1.00, 1.00, 1.00, NULL, 'TRUE', '2018-06-05 02:46:46', NULL),
	(276, '003000017', 'BB', '003', 'Dos Styrofoam', '4', '4', '4', 1.00, 1.00, 1.00, NULL, 'TRUE', '2018-06-05 02:46:46', NULL),
	(277, '003000018', 'BB', '003', 'Packing Kayu', '4', '4', '4', 1.00, 1.00, 1.00, NULL, 'TRUE', '2018-06-05 02:46:46', NULL),
	(278, '003000019', 'BB', '003', 'control card', '4', '4', '4', 1.00, 1.00, 1.00, NULL, 'TRUE', '2018-06-05 02:46:46', NULL),
	(279, '003000020', 'BB', '003', 'plastik bumbu 3 kg', '1', '1', '1', 1.00, 1.00, 1.00, NULL, 'TRUE', '2018-06-05 02:46:46', NULL),
	(280, '003000021', 'BB', '003', 'Kresek sampah', '1', '1', '1', 1.00, 1.00, 1.00, NULL, 'TRUE', '2018-06-05 02:46:46', NULL),
	(281, '003000023', 'BB', '003', 'kresek besar', '1', '1', '1', 1.00, 1.00, 1.00, NULL, 'TRUE', '2018-06-05 02:46:46', NULL),
	(282, '004000005', 'BP', '004', 'Roti Burger', '1', '1', '1', 1.00, 1.00, 1.00, NULL, 'FALSE', '2018-06-05 02:46:46', '2018-07-24 08:03:49'),
	(283, '004000006', 'BP', '004', 'Roti Burger Double Wijen', '1', '1', '1', 1.00, 1.00, 1.00, NULL, 'FALSE', '2018-06-05 02:46:46', '2018-07-24 07:55:19'),
	(284, '004000007', 'BP', '004', 'Roti Burger Mini', '1', '1', '1', 1.00, 1.00, 1.00, NULL, 'FALSE', '2018-06-05 02:46:46', '2018-07-24 08:04:29'),
	(285, '004000008', 'BP', '004', 'Roti Burger Wijen', '1', '1', '1', 1.00, 1.00, 1.00, NULL, 'TRUE', '2018-06-05 02:46:46', NULL),
	(286, '004000009', 'BP', '004', 'Roti Burger Wijen Mini', '1', '1', '1', 1.00, 1.00, 1.00, NULL, 'FALSE', '2018-06-05 02:46:46', '2018-07-24 07:57:00'),
	(287, '004000010', 'BP', '004', 'Roti Syawarma', '1', '1', '1', 1.00, 1.00, 1.00, NULL, 'TRUE', '2018-06-05 02:46:46', '2018-07-24 08:01:41'),
	(288, '004000011', 'BP', '004', 'Roti Pita', '1', '1', '1', 1.00, 1.00, 1.00, NULL, 'TRUE', '2018-06-05 02:46:46', NULL),
	(289, '004000012', 'BP', '004', 'Roti Pita Kantung', '1', '1', '1', 1.00, 1.00, 1.00, NULL, 'FALSE', '2018-06-05 02:46:46', '2018-07-24 07:55:49'),
	(290, '004000017', 'BJ', '011', 'Keju Sliece', '1', '1', '1', 1.00, 1.00, 1.00, NULL, 'TRUE', '2018-06-05 02:46:46', NULL),
	(291, '004000018', 'BP', '004', 'Roti Hotdog', '1', '1', '1', 1.00, 1.00, 1.00, NULL, 'FALSE', '2018-06-05 02:46:46', '2018-07-24 07:59:30'),
	(292, '004000019', 'BP', '004', 'Roti Pita Jumbo', '1', '1', '1', 1.00, 1.00, 1.00, NULL, 'FALSE', '2018-06-05 02:46:46', '2018-07-24 07:55:34'),
	(293, '005000007', 'BP', '005', 'Gourmet', '1', '1', '1', 1.00, 1.00, 1.00, NULL, 'TRUE', '2018-06-05 02:46:46', NULL),
	(294, '005000010', 'BP', '005', 'Maryam Original/Canai', '1', '1', '1', 1.00, 1.00, 1.00, NULL, 'TRUE', '2018-06-05 02:46:46', '2018-07-24 07:25:15'),
	(295, '005000011', 'BP', '005', 'Maryam/Canai Diameter 21cm', '1', '1', '1', 1.00, 1.00, 1.00, NULL, 'FALSE', '2018-06-05 02:46:46', '2018-07-24 07:25:49'),
	(296, '005000012', 'BP', '005', 'Tortilla Besar', '1', '1', '1', 1.00, 1.00, 1.00, NULL, 'TRUE', '2018-06-05 02:46:46', '2018-09-26 14:05:59'),
	(297, '005000018', 'BP', '005', 'Tortilla Catering', '1', '1', '1', 1.00, 1.00, 1.00, NULL, 'TRUE', '2018-06-05 02:46:46', NULL),
	(298, '005000019', 'BP', '005', 'Tortilla jasmin', '1', '1', '1', 1.00, 1.00, 1.00, NULL, 'FALSE', '2018-06-05 02:46:46', '2018-07-24 07:22:48'),
	(299, '005000020', 'BP', '005', 'Tortilla Jumbo', '1', '1', '1', 1.00, 1.00, 1.00, NULL, 'TRUE', '2018-06-05 02:46:46', NULL),
	(300, '005000021', 'BP', '005', 'Tortilla Mini', '1', '1', '1', 1.00, 1.00, 1.00, NULL, 'TRUE', '2018-06-05 02:46:46', '2018-09-26 14:08:37'),
	(301, '005000026', 'BP', '005', 'Tortilla Sedang', '1', '1', '1', 1.00, 1.00, 1.00, NULL, 'TRUE', '2018-06-05 02:46:46', NULL),
	(302, '005000033', 'BP', '005', 'Tortilla Besar (Manis)', '1', '1', '1', 1.00, 1.00, 1.00, NULL, 'TRUE', '2018-06-05 02:46:46', NULL),
	(303, '005000034', 'BP', '005', 'Tortilla Sedang (Manis)', '1', '1', '1', 1.00, 1.00, 1.00, NULL, 'TRUE', '2018-06-05 02:46:46', NULL),
	(304, '005000035', 'BP', '005', 'Tortilla Mini (Manis)', '1', '1', '1', 1.00, 1.00, 1.00, NULL, 'TRUE', '2018-06-05 02:46:46', NULL),
	(305, '005000036', 'BP', '005', 'Tortilla Catering (Manis)', '1', '1', '1', 1.00, 1.00, 1.00, NULL, 'TRUE', '2018-06-05 02:46:46', NULL),
	(306, '005000037', 'BP', '005', 'Tortilla Jasmin (Manis)', '1', '1', '1', 1.00, 1.00, 1.00, NULL, 'FALSE', '2018-06-05 02:46:46', '2018-07-24 07:27:07'),
	(307, '005000038', 'BP', '005', 'Tortilla Jumbo (Manis)', '1', '1', '1', 1.00, 1.00, 1.00, NULL, 'FALSE', '2018-06-05 02:46:46', '2018-07-24 07:28:35'),
	(308, '005000039', 'BP', '005', 'Tortilla Besar L', '1', '1', '1', 1.00, 1.00, 1.00, NULL, 'FALSE', '2018-06-05 02:46:46', '2018-07-24 07:29:16'),
	(309, '005000040', 'BP', '005', 'Tortilla Jasmin L', '1', '1', '1', 1.00, 1.00, 1.00, NULL, 'FALSE', '2018-06-05 02:46:46', '2018-07-24 07:29:50'),
	(310, '005000041', 'BP', '005', 'Tortilla Mini L', '1', '1', '1', 1.00, 1.00, 1.00, NULL, 'FALSE', '2018-06-05 02:46:46', '2018-07-24 07:30:21'),
	(311, '005000042', 'BP', '005', 'Tortilla Besar Lentur', '1', '1', '1', 1.00, 1.00, 1.00, NULL, 'TRUE', '2018-06-05 02:46:46', NULL),
	(312, '005000043', 'BP', '005', 'Tortilla Sedang Lentur', '1', '1', '1', 1.00, 1.00, 1.00, NULL, 'TRUE', '2018-06-05 02:46:46', NULL),
	(313, '005000044', 'BP', '005', 'Tortilla Mini Lentur', '1', '1', '1', 1.00, 1.00, 1.00, NULL, 'TRUE', '2018-06-05 02:46:46', NULL),
	(314, '005000045', 'BP', '005', 'Tortilla Jumbo Lentur', '1', '1', '1', 1.00, 1.00, 1.00, NULL, 'FALSE', '2018-06-05 02:46:46', '2018-07-24 07:31:23'),
	(315, '005000046', 'BP', '005', 'Tortilla Besar Mina', '1', '1', '1', 1.00, 1.00, 1.00, NULL, 'FALSE', '2018-06-05 02:46:46', '2018-07-24 07:32:03'),
	(316, '005000047', 'BP', '005', 'Tortilla Sedang Mina', '1', '1', '1', 1.00, 1.00, 1.00, NULL, 'FALSE', '2018-06-05 02:46:46', '2018-07-24 07:32:51'),
	(317, '005000048', 'BP', '005', 'Tortilla Mini Mina', '1', '1', '1', 1.00, 1.00, 1.00, NULL, 'FALSE', '2018-06-05 02:46:46', '2018-07-24 07:33:18'),
	(318, '005000049', 'BP', '005', 'Tortilla Catering Mina', '1', '1', '1', 1.00, 1.00, 1.00, NULL, 'FALSE', '2018-06-05 02:46:46', '2018-07-24 07:33:39'),
	(319, '005000050', 'BP', '005', 'Tortilla Besar Manis Premium', '1', '1', '1', 1.00, 1.00, 1.00, NULL, 'FALSE', '2018-06-05 02:46:46', '2018-07-24 07:34:52'),
	(320, '005000051', 'BP', '005', 'Tortilla Mini Manis Premium', '1', '1', '1', 1.00, 1.00, 1.00, NULL, 'FALSE', '2018-06-05 02:46:46', '2018-07-24 07:36:04'),
	(321, '005000052', 'BP', '005', 'Tortilla Besar Manis Perfecto', '1', '1', '1', 1.00, 1.00, 1.00, NULL, 'FALSE', '2018-06-05 02:46:46', '2018-07-24 07:36:34'),
	(322, '005000053', 'BP', '005', 'Tortilla Mini Manis Perfecto', '1', '1', '1', 1.00, 1.00, 1.00, NULL, 'FALSE', '2018-06-05 02:46:46', '2018-07-24 07:36:55'),
	(323, '005000054', 'BP', '005', 'Tortilla Catering Lentur', '1', '1', '1', 1.00, 1.00, 1.00, NULL, 'FALSE', '2018-06-05 02:46:46', '2018-07-24 07:37:15'),
	(324, '005000055', 'BP', '005', 'Tortilla Mini Cabe', '1', '1', '1', 1.00, 1.00, 1.00, NULL, 'TRUE', '2018-06-05 02:46:46', NULL),
	(325, '005000056', 'BP', '005', 'Tortilla Mini Bayam', '1', '1', '1', 1.00, 1.00, 1.00, NULL, 'TRUE', '2018-06-05 02:46:46', NULL),
	(326, '005000057', 'BP', '005', 'Tortilla Mini Kare', '1', '1', '1', 1.00, 1.00, 1.00, NULL, 'TRUE', '2018-06-05 02:46:46', NULL),
	(327, '005000058', 'BP', '005', 'Tortilla Mini Gandum', '1', '1', '1', 1.00, 1.00, 1.00, NULL, 'TRUE', '2018-06-05 02:46:46', NULL),
	(328, '005000059', 'BP', '005', 'Tortilla Mini Jagung', '1', '1', '1', 1.00, 1.00, 1.00, NULL, 'TRUE', '2018-06-05 02:46:46', NULL),
	(329, '005000060', 'BP', '005', 'Tortilla Rawon', '1', '1', '1', 1.00, 1.00, 1.00, NULL, 'FALSE', '2018-06-05 02:46:46', '2018-07-24 07:37:49'),
	(330, '005000061', 'BP', '005', 'Tortilla Asam Pedas', '1', '1', '1', 1.00, 1.00, 1.00, NULL, 'FALSE', '2018-06-05 02:46:46', '2018-07-24 07:38:22'),
	(331, '005000062', 'BP', '005', 'Tortilla Mini Keju', '1', '1', '1', 1.00, 1.00, 1.00, NULL, 'TRUE', '2018-06-05 02:46:46', NULL),
	(332, '005000063', 'BP', '005', 'Tortilla Mini Strawberry', '1', '1', '1', 1.00, 1.00, 1.00, NULL, 'TRUE', '2018-06-05 02:46:46', '2018-07-24 07:53:16'),
	(333, '005000064', 'BP', '005', 'Tortilla Mini Merah', '1', '1', '1', 1.00, 1.00, 1.00, NULL, 'TRUE', '2018-06-05 02:46:46', NULL),
	(334, '005000065', 'BP', '005', 'Tortilla Mini Hitam', '1', '1', '1', 1.00, 1.00, 1.00, NULL, 'FALSE', '2018-06-05 02:46:46', '2018-07-24 07:42:30'),
	(335, '005000066', 'BP', '005', 'Tortilla Besar Hitam Manis', '1', '1', '1', 1.00, 1.00, 1.00, NULL, 'TRUE', '2018-06-05 02:46:46', NULL),
	(336, '005000067', 'BP', '005', 'Tortilla Catering Merah', '1', '1', '1', 1.00, 1.00, 1.00, NULL, 'FALSE', '2018-06-05 02:46:46', '2018-07-24 07:39:43'),
	(337, '005000068', 'BP', '005', 'Tortilla Besar Merah', '1', '1', '1', 1.00, 1.00, 1.00, NULL, 'TRUE', '2018-06-05 02:46:46', NULL),
	(338, '005000069', 'BP', '005', 'Tortilla Sedang Merah', '1', '1', '1', 1.00, 1.00, 1.00, NULL, 'TRUE', '2018-06-05 02:46:46', NULL),
	(339, '005000070', 'BP', '005', 'Tortilla Besar Hijau', '1', '1', '1', 1.00, 1.00, 1.00, NULL, 'TRUE', '2018-06-05 02:46:46', NULL),
	(340, '005000071', 'BP', '005', 'Tortilla Sedang Hijau', '1', '1', '1', 1.00, 1.00, 1.00, NULL, 'TRUE', '2018-06-05 02:46:46', NULL),
	(341, '005000072', 'BP', '005', 'Tortilla Mini Hijau', '1', '1', '1', 1.00, 1.00, 1.00, NULL, 'TRUE', '2018-06-05 02:46:46', NULL),
	(342, '005000073', 'BP', '005', 'Tortilla Catering Hijau', '1', '1', '1', 1.00, 1.00, 1.00, NULL, 'FALSE', '2018-06-05 02:46:46', '2018-07-24 07:40:04'),
	(343, '005000074', 'BP', '005', 'Tortilla Sedang Hitam', '1', '1', '1', 1.00, 1.00, 1.00, NULL, 'TRUE', '2018-06-05 02:46:46', NULL),
	(344, '005000075', 'BP', '005', 'Tortilla Mini Hitam', '1', '1', '1', 1.00, 1.00, 1.00, NULL, 'TRUE', '2018-06-05 02:46:46', NULL),
	(345, '005000076', 'BP', '005', 'Tortilla Catering Hitam ', '1', '1', '1', 1.00, 1.00, 1.00, NULL, 'FALSE', '2018-06-05 02:46:46', '2018-07-24 07:41:35'),
	(346, '005000077', 'BP', '005', 'Tortilla Mini Kuning', '1', '1', '1', 1.00, 1.00, 1.00, NULL, 'TRUE', '2018-06-05 02:46:46', NULL),
	(347, '005000078', 'BP', '005', 'Tortilla Besar Hitam', '1', '1', '1', 1.00, 1.00, 1.00, NULL, 'TRUE', '2018-06-05 02:46:46', NULL),
	(348, '005000079', 'BP', '005', 'Tortilla Mini Coklat', '1', '1', '1', 1.00, 1.00, 1.00, NULL, 'TRUE', '2018-06-05 02:46:46', NULL),
	(349, '005000080', 'BP', '005', 'Tortilla Mini White Pepper', '1', '1', '1', 1.00, 1.00, 1.00, NULL, 'TRUE', '2018-06-05 02:46:46', NULL),
	(350, '005000081', 'BP', '005', 'Tortilla Mini Black Pepper', '1', '1', '1', 1.00, 1.00, 1.00, NULL, 'TRUE', '2018-06-05 02:46:46', NULL),
	(351, '005000082', 'BP', '005', 'Tortilla Catering Kuning', '1', '1', '1', 1.00, 1.00, 1.00, NULL, 'FALSE', '2018-06-05 02:46:46', '2018-07-24 07:42:58'),
	(352, '005000083', 'BP', '005', 'Tortilla Mini Hitam Manis', '1', '1', '1', 1.00, 1.00, 1.00, NULL, 'TRUE', '2018-06-05 02:46:46', NULL),
	(353, '005000084', 'BP', '005', 'Tortilla Sedang Gandum', '1', '1', '1', 1.00, 1.00, 1.00, NULL, 'FALSE', '2018-06-05 02:46:46', '2018-07-24 07:44:16'),
	(354, '005000085', 'BP', '005', 'Tortilla Besar Gandum', '1', '1', '1', 1.00, 1.00, 1.00, NULL, 'FALSE', '2018-06-05 02:46:46', '2018-07-24 07:44:48'),
	(355, '005000086', 'BP', '005', 'Tortilla Mini Merah Manis', '1', '1', '1', 1.00, 1.00, 1.00, NULL, 'TRUE', '2018-06-05 02:46:46', NULL),
	(356, '005000087', 'BP', '005', 'Tortilla Besar Kuning', '1', '1', '1', 1.00, 1.00, 1.00, NULL, 'TRUE', '2018-06-05 02:46:46', NULL),
	(357, '005000088', 'BP', '005', 'Tortilla Mini Hijau Manis', '1', '1', '1', 1.00, 1.00, 1.00, NULL, 'TRUE', '2018-06-05 02:46:46', NULL),
	(358, '005000089', 'BP', '005', 'Tortilla Mini Kuning Manis', '1', '1', '1', 1.00, 1.00, 1.00, NULL, 'TRUE', '2018-06-05 02:46:46', NULL),
	(359, '005000090', 'BP', '005', 'Tortilla Sedang Kuning', '1', '1', '1', 1.00, 1.00, 1.00, NULL, 'TRUE', '2018-06-05 02:46:46', NULL),
	(360, '005000091', 'BP', '005', 'Tortilla Catering Hitam Manis', '1', '1', '1', 1.00, 1.00, 1.00, NULL, 'TRUE', '2018-06-05 02:46:46', NULL),
	(361, '005000092', 'BP', '005', 'Tortilla Sedang Hitam Manis', '1', '1', '1', 1.00, 1.00, 1.00, NULL, 'TRUE', '2018-06-05 02:46:46', NULL),
	(362, '005000093', 'BP', '005', 'Tortilla Besar Hijau Manis', '1', '1', '1', 1.00, 1.00, 1.00, NULL, 'TRUE', '2018-06-05 02:46:46', NULL),
	(363, '005000094', 'BP', '005', 'Tortilla Besar Merah Manis', '1', '1', '1', 1.00, 1.00, 1.00, NULL, 'TRUE', '2018-06-05 02:46:46', NULL),
	(364, '005000095', 'BP', '005', 'Tortilla Besar Kuning Manis', '1', '1', '1', 1.00, 1.00, 1.00, NULL, 'TRUE', '2018-06-05 02:46:46', NULL),
	(365, '005000096', 'BP', '005', 'Tortilla Sedang Merah Manis', '1', '1', '1', 1.00, 1.00, 1.00, NULL, 'TRUE', '2018-06-05 02:46:46', NULL),
	(366, '005000097', 'BP', '005', 'Tortilla Sedang Hijau Manis', '1', '1', '1', 1.00, 1.00, 1.00, NULL, 'TRUE', '2018-06-05 02:46:46', NULL),
	(367, '005000098', 'BP', '005', 'Tortilla Sedang Kuning Manis', '1', '1', '1', 1.00, 1.00, 1.00, NULL, 'TRUE', '2018-06-05 02:46:46', NULL),
	(368, '005000099', 'BP', '005', 'Tortilla Besar Coklat', '1', '1', '1', 1.00, 1.00, 1.00, NULL, 'FALSE', '2018-06-05 02:46:46', '2018-07-24 07:46:31'),
	(369, '005000100', 'BP', '005', 'Tortilla sedang Jagung', '1', '1', '1', 1.00, 1.00, 1.00, NULL, 'TRUE', '2018-06-05 02:46:46', '2018-08-03 10:17:28'),
	(370, '005000101', 'BP', '005', 'Tortilla Besar@10', '1', '1', '1', 1.00, 1.00, 1.00, NULL, 'TRUE', '2018-06-05 02:46:46', '2018-07-31 10:00:27'),
	(371, '005000102', 'BP', '005', 'Tortilla Mini@10', '1', '1', '1', 1.00, 1.00, 1.00, NULL, 'TRUE', '2018-06-05 02:46:46', '2018-07-30 00:21:00'),
	(372, '006000001', 'BJ', '006', 'Beef Burger', '1', '1', '1', 1.00, 1.00, 1.00, NULL, 'TRUE', '2018-06-05 02:46:46', '2018-07-24 08:36:01'),
	(373, '006000003', 'BJ', '006', 'Beef Burger Mini', '1', '1', '1', 1.00, 1.00, 1.00, NULL, 'FALSE', '2018-06-05 02:46:46', '2018-07-24 08:30:26'),
	(374, '006000005', 'BJ', '006', 'Chiken Burger', '1', '1', '1', 1.00, 1.00, 1.00, NULL, 'TRUE', '2018-06-05 02:46:46', '2018-07-24 08:36:30'),
	(375, '006000006', 'BJ', '006', 'Chiken Burger Crispy', '1', '1', '1', 1.00, 1.00, 1.00, NULL, 'FALSE', '2018-06-05 02:46:46', '2018-07-24 08:32:57'),
	(376, '006000007', 'BJ', '006', 'Chiken Burger Mini', '1', '1', '1', 1.00, 1.00, 1.00, NULL, 'FALSE', '2018-06-05 02:46:46', '2018-07-24 08:35:33'),
	(377, '006000008', 'BJ', '006', 'Daging Kebab Ayam (2 Kg)', '1', '1', '1', 1.00, 1.00, 1.00, NULL, 'FALSE', '2018-06-05 02:46:46', '2018-07-24 08:35:16'),
	(378, '006000009', 'BJ', '006', 'Daging Kebab Sapi (2 Kg)', '4', '4', '4', 1.00, 1.00, 1.00, NULL, 'FALSE', '2018-06-05 02:46:46', '2018-07-24 08:36:48'),
	(379, '006000010', 'BJ', '011', 'Daging Kebab Sapi 4kg Kemfood', '1', '1', '1', 1.00, 1.00, 1.00, NULL, 'TRUE', '2018-06-05 02:46:46', '2018-07-25 04:38:13'),
	(380, '006000011', 'BJ', '011', 'Daging Kebab Sapi 4 Kg TAMMA KW2', '1', '1', '1', 1.00, 1.00, 1.00, NULL, 'FALSE', '2018-06-05 02:46:46', '2018-07-24 08:37:06'),
	(381, '006000012', 'BJ', '011', 'DRY ICE', '3', '3', '3', 1.00, 1.00, 1.00, NULL, 'TRUE', '2018-06-05 02:46:46', NULL),
	(382, '006000013', 'BJ', '006', 'Grill Beef Oval', '1', '1', '1', 1.00, 1.00, 1.00, NULL, 'FALSE', '2018-06-05 02:46:46', '2018-07-24 08:37:17'),
	(383, '006000014', 'BJ', '006', 'Grill Beef Squere', '1', '1', '1', 1.00, 1.00, 1.00, NULL, 'FALSE', '2018-06-05 02:46:46', '2018-07-24 08:37:28'),
	(384, '006000015', 'BJ', '006', 'Grill Chiken Oval', '1', '1', '1', 1.00, 1.00, 1.00, NULL, 'FALSE', '2018-06-05 02:46:46', '2018-07-24 08:37:46'),
	(385, '006000016', 'BJ', '006', 'Grill Chiken Square', '1', '1', '1', 1.00, 1.00, 1.00, NULL, 'FALSE', '2018-06-05 02:46:46', '2018-07-24 08:38:55'),
	(386, '006000025', 'BJ', '006', 'Beef Burger Crispy', '1', '1', '1', 1.00, 1.00, 1.00, NULL, 'FALSE', '2018-06-05 02:46:46', '2018-07-24 08:39:08'),
	(387, '006000026', 'BJ', '011', 'Daging Kebab Sahara 2kg tp.tiang', '1', '1', '1', 1.00, 1.00, 1.00, NULL, 'TRUE', '2018-06-05 02:46:46', NULL),
	(388, '006000027', 'BJ', '006', 'Daging kebab sapi 500gr', '1', '1', '1', 1.00, 1.00, 1.00, NULL, 'FALSE', '2018-06-05 02:46:46', '2018-07-25 04:44:47'),
	(389, '006000028', 'BJ', '006', 'Daging kebab ayam 500gr', '1', '1', '1', 1.00, 1.00, 1.00, NULL, 'FALSE', '2018-06-05 02:46:46', '2018-07-25 04:45:04'),
	(390, '006000029', 'BJ', '006', 'Daging kebab kambing 500gr', '1', '1', '1', 1.00, 1.00, 1.00, NULL, 'FALSE', '2018-06-05 02:46:46', '2018-07-24 08:42:47'),
	(391, '006000030', 'BJ', '006', 'Daging Kebab Sahara 2kg Premium', '1', '1', '1', 1.00, 1.00, 1.00, NULL, 'TRUE', '2018-06-05 02:46:46', '2018-07-25 04:51:24'),
	(392, '006000031', 'BJ', '006', 'MDN premium kemfood 4 kg Dengan Tiang', '4', '4', '4', 1.00, 1.00, 1.00, NULL, 'FALSE', '2018-06-05 02:46:46', '2018-07-24 08:43:26'),
	(393, '006000032', 'BJ', '006', 'MDN reguler kemfood 4 kg Dengan Tiang', '4', '4', '4', 1.00, 1.00, 1.00, NULL, 'FALSE', '2018-06-05 02:46:46', '2018-07-24 08:43:40'),
	(394, '006000033', 'BJ', '006', 'MDN premium kemfood 2 kg Dengan Tiang', '4', '4', '4', 1.00, 1.00, 1.00, NULL, 'FALSE', '2018-06-05 02:46:46', '2018-07-24 08:44:01'),
	(395, '006000034', 'BJ', '006', 'MDN reguler kemfood 2 kg Tanpa Tiang', '4', '4', '4', 1.00, 1.00, 1.00, NULL, 'FALSE', '2018-06-05 02:46:46', '2018-07-24 08:44:20'),
	(396, '008000001', 'BJ', '008', 'Mayonaise Orange', '3', '3', '3', 1.00, 1.00, 1.00, NULL, 'TRUE', '2018-06-05 02:46:46', NULL),
	(397, '008000002', 'BJ', '008', 'Mayonaise @35', '3', '3', '3', 1.00, 1.00, 1.00, NULL, 'FALSE', '2018-06-05 02:46:46', '2018-07-24 08:10:08'),
	(398, '008000003', 'BJ', '008', 'Mayonaise Putih', '3', '1', '1', 1.00, 1.00, 1.00, NULL, 'TRUE', '2018-06-05 02:46:46', NULL),
	(399, '009000076', 'BJ', '009', 'Kompor kebab', '4', '4', '4', 1.00, 1.00, 1.00, NULL, 'TRUE', '2018-06-05 02:46:46', NULL),
	(400, '009000077', 'BJ', '009', 'Kasa', '4', '4', '4', 1.00, 1.00, 1.00, NULL, 'TRUE', '2018-06-05 02:46:46', NULL),
	(401, '009000078', 'BJ', '011', 'Keramik', '4', '4', '4', 1.00, 1.00, 1.00, NULL, 'TRUE', '2018-06-05 02:46:46', NULL),
	(402, '009000079', 'BJ', '009', 'Chiken Besar Super', '1', '1', '1', 1.00, 1.00, 1.00, NULL, 'TRUE', '2018-06-05 02:46:46', NULL),
	(403, '011000001', 'BJ', '011', 'Botol', '4', '4', '4', 1.00, 1.00, 1.00, NULL, 'TRUE', '2018-06-05 02:46:46', NULL),
	(404, '011000002', 'BJ', '011', 'Botol Mayonaise', '4', '4', '4', 1.00, 1.00, 1.00, NULL, 'FALSE', '2018-06-05 02:46:46', '2018-07-24 08:10:21'),
	(405, '011000003', 'BJ', '011', 'Burner Besar', '4', '4', '4', 1.00, 1.00, 1.00, NULL, 'TRUE', '2018-06-05 02:46:46', '2018-07-24 08:24:14'),
	(406, '011000010', 'BJ', '011', 'Capitan', '4', '4', '4', 1.00, 1.00, 1.00, NULL, 'TRUE', '2018-06-05 02:46:46', NULL),
	(407, '011000016', 'BJ', '011', 'Packaging Burger 100pcs', '1', '1', '1', 1.00, 1.00, 1.00, NULL, 'TRUE', '2018-06-05 02:46:46', NULL),
	(408, '011000017', 'BJ', '011', 'Packaging Kebab 100pcs', '1', '1', '1', 1.00, 1.00, 1.00, NULL, 'TRUE', '2018-06-05 02:46:46', NULL),
	(409, '011000018', 'BJ', '011', 'Packaging Kebab Mini 100pcs', '1', '1', '1', 1.00, 1.00, 1.00, NULL, 'TRUE', '2018-06-05 02:46:46', NULL),
	(410, '011000019', 'BJ', '011', 'Packaging Pita Bread 100pcs', '1', '1', '1', 1.00, 1.00, 1.00, NULL, 'TRUE', '2018-06-05 02:46:46', NULL),
	(411, '011000052', 'BJ', '011', 'Kapi', '4', '4', '4', 1.00, 1.00, 1.00, NULL, 'TRUE', '2018-06-05 02:46:46', NULL),
	(412, '011000053', 'BJ', '011', 'Bestfood Real', '4', '1', '1', 1.00, 1.00, 1.00, NULL, 'TRUE', '2018-06-05 02:46:46', NULL),
	(413, '011000055', 'BJ', '011', 'Bestfood mayo magic', '4', '1', '1', 1.00, 1.00, 1.00, NULL, 'TRUE', '2018-06-05 02:46:46', NULL),
	(414, '011000056', 'BJ', '011', 'wajan 50cm x50cm', '4', '4', '4', 1.00, 1.00, 1.00, NULL, 'FALSE', '2018-06-05 02:46:46', '2018-07-24 08:13:52'),
	(415, '011000058', 'BJ', '011', 'Wajan 30cm x 40cm', '4', '4', '4', 1.00, 1.00, 1.00, NULL, 'TRUE', '2018-06-05 02:46:46', '2018-07-24 08:14:18'),
	(416, '011000059', 'BJ', '011', 'Wajan 30cm x 40cm (list)', '4', '4', '4', 1.00, 1.00, 1.00, NULL, 'TRUE', '2018-06-05 02:46:46', NULL),
	(417, '011000060', 'BJ', '011', 'Wajan 40cm x 40cm', '4', '4', '4', 1.00, 1.00, 1.00, NULL, 'TRUE', '2018-06-05 02:46:46', NULL),
	(418, '011000061', 'BJ', '011', 'Wajan 40cm x 40cm (list)', '4', '4', '4', 1.00, 1.00, 1.00, NULL, 'TRUE', '2018-06-05 02:46:46', NULL),
	(419, '011000062', 'BJ', '011', 'Wajan 40cm x 50cm', '4', '4', '4', 1.00, 1.00, 1.00, NULL, 'TRUE', '2018-06-05 02:46:46', NULL),
	(420, '011000063', 'BJ', '011', 'Wajan 40cm x 50cm (list)', '4', '4', '4', 1.00, 1.00, 1.00, NULL, 'TRUE', '2018-06-05 02:46:46', NULL),
	(422, '011000065', 'BJ', '011', 'Maryam super', '1', '1', '1', 1.00, 1.00, 1.00, NULL, 'TRUE', '2018-06-05 02:46:46', NULL),
	(423, '011000066', 'BJ', '011', 'Burner Kecil', '4', '4', '4', 1.00, 1.00, 1.00, NULL, 'TRUE', '2018-06-05 02:46:46', '2018-07-24 08:18:41'),
	(424, '011000067', 'BJ', '011', 'Pisau @200', '4', '4', '4', 1.00, 1.00, 1.00, NULL, 'TRUE', '2018-06-05 02:46:46', NULL),
	(425, '011000068', 'BJ', '011', 'Tortilla Besar H', '4', '4', '4', 1.00, 1.00, 1.00, NULL, 'TRUE', '2018-06-05 02:46:46', NULL),
	(426, '011000069', 'BJ', '011', 'Tortilla Sedang H', '4', '4', '4', 1.00, 1.00, 1.00, NULL, 'TRUE', '2018-06-05 02:46:46', NULL),
	(427, '011000070', 'BJ', '011', 'Daging Kebab Sapi 2 Kg @110', '4', '4', '4', 1.00, 1.00, 1.00, NULL, 'FALSE', '2018-06-05 02:46:46', '2018-07-24 09:14:01'),
	(428, '011000071', 'BJ', '011', 'Pisau @400', '4', '4', '4', 1.00, 1.00, 1.00, NULL, 'TRUE', '2018-06-05 02:46:46', NULL),
	(429, '011000072', 'BJ', '011', 'Kran Burner', '4', '4', '4', 1.00, 1.00, 1.00, NULL, 'TRUE', '2018-06-05 02:46:46', NULL),
	(430, '011000073', 'BJ', '011', 'Pisau ', '4', '4', '4', 1.00, 1.00, 1.00, NULL, 'TRUE', '2018-06-05 02:46:46', NULL),
	(431, '011000074', 'BJ', '011', 'Daging Kebab Sapi 2 Kg TAMMA', '4', '4', '4', 1.00, 1.00, 1.00, NULL, 'FALSE', '2018-06-05 02:46:46', '2018-07-24 08:45:45'),
	(432, '011000075', 'BJ', '011', 'Saos Sambal Delmonte', '4', '4', '4', 1.00, 1.00, 1.00, NULL, 'TRUE', '2018-06-05 02:46:46', '2018-07-24 08:05:53'),
	(433, '011000076', 'BJ', '011', 'Chiken Special', '4', '4', '4', 1.00, 1.00, 1.00, NULL, 'TRUE', '2018-06-05 02:46:46', NULL),
	(434, '011000077', 'BJ', '011', 'Burner besar KW1', '4', '4', '4', 1.00, 1.00, 1.00, NULL, 'FALSE', '2018-06-05 02:46:46', '2018-07-24 08:22:36'),
	(435, '011000078', 'BJ', '011', 'Tiang Daging', '4', '4', '4', 1.00, 1.00, 1.00, NULL, 'FALSE', '2018-06-05 02:46:46', '2018-07-24 08:44:56'),
	(436, '011000079', 'BJ', '011', 'Daging 4 kg KW3', '4', '4', '4', 1.00, 1.00, 1.00, NULL, 'FALSE', '2018-06-05 02:46:46', '2018-07-24 08:47:31'),
	(437, '011000080', 'BJ', '011', 'Daging 2 kg KW3 ', '4', '4', '4', 1.00, 1.00, 1.00, NULL, 'FALSE', '2018-06-05 02:46:46', '2018-07-24 09:12:16'),
	(438, '011000081', 'BJ', '011', 'Cone/Pizaa', '4', '4', '4', 1.00, 1.00, 1.00, NULL, 'TRUE', '2018-06-05 02:46:46', NULL),
	(439, '011000082', 'BJ', '011', 'Burner Auto', '4', '4', '4', 1.00, 1.00, 1.00, NULL, 'FALSE', '2018-06-05 02:46:46', '2018-07-24 08:20:15'),
	(440, '011000083', 'BJ', '011', 'Sosis Sapi', '1', '1', '1', 1.00, 1.00, 1.00, NULL, 'TRUE', '2018-06-05 02:46:46', NULL),
	(441, '011000084', 'BJ', '011', 'Sosis Ayam', '1', '1', '1', 1.00, 1.00, 1.00, NULL, 'TRUE', '2018-06-05 02:46:46', NULL),
	(442, '011000085', 'BJ', '011', 'Daging Kebab Kambing 4 Kg', '1', '1', '1', 1.00, 1.00, 1.00, NULL, 'TRUE', '2018-06-05 02:46:46', NULL),
	(443, '011000086', 'BJ', '011', 'Daging Kebab Ayam 4 Kg', '1', '1', '1', 1.00, 1.00, 1.00, NULL, 'TRUE', '2018-06-05 02:46:46', NULL),
	(444, '011000087', 'BJ', '011', 'Saos Tomat Delmonte', '4', '4', '4', 1.00, 1.00, 1.00, NULL, 'TRUE', '2018-06-05 02:46:46', '2018-07-24 08:06:11'),
	(445, '011000088', 'BJ', '013', 'Capucino Cincau', '1', '1', '1', 1.00, 1.00, 1.00, NULL, 'TRUE', '2018-06-05 02:46:46', NULL),
	(446, '011000089', 'BJ', '011', 'Daging kebab 2 kg HERBAL', '1', '1', '1', 1.00, 1.00, 1.00, NULL, 'FALSE', '2018-06-05 02:46:46', '2018-07-24 08:45:23'),
	(447, '011000090', 'BJ', '011', 'Maryam Coklat', '1', '1', '1', 1.00, 1.00, 1.00, NULL, 'TRUE', '2018-06-05 02:46:46', NULL),
	(448, '011000091', 'BJ', '011', 'Maryam Abon', '1', '1', '1', 1.00, 1.00, 1.00, NULL, 'TRUE', '2018-06-05 02:46:46', NULL),
	(449, '011000092', 'BJ', '011', 'Maryam Original', '1', '1', '1', 1.00, 1.00, 1.00, NULL, 'TRUE', '2018-06-05 02:46:46', NULL),
	(450, '011000093', 'BJ', '011', 'Daging Kebab Sahara 4kg Reguler', '1', '1', '1', 1.00, 1.00, 1.00, NULL, 'TRUE', '2018-06-05 02:46:46', '2018-07-25 04:49:30'),
	(451, '011000094', 'BJ', '011', 'Daging Kebab Sapi 2 kg SAHARA', '1', '1', '1', 1.00, 1.00, 1.00, NULL, 'FALSE', '2018-06-05 02:46:46', '2018-07-24 09:17:55'),
	(452, '011000095', 'BJ', '013', 'Cappucino @ 25 pcs', '1', '1', '1', 1.00, 1.00, 1.00, NULL, 'TRUE', '2018-06-05 02:46:46', NULL),
	(453, '011000096', 'BJ', '013', 'Royal Chocolate @ 25pcs', '1', '1', '1', 1.00, 1.00, 1.00, NULL, 'TRUE', '2018-06-05 02:46:46', NULL),
	(454, '011000097', 'BJ', '013', 'Vanilla @ 25 pcs', '1', '1', '1', 1.00, 1.00, 1.00, NULL, 'TRUE', '2018-06-05 02:46:46', NULL),
	(455, '011000098', 'BJ', '013', 'Bubble Gum B2 @ 25 pcs', '1', '1', '1', 1.00, 1.00, 1.00, NULL, 'TRUE', '2018-06-05 02:46:46', NULL),
	(456, '011000099', 'BJ', '011', 'Ram Burner', '1', '1', '1', 1.00, 1.00, 1.00, NULL, 'FALSE', '2018-06-05 02:46:46', '2018-07-24 08:23:34'),
	(457, '011000100', 'BJ', '013', 'Green Tea @ 25pcs', '1', '1', '1', 1.00, 1.00, 1.00, NULL, 'TRUE', '2018-06-05 02:46:46', NULL),
	(458, '011000101', 'BJ', '013', 'Coffe Caramel @ 25pcs', '1', '1', '1', 1.00, 1.00, 1.00, NULL, 'TRUE', '2018-06-05 02:46:46', NULL),
	(459, '011000102', 'BJ', '013', 'Mochacino B2 @25pcs', '1', '1', '1', 1.00, 1.00, 1.00, NULL, 'TRUE', '2018-06-05 02:46:46', NULL),
	(460, '011000103', 'BJ', '013', 'Choco Caramel B2 @25pcs', '1', '1', '1', 1.00, 1.00, 1.00, NULL, 'TRUE', '2018-06-05 02:46:46', NULL),
	(461, '011000104', 'BJ', '011', 'Daging Kebab 4 kg HERBAL', '1', '1', '1', 1.00, 1.00, 1.00, NULL, 'FALSE', '2018-06-05 02:46:46', '2018-07-24 08:47:00'),
	(462, '011000105', 'BJ', '011', 'Rombong', '4', '4', '4', 1.00, 1.00, 1.00, NULL, 'TRUE', '2018-06-05 02:46:46', NULL),
	(463, '011000106', 'BJ', '011', 'Roti Kid Burger', '1', '1', '1', 1.00, 1.00, 1.00, NULL, 'FALSE', '2018-06-05 02:46:46', '2018-07-24 07:56:11'),
	(464, '011000107', 'BJ', '011', 'Roti Kid Hotdog', '1', '1', '1', 1.00, 1.00, 1.00, NULL, 'FALSE', '2018-06-05 02:46:46', '2018-07-24 07:56:27'),
	(465, '011000108', 'BJ', '011', 'Roti Bun Polos', '1', '1', '1', 1.00, 1.00, 1.00, NULL, 'FALSE', '2018-06-05 02:46:46', '2018-07-24 07:56:42'),
	(466, '011000109', 'BJ', '011', 'Roti Burger Wijen @11.700', '1', '1', '1', 1.00, 1.00, 1.00, NULL, 'FALSE', '2018-06-05 02:46:46', '2018-07-24 07:57:47'),
	(467, '011000110', 'BJ', '011', 'Roti Burger Junior ', '1', '1', '1', 1.00, 1.00, 1.00, NULL, 'FALSE', '2018-06-05 02:46:46', '2018-07-24 07:57:32'),
	(468, '011000111', 'BJ', '011', 'Roti Hotdog Polos', '1', '1', '1', 1.00, 1.00, 1.00, NULL, 'FALSE', '2018-06-05 02:46:46', '2018-07-24 07:57:12'),
	(469, '011000112', 'BJ', '011', 'Deli Beef Bratwust', '1', '1', '1', 1.00, 1.00, 1.00, NULL, 'TRUE', '2018-06-05 02:46:46', NULL),
	(470, '011000113', 'BJ', '011', 'Ring Donat', '4', '4', '4', 1.00, 1.00, 1.00, NULL, 'TRUE', '2018-06-05 02:46:46', NULL),
	(471, '011000114', 'BJ', '011', 'Pizza Salami', '4', '4', '4', 1.00, 1.00, 1.00, NULL, 'TRUE', '2018-06-05 02:46:46', NULL),
	(472, '011000115', 'BJ', '011', 'Burger Sapi Mini', '1', '1', '1', 1.00, 1.00, 1.00, NULL, 'TRUE', '2018-06-05 02:46:46', NULL),
	(473, '011000116', 'BJ', '011', 'Burger Ayam', '1', '1', '1', 1.00, 1.00, 1.00, NULL, 'TRUE', '2018-06-05 02:46:46', NULL),
	(474, '011000117', 'BJ', '011', 'Burger Sapi', '1', '1', '1', 1.00, 1.00, 1.00, NULL, 'TRUE', '2018-06-05 02:46:46', NULL),
	(475, '011000118', 'BJ', '011', 'Sosis Sapi @63.100', '1', '1', '1', 1.00, 1.00, 1.00, NULL, 'TRUE', '2018-06-05 02:46:46', NULL),
	(476, '011000119', 'BJ', '011', 'Burger Patties', '1', '1', '1', 1.00, 1.00, 1.00, NULL, 'TRUE', '2018-06-05 02:46:46', NULL),
	(477, '011000120', 'BJ', '011', 'Burger Ayam Crispy', '1', '1', '1', 1.00, 1.00, 1.00, NULL, 'TRUE', '2018-06-05 02:46:46', NULL),
	(478, '011000121', 'BJ', '011', 'Nagget Udang', '1', '1', '1', 1.00, 1.00, 1.00, NULL, 'TRUE', '2018-06-05 02:46:46', NULL),
	(479, '011000122', 'BJ', '011', 'Maryam Original Jumbo', '1', '1', '1', 1.00, 1.00, 1.00, NULL, 'TRUE', '2018-06-05 02:46:46', NULL),
	(480, '011000123', 'BJ', '011', 'Daging Kebab 2 kg SAHARA tanpa Tiang', '1', '1', '1', 1.00, 1.00, 1.00, NULL, 'FALSE', '2018-06-05 02:46:46', '2018-07-25 04:52:12'),
	(481, '011000124', 'BJ', '011', 'Sarangan Burner', '4', '4', '4', 1.00, 1.00, 1.00, NULL, 'FALSE', '2018-06-05 02:46:46', '2018-07-24 08:25:34'),
	(482, '011000125', 'BJ', '011', 'packaging Kebab Dus', '1', '1', '1', 1.00, 1.00, 1.00, NULL, 'TRUE', '2018-06-05 02:46:46', NULL),
	(483, '011000126', 'BJ', '011', 'Packaging Burger DUs', '1', '1', '1', 1.00, 1.00, 1.00, NULL, 'TRUE', '2018-06-05 02:46:46', NULL),
	(484, '011000127', 'BJ', '011', 'Burner Besar Pematik', '4', '4', '4', 1.00, 1.00, 1.00, NULL, 'FALSE', '2018-06-05 02:46:46', '2018-07-24 08:16:18'),
	(485, '011000128', 'BJ', '011', 'Burner Kecil Pematik', '4', '4', '4', 1.00, 1.00, 1.00, NULL, 'FALSE', '2018-06-05 02:46:46', '2018-07-24 08:19:56'),
	(486, '011000129', 'BJ', '011', 'Maryam Mini isi 10pcs', '1', '1', '1', 1.00, 1.00, 1.00, NULL, 'TRUE', '2018-06-05 02:46:46', NULL),
	(487, '011000130', 'BJ', '011', 'Daging Kebab Sapi 2 kg Baru', '1', '1', '1', 1.00, 1.00, 1.00, NULL, 'FALSE', '2018-06-05 02:46:46', '2018-07-24 09:12:48'),
	(488, '011000131', 'BJ', '011', 'Beef Besar', '1', '1', '1', 1.00, 1.00, 1.00, NULL, 'TRUE', '2018-06-05 02:46:46', NULL),
	(489, '011000132', 'BJ', '011', 'Chiken Besar', '1', '1', '1', 1.00, 1.00, 1.00, NULL, 'TRUE', '2018-06-05 02:46:46', NULL),
	(490, '011000133', 'BJ', '011', 'Daging Kebab Ayam Special 4 kg', '1', '1', '1', 1.00, 1.00, 1.00, NULL, 'FALSE', '2018-06-05 02:46:46', '2018-07-24 09:10:21'),
	(491, '011000134', 'BJ', '011', 'Packaging Kebab indokebab', '1', '1', '1', 1.00, 1.00, 1.00, NULL, 'TRUE', '2018-06-05 02:46:46', NULL),
	(492, '011000135', 'BJ', '011', 'Packaging Burger Indokebab', '1', '1', '1', 1.00, 1.00, 1.00, NULL, 'TRUE', '2018-06-05 02:46:46', NULL),
	(493, '011000136', 'BJ', '011', 'Sosis Bakar Sapi', '1', '1', '1', 1.00, 1.00, 1.00, NULL, 'TRUE', '2018-06-05 02:46:46', NULL),
	(494, '011000137', 'BJ', '011', 'Daging Kebab Sapi Putih', '1', '1', '1', 1.00, 1.00, 1.00, NULL, 'FALSE', '2018-06-05 02:46:46', '2018-07-24 09:11:33'),
	(495, '011000138', 'BJ', '011', 'Daging Kebab Sapi Merah', '1', '1', '1', 1.00, 1.00, 1.00, NULL, 'FALSE', '2018-06-05 02:46:46', '2018-07-24 09:13:17'),
	(496, '011000139', 'BJ', '011', 'Sosis Bakar Ayam', '1', '1', '1', 1.00, 1.00, 1.00, NULL, 'TRUE', '2018-06-05 02:46:46', NULL),
	(497, '011000140', 'BJ', '011', 'Bong Sisha', '4', '4', '4', 1.00, 1.00, 1.00, NULL, 'TRUE', '2018-06-05 02:46:46', NULL),
	(498, '011000141', 'BJ', '011', 'Essennce Sisha', '4', '4', '4', 1.00, 1.00, 1.00, NULL, 'TRUE', '2018-06-05 02:46:46', NULL),
	(499, '011000142', 'BJ', '011', 'Arang Sisha', '4', '4', '4', 1.00, 1.00, 1.00, NULL, 'TRUE', '2018-06-05 02:46:46', NULL),
	(500, '011000143', 'BJ', '011', 'Sosis Bakar Sapi Blackpepper', '1', '1', '1', 1.00, 1.00, 1.00, NULL, 'TRUE', '2018-06-05 02:46:46', NULL),
	(501, '011000144', 'BJ', '011', 'Sosis Bakar Sapi Cheese', '1', '1', '1', 1.00, 1.00, 1.00, NULL, 'TRUE', '2018-06-05 02:46:46', NULL),
	(502, '011000145', 'BJ', '014', 'Kebab Durian', '1', '1', '1', 1.00, 1.00, 1.00, NULL, 'TRUE', '2018-06-05 02:46:46', NULL),
	(503, '011000146', 'BJ', '014', 'Kebab Sapi Original', '1', '1', '1', 1.00, 1.00, 1.00, NULL, 'TRUE', '2018-06-05 02:46:46', NULL),
	(504, '011000147', 'BJ', '014', 'Kebab Ayam Teriyaki', '1', '1', '1', 1.00, 1.00, 1.00, NULL, 'TRUE', '2018-06-05 02:46:46', NULL),
	(505, '011000148', 'BJ', '011', 'Daging Kebab Sahara 4kg Premium', '1', '1', '1', 1.00, 1.00, 1.00, NULL, 'TRUE', '2018-06-05 02:46:46', '2018-09-21 02:35:04'),
	(506, '011000149', 'BJ', '011', 'Panggangan Sosis', '4', '4', '4', 1.00, 1.00, 1.00, NULL, 'TRUE', '2018-06-05 02:46:46', NULL),
	(507, '011000150', 'BJ', '011', 'Pisau impor', '4', '4', '4', 1.00, 1.00, 1.00, NULL, 'TRUE', '2018-06-05 02:46:46', NULL),
	(508, '011000151', 'BJ', '011', 'Saos Barbeque', '1', '1', '1', 1.00, 1.00, 1.00, NULL, 'TRUE', '2018-06-05 02:46:46', NULL),
	(509, '011000152', 'BJ', '011', 'Kroket sayur', '1', '1', '1', 1.00, 1.00, 1.00, NULL, 'TRUE', '2018-06-05 02:46:46', NULL),
	(510, '011000153', 'BJ', '011', 'Pastel Daging', '1', '1', '1', 1.00, 1.00, 1.00, NULL, 'TRUE', '2018-06-05 02:46:46', '2018-09-21 02:37:04'),
	(511, '011000154', 'BJ', '011', 'Risoles', '1', '1', '1', 1.00, 1.00, 1.00, NULL, 'TRUE', '2018-06-05 02:46:46', NULL),
	(512, '011000155', 'BJ', '011', 'Risoles Mayonaise', '1', '1', '1', 1.00, 1.00, 1.00, NULL, 'TRUE', '2018-06-05 02:46:46', NULL),
	(513, '011000156', 'BJ', '011', 'Roll Corn', '1', '1', '1', 1.00, 1.00, 1.00, NULL, 'TRUE', '2018-06-05 02:46:46', NULL),
	(514, '011000157', 'BJ', '011', 'Lemper Bakar Daging', '1', '1', '1', 1.00, 1.00, 1.00, NULL, 'TRUE', '2018-06-05 02:46:46', '2018-09-21 02:38:08'),
	(515, '011000158', 'BJ', '011', 'Martabak', '1', '1', '1', 1.00, 1.00, 1.00, NULL, 'TRUE', '2018-06-05 02:46:46', NULL),
	(516, '011000159', 'BJ', '011', 'Tahu Bakso', '1', '1', '1', 1.00, 1.00, 1.00, NULL, 'TRUE', '2018-06-05 02:46:46', NULL),
	(517, '011000160', 'BJ', '011', 'Sosis Solo', '1', '1', '1', 1.00, 1.00, 1.00, NULL, 'TRUE', '2018-06-05 02:46:46', NULL),
	(518, '011000161', 'BJ', '011', 'Pastel Ayam', '1', '1', '1', 1.00, 1.00, 1.00, NULL, 'TRUE', '2018-06-05 02:46:46', NULL),
	(519, '011000162', 'BJ', '011', 'Lumpia Ayam', '1', '1', '1', 1.00, 1.00, 1.00, NULL, 'TRUE', '2018-06-05 02:46:46', NULL),
	(520, '011000163', 'BJ', '011', 'Sambosa', '1', '1', '1', 1.00, 1.00, 1.00, NULL, 'TRUE', '2018-06-05 02:46:46', NULL),
	(521, '011000164', 'BJ', '011', 'Onde-onde', '1', '1', '1', 1.00, 1.00, 1.00, NULL, 'TRUE', '2018-06-05 02:46:46', NULL),
	(522, '011000165', 'BJ', '011', 'Donat Original', '1', '1', '1', 1.00, 1.00, 1.00, NULL, 'TRUE', '2018-06-05 02:46:46', NULL),
	(523, '011000166', 'BJ', '011', 'Donat Isi Keju/ Coklat/Stawberry/Blueberry', '1', '1', '1', 1.00, 1.00, 1.00, NULL, 'TRUE', '2018-06-05 02:46:46', NULL),
	(524, '011000167', 'BJ', '011', 'Lumpia Daging', '1', '1', '1', 1.00, 1.00, 1.00, NULL, 'TRUE', '2018-06-05 02:46:46', '2018-09-21 02:38:54'),
	(525, '011000168', 'BJ', '011', 'Lumpur Kentang', '1', '1', '1', 1.00, 1.00, 1.00, NULL, 'TRUE', '2018-06-05 02:46:46', NULL),
	(526, '011000169', 'BJ', '011', 'Brota Kacang', '1', '1', '1', 1.00, 1.00, 1.00, NULL, 'TRUE', '2018-06-05 02:46:46', NULL),
	(527, '011000170', 'BJ', '011', 'Daging Kebab Sapi 4 Kg TAMMA KW1', '1', '1', '1', 1.00, 1.00, 1.00, NULL, 'FALSE', '2018-06-05 02:46:46', '2018-07-24 09:14:50'),
	(528, '011000171', 'BJ', '011', 'American Dough Pizza', '1', '1', '1', 1.00, 1.00, 1.00, NULL, 'TRUE', '2018-06-05 02:46:46', NULL),
	(529, '011000172', 'BJ', '011', 'Kentang', '1', '1', '1', 1.00, 1.00, 1.00, NULL, 'TRUE', '2018-06-05 02:46:46', NULL),
	(530, '011000173', 'BJ', '011', 'Daging Kebab Sapi 1 kg TAMMAFOOD', '1', '1', '1', 1.00, 1.00, 1.00, NULL, 'FALSE', '2018-06-05 02:46:46', '2018-07-24 09:15:26'),
	(531, '011000174', 'BJ', '011', 'Daging Kebab Sapi 2 Kg tnp tiang TAMMAFOOD', '1', '1', '1', 1.00, 1.00, 1.00, NULL, 'FALSE', '2018-06-05 02:46:46', '2018-09-21 11:36:58'),
	(532, '011000175', 'BJ', '011', 'Beef Besar Super', '1', '1', '1', 1.00, 1.00, 1.00, NULL, 'TRUE', '2018-06-05 02:46:46', NULL),
	(533, '011000176', 'BJ', '011', 'Lectus', '3', '3', '3', 1.00, 1.00, 1.00, NULL, 'TRUE', '2018-06-05 02:46:46', NULL),
	(534, '011000177', 'BJ', '011', 'Chicken Besar Super', '1', '1', '1', 1.00, 1.00, 1.00, NULL, 'TRUE', '2018-06-05 02:46:46', NULL),
	(535, '011000178', 'BJ', '011', 'Framelist', '4', '4', '4', 1.00, 1.00, 1.00, NULL, 'TRUE', '2018-06-05 02:46:46', NULL),
	(536, '011000179', 'BJ', '011', 'Rumah Burner', '1', '1', '1', 1.00, 1.00, 1.00, NULL, 'FALSE', '2018-06-05 02:46:46', '2018-07-24 08:25:51'),
	(537, '011000180', 'BJ', '011', 'Pizza Mini', '1', '1', '1', 1.00, 1.00, 1.00, NULL, 'TRUE', '2018-06-05 02:46:46', NULL),
	(538, '011000181', 'BJ', '011', 'Wajan 40cm x 70cm', '4', '4', '4', 1.00, 1.00, 1.00, NULL, 'FALSE', '2018-06-05 02:46:46', '2018-07-24 08:14:48'),
	(539, '011000182', 'BJ', '011', 'Grill kotak 45gr', '1', '1', '1', 1.00, 1.00, 1.00, NULL, 'TRUE', '2018-06-05 02:46:46', NULL),
	(540, '011000183', 'BJ', '011', 'Beef Bulat 60gr', '1', '1', '1', 1.00, 1.00, 1.00, NULL, 'TRUE', '2018-06-05 02:46:46', NULL),
	(541, '011000184', 'BJ', '011', 'Beef Bulat 70gr', '1', '1', '1', 1.00, 1.00, 1.00, NULL, 'TRUE', '2018-06-05 02:46:46', NULL),
	(542, '011000185', 'BJ', '011', 'Beef Kotak 90gr', '1', '1', '1', 1.00, 1.00, 1.00, NULL, 'TRUE', '2018-06-05 02:46:46', NULL),
	(543, '011000186', 'BJ', '011', 'Chiken grill  Bulat 60gr', '1', '1', '1', 1.00, 1.00, 1.00, NULL, 'TRUE', '2018-06-05 02:46:46', NULL),
	(544, '011000187', 'BJ', '011', 'Bitterballen', '1', '1', '1', 1.00, 1.00, 1.00, NULL, 'TRUE', '2018-06-05 02:46:46', NULL),
	(545, '011000188', 'BJ', '011', 'Roti Bun Wijen', '1', '1', '1', 1.00, 1.00, 1.00, NULL, 'TRUE', '2018-06-05 02:46:46', NULL),
	(546, '011000189', 'BJ', '011', 'Roti Hotdog Wijen MCD', '1', '1', '1', 1.00, 1.00, 1.00, NULL, 'FALSE', '2018-06-05 02:46:46', '2018-07-24 07:58:04'),
	(547, '011000190', 'BJ', '011', 'Panza Roti', '1', '1', '1', 1.00, 1.00, 1.00, NULL, 'FALSE', '2018-06-05 02:46:46', '2018-07-24 07:58:17'),
	(548, '011000191', 'BJ', '011', 'Grill Kotak 60gr', '1', '1', '1', 1.00, 1.00, 1.00, NULL, 'TRUE', '2018-06-05 02:46:46', NULL),
	(549, '011000192', 'BJ', '011', 'Tembaga pipa / Spuyer', '4', '4', '4', 1.00, 1.00, 1.00, NULL, 'TRUE', '2018-06-05 02:46:46', NULL),
	(550, '011000193', 'BJ', '011', 'Pipa Tiang', '4', '4', '4', 1.00, 1.00, 1.00, NULL, 'TRUE', '2018-06-05 02:46:46', NULL),
	(551, '011000194', 'BJ', '011', 'tusukan burner', '4', '4', '4', 1.00, 1.00, 1.00, NULL, 'FALSE', '2018-06-05 02:46:46', '2018-07-24 08:20:42'),
	(552, '011000195', 'BJ', '011', 'Pizza Dough', '4', '4', '4', 1.00, 1.00, 1.00, NULL, 'TRUE', '2018-06-05 02:46:46', NULL),
	(553, '011000196', 'BJ', '011', 'Plastik bungkus hotdog', '4', '4', '4', 1.00, 1.00, 1.00, NULL, 'TRUE', '2018-06-05 02:46:46', NULL),
	(554, '011000198', 'BJ', '011', 'Beef kotak 45gr', '1', '1', '1', 1.00, 1.00, 1.00, NULL, 'TRUE', '2018-06-05 02:46:46', NULL),
	(555, '011000199', 'BJ', '011', 'donat keju', '1', '1', '1', 1.00, 1.00, 1.00, NULL, 'TRUE', '2018-06-05 02:46:46', NULL),
	(556, '011000200', 'BJ', '011', 'donat coklat', '1', '1', '1', 1.00, 1.00, 1.00, NULL, 'TRUE', '2018-06-05 02:46:46', NULL),
	(557, '011000201', 'BJ', '011', 'donat stawberry', '1', '1', '1', 1.00, 1.00, 1.00, NULL, 'TRUE', '2018-06-05 02:46:46', NULL),
	(558, '011000202', 'BJ', '011', 'wajan 32 cm', '4', '4', '4', 1.00, 1.00, 1.00, NULL, 'FALSE', '2018-06-05 02:46:46', '2018-07-24 08:15:14'),
	(559, '011000203', 'BJ', '011', 'saos tomat mc.lewis', '4', '4', '4', 1.00, 1.00, 1.00, NULL, 'FALSE', '2018-06-05 02:46:46', '2018-07-24 08:05:17'),
	(560, '011000204', 'BJ', '011', 'mayonaise mc lewis', '4', '4', '4', 1.00, 1.00, 1.00, NULL, 'FALSE', '2018-06-05 02:46:46', '2018-07-24 08:09:49'),
	(561, '011000205', 'BJ', '011', 'Roti Bun Wijen Hitam', '1', '1', '1', 1.00, 1.00, 1.00, NULL, 'TRUE', '2018-06-05 02:46:46', '2018-07-24 07:59:02'),
	(562, '011000206', 'BJ', '011', 'Tortilla sedang keju', '1', '1', '1', 1.00, 1.00, 1.00, NULL, 'TRUE', '2018-06-05 02:46:46', NULL),
	(563, '011000207', 'BJ', '011', 'Daging Kebab Sapi 4 kg Premium Sahara', '4', '4', '4', 1.00, 1.00, 1.00, NULL, 'TRUE', '2018-06-05 02:46:46', '2018-09-21 11:37:26'),
	(564, '011000208', 'BJ', '011', 'Daging Kebab Sapi Kemfood 500gr', '1', '1', '1', 1.00, 1.00, 1.00, NULL, 'FALSE', '2018-06-05 02:46:46', '2018-07-25 04:55:24'),
	(565, '011000209', 'BJ', '011', 'Daging Kebab Kambing Kemfood 500gr', '1', '1', '1', 1.00, 1.00, 1.00, NULL, 'FALSE', '2018-06-05 02:46:46', '2018-07-24 09:15:50'),
	(566, '011000210', 'BJ', '011', 'Daging Kebab Ayam Kemfood 500gr', '1', '1', '1', 1.00, 1.00, 1.00, NULL, 'FALSE', '2018-06-05 02:46:46', '2018-07-25 04:55:47'),
	(567, '011000211', 'BJ', '011', 'Daging Kebab Sapi Premium 2 kg Tiang Sahara  ', '1', '1', '1', 1.00, 1.00, 1.00, NULL, 'FALSE', '2018-06-05 02:46:46', '2018-09-21 11:36:09'),
	(568, '011000212', 'BJ', '011', 'TABUNG LPG 3 Kg', '4', '4', '4', 1.00, 1.00, 1.00, NULL, 'TRUE', '2018-06-05 02:46:46', NULL),
	(569, '011000213', 'BJ', '011', 'SERBET', '4', '4', '4', 1.00, 1.00, 1.00, NULL, 'TRUE', '2018-06-05 02:46:46', NULL),
	(570, '011000214', 'BJ', '011', 'CLEAR LIQUID', '4', '4', '4', 1.00, 1.00, 1.00, NULL, 'TRUE', '2018-06-05 02:46:46', NULL),
	(571, '011000215', 'BJ', '011', 'Beef burger sahara', '1', '1', '1', 1.00, 1.00, 1.00, NULL, 'TRUE', '2018-06-05 02:46:46', NULL),
	(572, '011000216', 'BJ', '011', 'Kentang 500 Grm', '1', '1', '1', 1.00, 1.00, 1.00, NULL, 'TRUE', '2018-06-05 02:46:46', NULL),
	(574, '013000001', 'BJ', '003', 'Box TB', '4', '4', '4', 1.00, 1.00, 1.00, NULL, 'FALSE', '2018-06-05 02:46:46', '2018-07-25 08:11:19'),
	(575, '013000002', 'BJ', '003', 'Box TS', '4', '4', '4', 1.00, 1.00, 1.00, NULL, 'FALSE', '2018-06-05 02:46:46', '2018-07-25 08:10:31'),
	(576, '013000003', 'BJ', '003', 'Box TM', '4', '4', '4', 1.00, 1.00, 1.00, NULL, 'FALSE', '2018-06-05 02:46:46', '2018-07-25 08:11:34'),
	(577, '013000004', 'BJ', '013', 'Royal Chocolate original 1 kg', '1', '1', '1', 1.00, 1.00, 1.00, NULL, 'TRUE', '2018-06-05 02:46:46', NULL),
	(578, '013000005', 'BJ', '013', 'Green Tea original 1 kg', '1', '1', '1', 1.00, 1.00, 1.00, NULL, 'TRUE', '2018-06-05 02:46:46', NULL),
	(579, '013000006', 'BJ', '013', 'Peppermint original 1 kg', '1', '1', '1', 1.00, 1.00, 1.00, NULL, 'TRUE', '2018-06-05 02:46:46', NULL),
	(580, '013000007', 'BJ', '013', 'Vanilla original 1 kg', '1', '1', '1', 1.00, 1.00, 1.00, NULL, 'TRUE', '2018-06-05 02:46:46', NULL),
	(581, '013000008', 'BJ', '013', 'Chocolate original 1 kg', '1', '1', '1', 1.00, 1.00, 1.00, NULL, 'TRUE', '2018-06-05 02:46:46', NULL),
	(582, '013000009', 'BJ', '013', 'Vanilla Late original 1 kg', '1', '1', '1', 1.00, 1.00, 1.00, NULL, 'TRUE', '2018-06-05 02:46:46', NULL),
	(583, '013000010', 'BJ', '013', 'Choco Mint original 1 kg', '1', '1', '1', 1.00, 1.00, 1.00, NULL, 'TRUE', '2018-06-05 02:46:46', NULL),
	(584, '013000011', 'BJ', '013', 'Coffe Caramel original 1 kg', '1', '1', '1', 1.00, 1.00, 1.00, NULL, 'TRUE', '2018-06-05 02:46:46', NULL),
	(585, '013000012', 'BJ', '013', 'Dubble Gum original 1 kg', '1', '1', '1', 1.00, 1.00, 1.00, NULL, 'TRUE', '2018-06-05 02:46:46', NULL),
	(586, '013000013', 'BJ', '013', 'Taro original 1 kg', '1', '1', '1', 1.00, 1.00, 1.00, NULL, 'TRUE', '2018-06-05 02:46:46', NULL),
	(587, '013000014', 'BJ', '013', 'Durian original 1 kg', '1', '1', '1', 1.00, 1.00, 1.00, NULL, 'TRUE', '2018-06-05 02:46:46', NULL),
	(588, '013000015', 'BJ', '013', 'Cappucino original 1 kg', '1', '1', '1', 1.00, 1.00, 1.00, NULL, 'TRUE', '2018-06-05 02:46:46', NULL),
	(589, '013000016', 'BJ', '013', 'Milk Tea original 1 kg', '1', '1', '1', 1.00, 1.00, 1.00, NULL, 'TRUE', '2018-06-05 02:46:46', NULL),
	(590, '013000017', 'BJ', '013', 'Red Ginger Original 1 kg', '1', '1', '1', 1.00, 1.00, 1.00, NULL, 'TRUE', '2018-06-05 02:46:46', NULL),
	(591, '013000018', 'BJ', '013', 'Caramello original 1 kg', '1', '1', '1', 1.00, 1.00, 1.00, NULL, 'TRUE', '2018-06-05 02:46:46', NULL),
	(592, '013000019', 'BJ', '013', 'Choco Caramel original 1 kg', '1', '1', '1', 1.00, 1.00, 1.00, NULL, 'TRUE', '2018-06-05 02:46:46', NULL),
	(593, '013000020', 'BJ', '013', 'Creamer original 1 kg', '1', '1', '1', 1.00, 1.00, 1.00, NULL, 'TRUE', '2018-06-05 02:46:46', NULL),
	(594, '013000021', 'BJ', '013', 'Mochacino original 1 kg', '1', '1', '1', 1.00, 1.00, 1.00, NULL, 'TRUE', '2018-06-05 02:46:46', NULL),
	(595, '013000022', 'BJ', '013', 'Cokotaro original 1 kg', '1', '1', '1', 1.00, 1.00, 1.00, NULL, 'TRUE', '2018-06-05 02:46:46', NULL),
	(596, '013000023', 'BJ', '013', 'Vanilla Blue original 1 kg', '1', '1', '1', 1.00, 1.00, 1.00, NULL, 'TRUE', '2018-06-05 02:46:46', NULL),
	(597, '013000024', 'BJ', '013', 'Choco Creamy Original 1 kg', '1', '1', '1', 1.00, 1.00, 1.00, NULL, 'TRUE', '2018-06-05 02:46:46', NULL),
	(598, '013000025', 'BJ', '013', 'Chocolate @ 25 pcs', '1', '1', '1', 1.00, 1.00, 1.00, NULL, 'TRUE', '2018-06-05 02:46:46', NULL),
	(599, '013000026', 'BJ', '013', 'Vanilla Late @ 25 pcs', '1', '1', '1', 1.00, 1.00, 1.00, NULL, 'TRUE', '2018-06-05 02:46:46', NULL),
	(600, '013000027', 'BJ', '013', 'Choco Mint @ 25 pcs', '1', '1', '1', 1.00, 1.00, 1.00, NULL, 'TRUE', '2018-06-05 02:46:46', NULL),
	(601, '013000028', 'BJ', '013', 'Vanilla Blue @ 25 pcs', '1', '1', '1', 1.00, 1.00, 1.00, NULL, 'TRUE', '2018-06-05 02:46:46', NULL),
	(602, '013000029', 'BJ', '013', 'Choco Creamy @ 25 pcs', '1', '1', '1', 1.00, 1.00, 1.00, NULL, 'TRUE', '2018-06-05 02:46:46', NULL),
	(603, '013000030', 'BJ', '013', 'Taro @ 25 pcs', '4', '1', '1', 1.00, 1.00, 1.00, NULL, 'TRUE', '2018-06-05 02:46:46', NULL),
	(604, '013000031', 'BJ', '013', 'Durian @ 25 pcs', '1', '1', '1', 1.00, 1.00, 1.00, NULL, 'TRUE', '2018-06-05 02:46:46', NULL),
	(605, '013000032', 'BJ', '013', 'Milk Tea @ 25 pcs', '1', '1', '1', 1.00, 1.00, 1.00, NULL, 'TRUE', '2018-06-05 02:46:46', NULL),
	(606, '013000033', 'BJ', '013', 'Red Ginger @ 25 pcs', '1', '1', '1', 1.00, 1.00, 1.00, NULL, 'TRUE', '2018-06-05 02:46:46', NULL),
	(607, '013000034', 'BJ', '013', 'Caramello @ 25 pcs', '1', '1', '1', 1.00, 1.00, 1.00, NULL, 'TRUE', '2018-06-05 02:46:46', NULL),
	(608, '013000035', 'BJ', '013', 'Creamer @ 25 pcs', '1', '1', '1', 1.00, 1.00, 1.00, NULL, 'TRUE', '2018-06-05 02:46:46', NULL),
	(609, '013000036', 'BJ', '013', 'Cokotaro @ 25 pcs', '1', '1', '1', 1.00, 1.00, 1.00, NULL, 'TRUE', '2018-06-05 02:46:46', NULL),
	(610, '013000037', 'BJ', '013', 'Jelly @ 25 pcs', '1', '1', '1', 1.00, 1.00, 1.00, NULL, 'TRUE', '2018-06-05 02:46:46', NULL),
	(611, '013000038', 'BJ', '013', 'Powder Cincau Hitam', '1', '1', '1', 1.00, 1.00, 1.00, NULL, 'TRUE', '2018-06-05 02:46:46', NULL),
	(612, '013000039', 'BJ', '013', 'Bubble/Tapioka', '1', '1', '1', 1.00, 1.00, 1.00, NULL, 'TRUE', '2018-06-05 02:46:46', NULL),
	(613, '013000040', 'BJ', '013', 'Strawberry Syrup', '1', '1', '1', 1.00, 1.00, 1.00, NULL, 'TRUE', '2018-06-05 02:46:46', NULL),
	(614, '013000041', 'BJ', '013', 'Bluebarry Syrup', '1', '1', '1', 1.00, 1.00, 1.00, NULL, 'TRUE', '2018-06-05 02:46:46', NULL),
	(615, '013000042', 'BJ', '013', 'Melon Syrup', '1', '1', '1', 1.00, 1.00, 1.00, NULL, 'TRUE', '2018-06-05 02:46:46', NULL),
	(616, '013000043', 'BJ', '013', 'Lemon Syrup', '1', '1', '1', 1.00, 1.00, 1.00, NULL, 'TRUE', '2018-06-05 02:46:46', NULL),
	(617, '013000044', 'BJ', '013', 'Leci Syrup', '1', '1', '1', 1.00, 1.00, 1.00, NULL, 'TRUE', '2018-06-05 02:46:46', NULL),
	(618, '013000045', 'BJ', '013', 'Kiwi Syrup', '1', '1', '1', 1.00, 1.00, 1.00, NULL, 'TRUE', '2018-06-05 02:46:46', NULL),
	(619, '013000046', 'BJ', '013', 'Apel Syrup', '1', '1', '1', 1.00, 1.00, 1.00, NULL, 'TRUE', '2018-06-05 02:46:46', NULL),
	(620, '013000047', 'BJ', '013', 'Sirsak Syrup', '1', '1', '1', 1.00, 1.00, 1.00, NULL, 'TRUE', '2018-06-05 02:46:46', NULL),
	(621, '013000048', 'BJ', '013', 'Manggo Syrup', '1', '1', '1', 1.00, 1.00, 1.00, NULL, 'TRUE', '2018-06-05 02:46:46', NULL),
	(622, '013000049', 'BJ', '013', 'Guafa Syrup', '1', '1', '1', 1.00, 1.00, 1.00, NULL, 'TRUE', '2018-06-05 02:46:46', NULL),
	(623, '013000050', 'BJ', '013', 'Durian Syrup', '1', '1', '1', 1.00, 1.00, 1.00, NULL, 'TRUE', '2018-06-05 02:46:46', NULL),
	(624, '013000051', 'BJ', '013', 'Orange Syrup', '1', '1', '1', 1.00, 1.00, 1.00, NULL, 'TRUE', '2018-06-05 02:46:46', NULL),
	(625, '013000052', 'BJ', '013', 'Grape Syrup', '1', '1', '1', 1.00, 1.00, 1.00, NULL, 'TRUE', '2018-06-05 02:46:46', NULL),
	(626, '013000053', 'BJ', '013', 'Vanilla Blue Syrup', '1', '1', '1', 1.00, 1.00, 1.00, NULL, 'TRUE', '2018-06-05 02:46:46', NULL),
	(627, '013000054', 'BJ', '013', 'Yoghurt Syrup', '1', '1', '1', 1.00, 1.00, 1.00, NULL, 'TRUE', '2018-06-05 02:46:46', NULL),
	(628, '013000055', 'BJ', '013', 'Markisa Syrup', '1', '1', '1', 1.00, 1.00, 1.00, NULL, 'TRUE', '2018-06-05 02:46:46', NULL),
	(629, '013000056', 'BJ', '013', 'Peppermint @ 25 pcs', '1', '1', '1', 1.00, 1.00, 1.00, NULL, 'TRUE', '2018-06-05 02:46:46', NULL),
	(630, '013000057', 'BJ', '013', 'Choco taro B2 @ 25pcs', '1', '1', '1', 1.00, 1.00, 1.00, NULL, 'TRUE', '2018-06-05 02:46:46', NULL),
	(631, '013000058', 'BJ', '013', 'buble gum 1 kg', '1', '1', '1', 1.00, 1.00, 1.00, NULL, 'TRUE', '2018-06-05 02:46:46', NULL),
	(632, '013000059', 'BJ', '013', 'Bubble/Tapioka 1kg', '1', '1', '1', 1.00, 1.00, 1.00, NULL, 'TRUE', '2018-06-05 02:46:46', NULL),
	(633, '014000001', 'BJ', '014', 'Kebab Jamur Sitake', '1', '1', '1', 1.00, 1.00, 1.00, NULL, 'TRUE', '2018-06-05 02:46:46', NULL),
	(634, '014000002', 'BJ', '014', 'Kebab TC', '1', '1', '1', 1.00, 1.00, 1.00, NULL, 'TRUE', '2018-06-05 02:46:46', NULL),
	(635, '014000003', 'BJ', '014', 'Kebab TJ', '1', '1', '1', 1.00, 1.00, 1.00, NULL, 'TRUE', '2018-06-05 02:46:46', NULL),
	(636, '014000004', 'BJ', '014', 'Saus', '1', '1', '1', 1.00, 1.00, 1.00, NULL, 'TRUE', '2018-06-05 02:46:46', NULL),
	(637, '014000005', 'BJ', '014', 'Kebab Daging', '1', '1', '1', 1.00, 1.00, 1.00, NULL, 'TRUE', '2018-06-05 02:46:46', '2018-09-21 11:34:15'),
	(638, '014000006', 'BJ', '014', 'Kebab Ayam Jamur', '1', '1', '1', 1.00, 1.00, 1.00, NULL, 'TRUE', '2018-06-05 02:46:46', NULL),
	(639, '014000007', 'BJ', '014', 'Kebab Tuna', '1', '1', '1', 1.00, 1.00, 1.00, NULL, 'TRUE', '2018-06-05 02:46:46', NULL),
	(640, '014000008', 'BJ', '014', 'Kebab Pisang Coklat', '1', '1', '1', 1.00, 1.00, 1.00, NULL, 'TRUE', '2018-06-05 02:46:46', NULL),
	(641, '014000009', 'BJ', '014', 'Kebab Buah', '1', '1', '1', 1.00, 1.00, 1.00, NULL, 'TRUE', '2018-06-05 02:46:46', NULL),
	(642, '014000010', 'BJ', '014', 'Kebab TS', '1', '1', '1', 1.00, 1.00, 1.00, NULL, 'TRUE', '2018-06-05 02:46:46', NULL),
	(643, '014000011', 'BJ', '014', 'Kebab TM', '1', '1', '1', 1.00, 1.00, 1.00, NULL, 'TRUE', '2018-06-05 02:46:46', NULL),
	(644, '014000012', 'BJ', '014', 'Kebab fryam jamur', '1', '1', '1', 1.00, 1.00, 1.00, NULL, 'TRUE', '2018-06-05 02:46:46', NULL),
	(645, '015000001', 'BJ', '015', 'PAJAK 10 %', '12', '12', '12', 1.00, 1.00, 1.00, NULL, 'TRUE', '2018-06-05 02:46:46', NULL),
	(646, '000000119', 'BB', '000', 'Bumbu A', '8', '9', '3', 1.00, 100.00, 1000.00, NULL, 'TRUE', '2018-06-10 12:49:20', NULL),
	(647, '000000120', 'BB', '000', 'Micin', '4', '1', '1', 1.00, 10.00, 10.00, 'Micin Kekinian Jaman Now', 'FALSE', '2018-07-03 04:05:25', '2018-07-04 09:49:53'),
	(648, '011000217', 'BJ', '011', 'Bandeng Presto', '4', '1', '1', 1.00, 12.00, 12.00, NULL, 'TRUE', '2018-07-03 04:12:09', NULL),
	(651, '011000218', 'BJ', '011', 'Milkita Rasa Gurame', '4', '1', '5', 1.00, 20.00, 50.00, 'dua permen milkita sama dengan segelas susu', 'FALSE', '2018-07-03 04:18:37', '2018-07-26 09:39:25'),
	(652, '011000219', 'BJ', '011', 'Kertas Kado', '10', '1', '1', 1.00, 100.00, 100.00, 'Kertas kado cantik', 'TRUE', '2018-07-05 06:37:13', '2018-08-21 11:05:29'),
	(653, '011000220', 'BJ', '011', 'Nasi Padang', '4', '4', '3', 1.00, 1.00, 12.00, 'Untuk sarapan', 'TRUE', '2018-07-10 04:28:04', NULL),
	(655, '000000122', 'BB', '000', 'Cr', '3', '3', '3', 1.00, 1.00, 1.00, NULL, 'TRUE', '2018-07-25 09:44:42', NULL),
	(656, '000000123', 'BJ', '000', 'Gubis', '8', '9', '9', 1.00, 100.00, 100.00, 'Gubes sangat sehat buat anda', 'TRUE', '2018-07-26 09:48:10', '2018-07-26 09:49:42'),
	(657, '000000124', 'BB', '000', 'TEPUNG', '8', '3', '13', 1.00, 1000.00, 25000.00, NULL, 'TRUE', '2018-08-03 06:42:57', NULL),
	(658, '006000035', 'BJ', '006', 'DAGING @4KG', '4', '4', '4', 1.00, 1.00, 1.00, NULL, 'FALSE', '2018-08-03 06:46:48', '2018-09-21 11:33:02'),
	(659, '004000020', 'BJ', '004', 'ROTI BURGER', '1', '1', '1', 1.00, 1.00, 1.00, NULL, 'TRUE', '2018-08-03 07:58:00', NULL),
	(668, '0909090909', 'BB', '006', 'Coba barang 2', '2', '2', '9', 1.00, 1.00, 20.00, NULL, 'TRUE', '2018-08-20 06:21:14', NULL),
	(669, '016000001', 'BL', '016', 'ONGKOS PARKIR', '15', '15', '15', 1.00, 1.00, 1.00, 'Biaya untuk karcis parkir', 'TRUE', '2018-08-21 10:47:43', NULL),
	(670, '000000125', 'BB', '000', 'GL', '3', '3', '3', 1.00, 1.00, 1.00, NULL, 'TRUE', '2018-08-29 02:40:49', '2018-09-29 03:36:11'),
	(671, '000000126', 'BB', '000', 'TP MILA', '3', '3', '8', 1.00, 1.00, 1.00, NULL, 'TRUE', '2018-09-29 01:28:58', '2018-09-29 01:30:21');
/*!40000 ALTER TABLE `m_item` ENABLE KEYS */;

-- Dumping structure for table bisnis_tamma.m_jabatan
CREATE TABLE IF NOT EXISTS `m_jabatan` (
  `c_id` int(10) unsigned NOT NULL AUTO_INCREMENT,
  `c_divisi_id` int(10) unsigned NOT NULL,
  `c_sub_divisi_id` int(10) unsigned NOT NULL,
  `c_posisi` varchar(255) COLLATE utf8mb4_unicode_ci NOT NULL,
  `created_at` timestamp NULL DEFAULT NULL,
  `updated_at` timestamp NULL DEFAULT NULL,
  PRIMARY KEY (`c_id`),
  KEY `m_jabatan_c_divisi_id_foreign` (`c_divisi_id`),
  KEY `m_jabatan_c_sub_divisi_id_foreign` (`c_sub_divisi_id`),
  CONSTRAINT `m_jabatan_c_divisi_id_foreign` FOREIGN KEY (`c_divisi_id`) REFERENCES `m_divisi` (`c_id`),
  CONSTRAINT `m_jabatan_c_sub_divisi_id_foreign` FOREIGN KEY (`c_sub_divisi_id`) REFERENCES `m_sub_divisi` (`c_id`)
) ENGINE=InnoDB AUTO_INCREMENT=25 DEFAULT CHARSET=utf8mb4 COLLATE=utf8mb4_unicode_ci;

-- Dumping data for table bisnis_tamma.m_jabatan: ~24 rows (approximately)
DELETE FROM `m_jabatan`;
/*!40000 ALTER TABLE `m_jabatan` DISABLE KEYS */;
INSERT INTO `m_jabatan` (`c_id`, `c_divisi_id`, `c_sub_divisi_id`, `c_posisi`, `created_at`, `updated_at`) VALUES
	(1, 1, 1, 'Kepala HRD', '2018-07-26 10:12:23', '2018-08-03 07:56:48'),
	(2, 1, 2, 'Staf Personalia dan Perfomance Managerial', '2018-07-26 10:12:23', '2018-07-26 10:12:23'),
	(3, 1, 2, 'Staf HRD Rekrutmen dan Pelatihan', '2018-07-26 10:12:23', '2018-07-26 10:12:23'),
	(4, 1, 2, 'Staf General Affair', '2018-07-26 10:12:23', '2018-07-26 10:12:23'),
	(5, 1, 2, 'Office Boy', '2018-07-26 10:12:23', '2018-07-26 10:12:23'),
	(6, 2, 1, 'Keuangan dan Akuntansi', '2018-07-26 10:12:23', '2018-07-26 10:12:23'),
	(7, 2, 2, 'Staf Akuntansi', '2018-07-26 10:12:23', '2018-07-26 10:12:23'),
	(8, 2, 2, 'Staf Purchasing dan Pajak', '2018-07-26 10:12:23', '2018-07-26 10:12:23'),
	(9, 3, 2, 'Sales dan Marketing', '2018-07-26 10:12:23', '2018-07-26 10:12:23'),
	(10, 3, 2, 'Staf Sales dan Customer Service', '2018-07-26 10:12:23', '2018-07-26 10:12:23'),
	(11, 3, 2, 'Staf Sales dan Pengembangan Jaringan', '2018-07-26 10:12:23', '2018-07-26 10:12:23'),
	(12, 3, 2, 'Staf Digital Marketing', '2018-07-26 10:12:23', '2018-07-26 10:12:23'),
	(13, 3, 2, 'Staf Kebab Sohib', '2018-07-26 10:12:23', '2018-07-26 10:12:23'),
	(14, 4, 1, 'Supervisor Produksi', '2018-07-26 10:12:23', '2018-07-26 10:12:23'),
	(15, 4, 2, 'Admin Produksi', '2018-07-26 10:12:23', '2018-07-26 10:12:23'),
	(16, 4, 2, 'Staf Operasional Produksi', '2018-07-26 10:12:23', '2018-07-26 10:12:23'),
	(17, 5, 2, 'Admin Gudang', '2018-07-26 10:12:23', '2018-07-26 10:12:23'),
	(18, 5, 2, 'Staf Gudang dan Pengiriman', '2018-07-26 10:12:23', '2018-07-26 10:12:23'),
	(19, 22, 3, 'Staf Operator Kebab Sohib', '2018-07-26 10:12:23', '2018-07-26 10:12:23'),
	(20, 42, 3, 'Staf Produksi', '2018-07-26 10:12:23', '2018-07-26 10:12:23'),
	(21, 111, 1, 'General Manager', '2018-07-26 10:12:23', '2018-07-26 10:12:23'),
	(22, 1, 1, 'Marketing', '2018-07-26 10:22:53', '2018-07-26 10:24:55'),
	(23, 42, 1, 'fendi', '2018-08-08 06:30:46', '2018-08-08 06:32:33'),
	(24, 5, 1, 'Kepala Gudang', '2018-09-18 10:16:25', '2018-09-18 10:16:25');
/*!40000 ALTER TABLE `m_jabatan` ENABLE KEYS */;

-- Dumping structure for table bisnis_tamma.m_jabatan_pro
CREATE TABLE IF NOT EXISTS `m_jabatan_pro` (
  `c_id` int(10) unsigned NOT NULL,
  `c_jabatan_pro` varchar(255) COLLATE utf8mb4_unicode_ci NOT NULL,
  `created_at` timestamp NULL DEFAULT NULL,
  `updated_at` timestamp NULL DEFAULT NULL,
  PRIMARY KEY (`c_id`)
) ENGINE=InnoDB DEFAULT CHARSET=utf8mb4 COLLATE=utf8mb4_unicode_ci;

-- Dumping data for table bisnis_tamma.m_jabatan_pro: ~4 rows (approximately)
DELETE FROM `m_jabatan_pro`;
/*!40000 ALTER TABLE `m_jabatan_pro` DISABLE KEYS */;
INSERT INTO `m_jabatan_pro` (`c_id`, `c_jabatan_pro`, `created_at`, `updated_at`) VALUES
	(4, 'Mandor', '2018-07-26 10:12:23', '2018-07-26 10:12:23'),
	(5, 'Ast. Mandor', '2018-07-26 10:12:23', '2018-07-26 10:12:23'),
	(6, 'Mixing', '2018-07-26 10:12:23', '2018-07-26 10:12:23'),
	(7, 'Penggilles', '2018-07-26 10:12:23', '2018-07-26 10:12:23');
/*!40000 ALTER TABLE `m_jabatan_pro` ENABLE KEYS */;

-- Dumping structure for table bisnis_tamma.m_kpi
CREATE TABLE IF NOT EXISTS `m_kpi` (
  `kpi_id` int(11) NOT NULL,
  `kpi_name` varchar(100) COLLATE utf8_unicode_ci NOT NULL,
  `kpi_p_id` int(11) NOT NULL COMMENT 'pegawai id',
  `kpi_div_id` int(11) NOT NULL COMMENT 'divisi id',
  `kpi_jabatan_id` int(11) NOT NULL COMMENT 'jabatan id',
  `kpi_created` datetime NOT NULL DEFAULT CURRENT_TIMESTAMP,
  `kpi_updated` datetime DEFAULT NULL,
  PRIMARY KEY (`kpi_id`)
) ENGINE=InnoDB DEFAULT CHARSET=utf8 COLLATE=utf8_unicode_ci COMMENT='REVISI (TABEL INI UNTUK HANDLE MASTER SCOREBOARD)';

-- Dumping data for table bisnis_tamma.m_kpi: ~16 rows (approximately)
DELETE FROM `m_kpi`;
/*!40000 ALTER TABLE `m_kpi` DISABLE KEYS */;
INSERT INTO `m_kpi` (`kpi_id`, `kpi_name`, `kpi_p_id`, `kpi_div_id`, `kpi_jabatan_id`, `kpi_created`, `kpi_updated`) VALUES
	(1, 'Jumlah email masuk setiap hari dan di baca', 4, 1, 3, '2018-09-24 00:13:18', NULL),
	(2, 'Rencana pelatihan karyawan dan progres', 4, 1, 3, '2018-09-24 00:15:26', '2018-09-24 11:24:58'),
	(3, 'Jumlah karyawan pada masa percobaan (produksi dan manajemen)', 4, 1, 3, '2018-09-24 00:16:29', NULL),
	(4, 'Skor evaluasi karyawan pada masa percobaan', 4, 1, 3, '2018-09-24 00:16:49', NULL),
	(5, 'Pelatihan yang diikuti karyawan', 4, 1, 3, '2018-09-24 00:17:09', NULL),
	(6, 'Skor ketepatan action plan dari peserta setelah pelatihan', 4, 1, 3, '2018-09-24 00:17:50', NULL),
	(7, 'Pelatihan harian  yang dilakukan untuk meningkatkan produktivitas karyawan', 4, 1, 3, '2018-09-24 00:18:07', NULL),
	(8, 'Pekerjaan lain yang dilakukan', 4, 1, 3, '2018-09-24 00:18:23', NULL),
	(9, 'Melakukan pembersihan kamar mandi', 6, 1, 5, '2018-09-24 02:37:32', NULL),
	(10, 'Melakukan pembersihan rumah produksi baru', 6, 1, 5, '2018-09-24 02:43:24', NULL),
	(11, 'Melakukan perbersihan kantor', 6, 1, 5, '2018-10-04 02:00:33', '2018-10-04 14:00:33'),
	(12, 'Kebersihan sarana dan prasarana', 6, 1, 5, '2018-10-04 02:01:03', '2018-10-04 14:01:03'),
	(13, 'Jumlah permintaan yang dipenuhi dalam sehari', 6, 1, 5, '2018-10-04 02:01:39', '2018-10-04 14:01:39'),
	(14, 'Skor kebersihan', 6, 1, 5, '2018-10-04 02:02:16', '2018-10-04 14:02:16'),
	(15, 'Kepuasan karyawan terhadap layanan house keeping', 6, 1, 5, '2018-10-04 02:02:55', '2018-10-04 14:02:55'),
	(16, 'Pekerjaan lain yang dilakukan', 6, 1, 5, '2018-10-04 02:03:37', '2018-10-04 14:03:37');
/*!40000 ALTER TABLE `m_kpi` ENABLE KEYS */;

-- Dumping structure for table bisnis_tamma.m_kpix
CREATE TABLE IF NOT EXISTS `m_kpix` (
  `kpix_id` int(11) NOT NULL,
  `kpix_name` varchar(100) COLLATE utf8_unicode_ci NOT NULL,
  `kpix_bobot` varchar(100) COLLATE utf8_unicode_ci NOT NULL,
  `kpix_deadline` date DEFAULT NULL,
  `kpix_target` varchar(100) COLLATE utf8_unicode_ci NOT NULL,
  `kpix_p_id` int(11) NOT NULL COMMENT 'pegawai id',
  `kpix_div_id` int(11) NOT NULL COMMENT 'divisi id',
  `kpix_jabatan_id` int(11) NOT NULL COMMENT 'jabatan id',
  `kpix_created` datetime NOT NULL,
  `kpix_updated` datetime DEFAULT NULL,
  PRIMARY KEY (`kpix_id`)
) ENGINE=InnoDB DEFAULT CHARSET=utf8 COLLATE=utf8_unicode_ci COMMENT='REVISI (tabel ini untuk handle data master KPI)';

-- Dumping data for table bisnis_tamma.m_kpix: ~8 rows (approximately)
DELETE FROM `m_kpix`;
/*!40000 ALTER TABLE `m_kpix` DISABLE KEYS */;
INSERT INTO `m_kpix` (`kpix_id`, `kpix_name`, `kpix_bobot`, `kpix_deadline`, `kpix_target`, `kpix_p_id`, `kpix_div_id`, `kpix_jabatan_id`, `kpix_created`, `kpix_updated`) VALUES
	(1, 'Rata-rata pembersihan kamar mandi (3x/hari)', '20', NULL, '48', 6, 1, 5, '2018-10-02 13:47:59', '2018-10-02 13:47:59'),
	(2, 'Kebijakan service excellent', '10', '2018-09-13', '100', 2, 1, 1, '2018-10-03 12:24:25', '2018-10-03 12:24:25'),
	(3, 'Melakukan list vendor perbaikan', '10', '2018-09-10', '100', 2, 1, 1, '2018-10-03 13:07:55', '2018-10-03 13:07:55'),
	(4, 'Kurikulum training', '15', '2018-09-14', '100', 2, 1, 1, '2018-10-03 13:09:00', '2018-10-03 13:09:00'),
	(5, 'Salary grading produksi borongan', '10', '2018-09-07', '100', 2, 1, 1, '2018-10-03 13:10:26', '2018-10-03 13:10:26'),
	(6, 'Simulasi SOP Staf GA dan OB', '15', '2018-09-26', '100', 2, 1, 1, '2018-10-03 13:22:55', '2018-10-03 13:22:55'),
	(7, 'Pelatihan product knowledge', '15', '2018-09-24', '100', 2, 1, 1, '2018-10-03 13:46:43', '2018-10-03 13:46:43'),
	(8, 'Pengumpulan data untuk perhitungan KPI staf', '15', '2018-09-29', '100', 2, 1, 1, '2018-10-03 14:13:08', '2018-10-03 14:13:08'),
	(9, 'Simulasi salary grading', '10', '2018-09-04', '100', 2, 1, 1, '2018-10-03 14:15:26', '2018-10-03 14:15:26');
/*!40000 ALTER TABLE `m_kpix` ENABLE KEYS */;

-- Dumping structure for table bisnis_tamma.m_paymentmethod
CREATE TABLE IF NOT EXISTS `m_paymentmethod` (
  `pm_id` tinyint(4) NOT NULL,
  `pm_year` varchar(50) DEFAULT NULL,
  `pm_name` varchar(50) DEFAULT NULL,
  `pm_coa_comp` varchar(10) NOT NULL,
  `pm_coa_year` varchar(4) NOT NULL,
  `pm_coa_code` varchar(9) NOT NULL,
  PRIMARY KEY (`pm_id`)
) ENGINE=InnoDB DEFAULT CHARSET=latin1;

-- Dumping data for table bisnis_tamma.m_paymentmethod: ~6 rows (approximately)
DELETE FROM `m_paymentmethod`;
/*!40000 ALTER TABLE `m_paymentmethod` DISABLE KEYS */;
INSERT INTO `m_paymentmethod` (`pm_id`, `pm_year`, `pm_name`, `pm_coa_comp`, `pm_coa_year`, `pm_coa_code`) VALUES
	(1, '2018', 'TUNAI', 'RMZ-', '2018', '1010.....'),
	(2, NULL, 'BCA', '', '', ''),
	(3, NULL, 'MANDIRI', '', '', ''),
	(4, NULL, 'BNI', '', '', ''),
	(5, NULL, 'BRI', '', '', ''),
	(6, NULL, 'HUTANG', '', '', '');
/*!40000 ALTER TABLE `m_paymentmethod` ENABLE KEYS */;

-- Dumping structure for table bisnis_tamma.m_pegawai_man
CREATE TABLE IF NOT EXISTS `m_pegawai_man` (
  `c_id` int(11) unsigned NOT NULL AUTO_INCREMENT,
  `c_id_by_production` int(11) NOT NULL,
  `c_code` varchar(255) COLLATE utf8mb4_unicode_ci NOT NULL,
  `c_nik` varchar(255) COLLATE utf8mb4_unicode_ci NOT NULL,
  `c_nama` varchar(255) COLLATE utf8mb4_unicode_ci NOT NULL,
  `c_hari_kerja` varchar(255) COLLATE utf8mb4_unicode_ci DEFAULT NULL,
  `c_ktp` varchar(255) COLLATE utf8mb4_unicode_ci NOT NULL,
  `c_ktp_alamat` varchar(255) COLLATE utf8mb4_unicode_ci NOT NULL,
  `c_alamat` varchar(255) COLLATE utf8mb4_unicode_ci NOT NULL,
  `c_lahir` varchar(255) COLLATE utf8mb4_unicode_ci NOT NULL,
  `c_pendidikan` varchar(255) COLLATE utf8mb4_unicode_ci NOT NULL,
  `c_email` varchar(255) COLLATE utf8mb4_unicode_ci NOT NULL,
  `c_hp` varchar(255) COLLATE utf8mb4_unicode_ci NOT NULL,
  `c_agama` varchar(255) COLLATE utf8mb4_unicode_ci NOT NULL,
  `c_nikah` varchar(255) COLLATE utf8mb4_unicode_ci DEFAULT NULL,
  `c_pasangan` varchar(255) COLLATE utf8mb4_unicode_ci DEFAULT NULL,
  `c_anak` int(11) DEFAULT NULL,
  `c_bank` varchar(255) COLLATE utf8mb4_unicode_ci DEFAULT NULL,
  `c_rekening` varchar(255) COLLATE utf8mb4_unicode_ci DEFAULT NULL,
  `c_sertification` varchar(255) COLLATE utf8mb4_unicode_ci DEFAULT NULL,
  `c_sertif_tahun` varchar(255) COLLATE utf8mb4_unicode_ci DEFAULT NULL,
  `c_sertif_tempat` varchar(255) COLLATE utf8mb4_unicode_ci DEFAULT NULL,
  `c_tahun_masuk` date DEFAULT NULL,
  `c_divisi_id` int(10) unsigned NOT NULL,
  `c_jabatan_id` int(10) unsigned NOT NULL,
  `c_shift_id` int(10) unsigned NOT NULL,
  `c_tunjangan` varchar(100) COLLATE utf8mb4_unicode_ci DEFAULT NULL,
  `created_at` timestamp NULL DEFAULT NULL,
  `updated_at` timestamp NULL DEFAULT NULL,
  PRIMARY KEY (`c_id`),
  KEY `m_pegawai_man_c_divisi_id_foreign` (`c_divisi_id`),
  KEY `m_pegawai_man_c_shift_id_foreign` (`c_shift_id`),
  KEY `m_pegawai_man_c_jabatan_id_foreign` (`c_jabatan_id`),
  CONSTRAINT `m_pegawai_man_c_jabatan_id_foreign` FOREIGN KEY (`c_jabatan_id`) REFERENCES `m_jabatan` (`c_id`),
  CONSTRAINT `m_pegawai_man_c_shift_id_foreign` FOREIGN KEY (`c_shift_id`) REFERENCES `m_shift` (`c_id`)
) ENGINE=InnoDB AUTO_INCREMENT=37 DEFAULT CHARSET=utf8mb4 COLLATE=utf8mb4_unicode_ci;

-- Dumping data for table bisnis_tamma.m_pegawai_man: ~35 rows (approximately)
DELETE FROM `m_pegawai_man`;
/*!40000 ALTER TABLE `m_pegawai_man` DISABLE KEYS */;
INSERT INTO `m_pegawai_man` (`c_id`, `c_id_by_production`, `c_code`, `c_nik`, `c_nama`, `c_hari_kerja`, `c_ktp`, `c_ktp_alamat`, `c_alamat`, `c_lahir`, `c_pendidikan`, `c_email`, `c_hp`, `c_agama`, `c_nikah`, `c_pasangan`, `c_anak`, `c_bank`, `c_rekening`, `c_sertification`, `c_sertif_tahun`, `c_sertif_tempat`, `c_tahun_masuk`, `c_divisi_id`, `c_jabatan_id`, `c_shift_id`, `c_tunjangan`, `created_at`, `updated_at`) VALUES
	(1, 1, 'PG-1807/01', '', 'Tririan Arianto', '', '', 'Perumahan Sidokare Indah Blok R No 7', '-', '', 'S1', '', '0813-5771-7142', 'Islam', 'Menikah', '', 2, '', '', '-', '-', '-', '0000-00-00', 1, 1, 1, '2,4,10', NULL, '2018-10-08 18:54:59'),
	(2, 2, 'PG-1807/02', '170101005', 'Nasikhatul Insaniyah', 'Senin - Sabtu', 'KTP (3578274608930005)', 'Jl. Simo Pomahan III/14 Simomulyo Baru Surabaya', '-', 'Surabaya, 06 Agustus 1993', 'S1', 'nasikhatulinsaniyah@gmail.com', '0813-3316-6707', 'Islam', 'belum menikah', '-', 0, 'BCA', '088-136232-4', '-', '-', '-', '0000-00-00', 1, 1, 1, '2,4,6,7,8,10,11,12', NULL, '2018-10-08 18:58:49'),
	(3, 3, 'PG-1807/03', '180102004', 'Mutiara Dicky Via Andini', 'Senin - Sabtu', 'KTP (3578106005940001)', 'Setro Baru 002/003 Dukuh Setro Tambaksari Surabaya', '-', 'Surabaya, 20 Mei 1994', 'S1', 'tiara_andini2012@yahoo.co.id', '0857-0626-1594', 'Islam', 'Belum Menikah', '-', 0, '', '-', '-', '-', '-', '0000-00-00', 1, 2, 1, '3,4,6,7,9,10,11,13', NULL, '2018-10-08 11:07:10'),
	(4, 4, 'PG-1807/04', '180102008', 'Choirunnisa Rizky Nockita', 'Senin - Sabtu', 'KTP (3572025607940003)', 'Perumnas Pakunden Blok F/26 Tanjungsari Sukorejo Blitar', 'Bulak Jaya V No 20 A Kenjeran Surabaya', 'Blitar, 16 Juli 1994', 'S1', 'choirunnisa.nockita@gmail.com', '0821-3255-2409', 'Islam', 'Belum Menikah', '-', 0, '', '-', '-', '-', '-', '0000-00-00', 1, 3, 1, '3,4,6,7,9,10,11,13', NULL, '2018-10-08 11:16:43'),
	(5, 5, 'PG-1807/05', '180102005', 'Arief Rakhman Hidayat', 'Senin - Sabtu', 'KTP (3578022010850006)', 'Jl. Pacar Keling V No. 37 Pacar Keling Tambak Sari Surabaya', '-', 'Surabaya, 20 Oktober 1985', 'S1', 'arief.ptasby@gmail.com', '0812-3440-5757', 'Islam', 'Menikah', 'Ririn Atmawati', 3, 'Mandiri', '90-000-0145926-3', '-', '-', '-', '0000-00-00', 1, 4, 1, '3,4,6,7,9,10,11,13', NULL, '2018-10-08 13:04:48'),
	(6, 6, 'PG-1807/06', '150103002', 'Eko Setiawan', 'Senin - Sabtu', '', 'Jl.Tembok Gede III/22 Bubutan Surabaya', '-', 'Surabaya, 01 Oktober 1980', 'SMK', '', '0812-7582-3340', 'Islam', 'Menikah', '', 0, '-', '-', '-', '-', '-', '0000-00-00', 1, 5, 1, '3,4,6,7,9,10,11,13', NULL, '2018-10-08 11:30:08'),
	(7, 7, 'PG-1807/07', '140201003', 'Amaliyah Nur Hidayah', 'Senin - Sabtu', '', 'Jl.Kalijudan III No 12 Surabaya', '-', 'Surabaya, 26 Oktober 1991', 'D3', 'amelonh@gmail.com', '0812-1606-9595', 'Islam', 'Belum Menikah', '-', 0, '-', '-', '-', '-', '-', '0000-00-00', 2, 6, 1, '2,4,6,7,8,10,11,12', NULL, '2018-10-08 13:05:13'),
	(8, 8, 'PG-1807/08', '150202001', 'Putri Intan', 'Senin - Sabtu', '', 'Jl.Kranggan V No 61 Bubutan Surabaya', '-', 'Blitar, 15 Januari 1997', 'SMA', 'intantammafood@gmail.com', '0857-0886-8909', 'Islam', 'Belum Menikah', '-', 0, '-', '-', '-', '-', '-', '0000-00-00', 2, 7, 1, '3,4,6,7,9,10,11,13', NULL, '2018-10-08 14:53:18'),
	(9, 9, 'PG-1807/09', '170202009', 'Shofa Syafitri', 'Senin - Sabtu', 'KTP (3578134805910003)', 'Jl.Tembok Lor I/36 Bubutan Surabaya', '-', 'Surabaya, 08 Mei 1991', 'S1', 'copha91@gmail.com', '0878-5255-3142', 'Islam', 'Belum Menikah', '-', 0, 'BCA', '671-010891-7', '-', '-', '-', '0000-00-00', 2, 8, 1, '3,4,6,7,9,10,11,13', NULL, '2018-10-08 14:53:48'),
	(10, 10, 'PG-1807/10', '110301001', 'Ahmad Anton Prayogi', 'Senin - Sabtu', 'KTP (3308080311810004)', '', 'Jl.Randu Agung I Sidotopo Wetan Surabaya', 'Magelang, 03 November 1981', 'D2', 'kalamkhaer@gmail.com', '0858-7916-7491', 'Islam', 'Menikah', 'Arinda', 1, 'BCA', '088-168637-5', '-', '-', '-', '0000-00-00', 3, 9, 1, '3,4,6,7,9,10,11,13', NULL, '2018-10-09 10:24:38'),
	(11, 11, 'PG-1807/11', '160302002', 'Devi Eka Zebriyanti', 'Senin - Sabtu', '', '', '', 'Kediri, 11 Desember 1993', 'S1', '', '0821-4273-5977', 'Islam', 'Belum Menikah', '-', 0, 'BCA', '-', '-', '-', '-', '0000-00-00', 3, 10, 1, NULL, NULL, NULL),
	(12, 12, 'PG-1807/12', '180302002', 'Novita Sari', 'Senin - Sabtu', 'KTP (3521094911970005)', 'Jl.Barnadip Barat 5 Cupo 001/002 Grudo Ngawi', 'Jl.Randu Barat Sidotopo Wetan Sidotopo Wetan', 'Ngawi, 09 November 1997', 'D1', 'mbaknopnop@gmail.com', '0882-1726-3650', 'Islam', 'Belum Menikah', '-', 0, '-', '-', '-', '-', '-', '0000-00-00', 3, 10, 1, NULL, NULL, NULL),
	(13, 13, 'PG-1807/13', '170302001', 'Kirana Della Nesti P', 'Senin - Sabtu', '', 'Jl.Tengger Kandangan 11 No 8 Manukan Surabaya', 'Perumahan Pondok Benowo Indah Blok U No 22 Surabaya', 'Surabaya, 26 Desember 1997', 'SMK', '', '0855-8979-167', 'Islam', 'Belum Menikah', '-', 0, '-', '-', '-', '-', '-', '0000-00-00', 3, 11, 1, NULL, NULL, NULL),
	(14, 14, 'PG-1807/14', '140302001', 'Hardi Febri Yanto', 'Senin - Sabtu', 'KTP (3507010102960005)', 'Tlogosari 01/01 Donomulyo Malang', 'Jl.Randu Agung I Sidotopo Wetan Surabaya', 'Malang, 01 Februari 1996', 'SMA', 'ffebrianto715@gmail.com', '0822-8812-2896', 'Islam', 'Belum Menikah', '-', 0, 'BCA', '063-423485-8', '-', '-', '-', '0000-00-00', 3, 12, 1, NULL, NULL, NULL),
	(15, 15, 'PG-1807/15', '170302011', 'Patrick Prasetyo', 'Senin - Sabtu', 'KTP (3578170903960004)', 'Kalilom Lor Indah Gang Turi No 16 Kenjeran Surabaya', '-', 'Lumajang, 08 Maret 1996', 'SMK', 'patrickprasetyo12@gmail.com', '0815-5485-6626', 'Islam', 'Belum Menikah', '-', 0, 'CIMB', '7048-6493-4300', '-', '-', '-', '0000-00-00', 3, 12, 1, NULL, NULL, NULL),
	(16, 16, 'PG-1807/16', '180302003', 'Karina Ayu Noviyanti', 'Senin - Sabtu', 'KTP (3202044111980002)', 'Jl.Kyaimojo Palem Gang 3 Palem Ngawi', 'Jl,Randu Agung I Sidotopo Wetan Surabaya', 'Jakarta, 01 November 1998', 'D1', 'ayukarina02@gmail.com', '0857-3585-9167', 'Islam', 'Belum Menikah', '-', 0, '-', '-', '-', '-', '-', '0000-00-00', 3, 13, 1, NULL, NULL, NULL),
	(17, 17, 'PG-1807/17', '180401001', 'Septian Yalayudha Maharta', 'Senin - Sabtu', 'KTP (357817050994004)', 'Dsn.Boro RT 2/RW 4 Kedungwaru Tulungagung', 'Jl.Karangpilang Surabaya', 'Tulungagung, 05 September 1994', 'S1', 'septianyudhamaharta@gmail.com', '0812-3039-6685', 'Islam', 'Belum Menikah', '-', 0, '-', '-', '-', '-', '-', '0000-00-00', 4, 14, 1, NULL, NULL, NULL),
	(18, 18, 'PG-1807/18', '120402001', 'Niatul Rahmah', 'Senin - Sabtu', 'KTP (3526136602870002)', 'Dsn.Tambak Agung Tanah Merah Laok Bangkalan Madura', 'Jl.Kedungmangu IV D No 4 Sidotopo Wetan Surabaya', 'Bangkalan, 26 Februari 1987', 'SMP', '', '0812-8223-1302', 'Islam', 'Menikah', 'M. Sahid', 2, '-', '-', '-', '-', '-', '0000-00-00', 4, 15, 1, NULL, NULL, NULL),
	(19, 19, 'PG-1807/19', '160403001', 'Handoyo', 'Senin - Sabtu', '', '', '', '', 'SMA', '', '', 'Islam', 'Belum Menikah', '', 0, '-', '-', '-', '-', '-', '0000-00-00', 4, 16, 1, NULL, NULL, NULL),
	(20, 20, 'PG-1807/20', '170403008', 'Achmad Yani', 'Senin - Sabtu', 'KTP (3578132906850001)', 'Jl.Tembok Gede III/22 Bubutan Surabaya', '-', 'Surabaya, 29 Juni 1985', 'SMA', '', '0838-5965-568', 'Islam', 'Belum Menikah', '-', 0, '-', '-', '-', '-', '-', '0000-00-00', 4, 16, 1, NULL, NULL, NULL),
	(21, 21, 'PG-1807/21', '130501001', 'Widoyo Utomo', 'Senin - Sabtu', 'KTP (3372052001900002)', 'Joho RT 005/RW 010 Manahan Banjarsari Surakarta', 'Jl.Randu No 74 Sidotopo Wetan Surabaya', 'Surakarta, 20 Januari 1990', 'S1', '', '0858-5213-3365', 'Islam', 'Belum Menikah', '-', 0, '-', '-', '-', '-', '-', '0000-00-00', 5, 24, 1, NULL, NULL, NULL),
	(22, 22, 'PG-1807/22', '180501011', 'Erland Maulana', 'Senin - Sabtu', 'KTP (3578080603880002)', 'Dares Pedaleman RT 18/RW 7 Sedati Sidoarjo', '-', 'Surabaya, 06 Maret 1988', 'D3', 'erlandkeris@gmail.com', '0817-112-015', 'Islam', 'Menikah', 'Tyas Puspita', 2, 'BCA', '862-021098-7', '-', '-', '-', '0000-00-00', 5, 17, 1, NULL, NULL, NULL),
	(23, 23, 'PG-1807/23', '170502002', 'Ahmad Ghazi', 'Senin - Sabtu', '', '', '', '', 'SMK', '', '0877-5410-0105', 'Islam', 'Belum Menikah', '-', 0, '-', '-', '-', '-', '-', '0000-00-00', 5, 18, 1, NULL, NULL, NULL),
	(24, 24, 'PG-1807/24', '160502003', 'M. Irwansyah', 'Senin - Sabtu', '', '', '', 'Surabaya, 04 Agustus 1997', 'SMP', '', '0858-5522-6685', 'Islam', 'Belum Menikah', '-', 0, 'BCA', '-', '-', '-', '-', '0000-00-00', 5, 18, 1, NULL, NULL, NULL),
	(25, 25, 'PG-1807/25', '140502002', 'Dani Prasetyo', 'Senin - Sabtu', '', '', '', 'Tuban, 21 Juli 1995', 'SMA', '', '0856-4549-1605', 'Islam', 'Belum Menikah', '-', 0, '-', '-', '-', '-', '-', '0000-00-00', 5, 18, 1, NULL, NULL, NULL),
	(26, 26, 'PG-1807/26', '160502004', 'Mukhlis Muslimin', 'Senin - Sabtu', '', '', '', 'Lewogeka, 19 Juni 1995', 'SD', '', '0812-3048-6694', 'Islam', 'Belum Menikah', '-', 0, '-', '-', '-', '-', '-', '0000-00-00', 5, 18, 1, NULL, NULL, NULL),
	(27, 27, 'PG-1807/27', '170502004', 'Ari Prabowo', 'Senin - Sabtu', '', '', '', 'Sidoarjo, 16 Januari 1994', 'SD', '', '0856-0709-6984', 'Islam', 'Belum Menikah', '-', 0, '-', '-', '-', '-', '-', '0000-00-00', 5, 18, 1, NULL, NULL, NULL),
	(28, 28, 'PG-1807/28', '180502009', 'Muhammad Ramadhani F', 'Senin - Sabtu', 'KTP (3578083012980003)', 'Medayu Utara Gang 31-A/No.31 Kav 8 Rungkut Surabaya', '-', 'Surabaya,30 Desember 1998', 'SMA', 'ramadhanim78@gmail.com', '0896-7775-7982', 'Islam', 'Belum Menikah', '-', 0, '-', '-', '-', '-', '-', '0000-00-00', 5, 18, 1, NULL, NULL, NULL),
	(29, 29, 'PG-1807/29', '180502010', 'Muhammad Ridho', 'Senin - Sabtu', 'KTP (3520031107970002)', 'Lembeyan Kulon RT 03/RW 02 Magetan', '-', 'Banjarmasin, 11 Juli 1997', 'D3', 'muhridho330@gmail.com', '0857-8502-7197', 'Islam', 'Belum Menikah', '-', 0, '-', '-', '-', '-', '-', '0000-00-00', 5, 18, 1, NULL, NULL, NULL),
	(30, 30, 'PG-1807/30', '1802203007', 'Afifatul Ula', 'Senin - Sabtu', '', 'Sumber Agung, Panggung Rejo, Blitar', 'Jl.Randu Agung I Sidotopo Wetan Surabaya', 'Blitar, 12 September 1999', 'D1', 'afifatul1299@gmail.com', '0856-0412-8237', 'Islam', 'Belum Menikah', '-', 0, '-', '-', '-', '-', '-', '0000-00-00', 22, 19, 1, NULL, NULL, NULL),
	(31, 31, 'PG-1807/31', '1802203012', 'Mahbub Farhan Nurrozikin', 'Senin - Sabtu', '', 'Ds.Rejoyoso Kecamatamn Bantur Malang', 'Jl.Kedungmangu Selatan', 'Malang, 27 Maret 2000', 'D1', 'mahbubfarhan11@gmail.com', '0812-3512-5617', 'Islam', 'Belum Menikah', '-', 0, '-', '-', '-', '-', '-', '0000-00-00', 22, 19, 1, NULL, NULL, NULL),
	(32, 32, 'PG-1807/32', '1802203013', 'Rohimatun', 'Senin - Sabtu', 'KTP (3526024205990002)', 'Rabesen Utara, Parseh, Socah, Bangkalan', 'Jl.Kedungmangu Gang 5A Buntu', 'Bangkalan, 02 Mei 1999', 'SMA', '', '0831-1418-6662', 'Islam', 'Belum Menikah', '-', 0, '-', '-', '-', '-', '-', '0000-00-00', 22, 19, 1, NULL, NULL, NULL),
	(33, 33, 'PG-1807/33', '1804203006', 'Muchamad Nur Resahadi', 'Senin - Sabtu', 'KTP (3507012609980001)', 'Kalisangkrah RT 24/RW 5 Sumberboto Donomulyo', 'Jl.Kedungmangu Selatan', 'Malang, 26 September 1998', '', '', '', '', '', '', 0, '-', '-', '-', '-', '-', '0000-00-00', 42, 16, 1, NULL, NULL, NULL),
	(34, 34, 'PG-1807/34', '1804203013', 'Imron', 'Senin - Sabtu', '', '', '', '', '', '', '', '', '', '', 0, '', '', '-', '-', '-', '0000-00-00', 42, 20, 1, NULL, NULL, NULL),
	(35, 35, 'PG-1807/35', '1804203014', 'Savilla', 'Senin - Sabtu', '', '', '', '', '', '', '', '', '', '', 0, '', '', '-', '-', '-', '0000-00-00', 42, 20, 1, NULL, NULL, NULL);
/*!40000 ALTER TABLE `m_pegawai_man` ENABLE KEYS */;

-- Dumping structure for table bisnis_tamma.m_pegawai_pro
CREATE TABLE IF NOT EXISTS `m_pegawai_pro` (
  `c_id` int(10) unsigned NOT NULL AUTO_INCREMENT,
  `c_id_by_production` int(11) NOT NULL,
  `c_code` varchar(255) COLLATE utf8mb4_unicode_ci NOT NULL,
  `c_nik` varchar(255) COLLATE utf8mb4_unicode_ci NOT NULL,
  `c_nama` varchar(255) COLLATE utf8mb4_unicode_ci NOT NULL,
  `c_tahun_masuk` varchar(255) COLLATE utf8mb4_unicode_ci NOT NULL,
  `c_rumah_produksi` int(11) NOT NULL,
  `c_jabatan_pro_id` int(10) unsigned NOT NULL,
  `created_at` timestamp NULL DEFAULT NULL,
  `updated_at` timestamp NULL DEFAULT NULL,
  PRIMARY KEY (`c_id`),
  KEY `m_pegawai_pro_c_jabatan_pro_id_foreign` (`c_jabatan_pro_id`),
  KEY `FK_m_pegawai_pro_m_produksi` (`c_rumah_produksi`),
  CONSTRAINT `FK_m_pegawai_pro_m_produksi` FOREIGN KEY (`c_rumah_produksi`) REFERENCES `m_produksi` (`mp_id`),
  CONSTRAINT `m_pegawai_pro_c_jabatan_pro_id_foreign` FOREIGN KEY (`c_jabatan_pro_id`) REFERENCES `m_jabatan_pro` (`c_id`)
) ENGINE=InnoDB AUTO_INCREMENT=30 DEFAULT CHARSET=utf8mb4 COLLATE=utf8mb4_unicode_ci;

-- Dumping data for table bisnis_tamma.m_pegawai_pro: ~29 rows (approximately)
DELETE FROM `m_pegawai_pro`;
/*!40000 ALTER TABLE `m_pegawai_pro` DISABLE KEYS */;
INSERT INTO `m_pegawai_pro` (`c_id`, `c_id_by_production`, `c_code`, `c_nik`, `c_nama`, `c_tahun_masuk`, `c_rumah_produksi`, `c_jabatan_pro_id`, `created_at`, `updated_at`) VALUES
	(1, 1, 'PG-1807/01', '401-04-001', 'Siti', '2008-01-01', 1, 4, NULL, NULL),
	(2, 2, 'PG-1807/02', '401-05-001', 'Zubaidah', '2017-01-01', 1, 5, NULL, NULL),
	(3, 3, 'PG-1807/03', '401-071-001', 'Usmiati', '2016-01-01', 1, 7, NULL, NULL),
	(4, 4, 'PG-1807/04', '401-071-002', 'Mafruhah', '2016-01-01', 1, 7, NULL, NULL),
	(5, 5, 'PG-1807/05', '401-071-003', 'Mina', '2012-01-01', 1, 7, NULL, NULL),
	(6, 6, 'PG-1807/06', '401-071-004', 'Risma', '2017-01-01', 1, 7, NULL, NULL),
	(7, 7, 'PG-1807/07', '401-071-005', 'Farilah', '2016-01-01', 1, 7, NULL, NULL),
	(8, 8, 'PG-1807/08', '401-071-006', 'Hasanah', '2016-01-01', 1, 7, NULL, NULL),
	(9, 9, 'PG-1807/09', '401-071-007', 'Ifa', '2016-01-01', 1, 7, NULL, NULL),
	(10, 10, 'PG-1807/10', '401-071-008', 'Amanda', '2016-01-01', 1, 7, NULL, NULL),
	(11, 11, 'PG-1807/11', '401-071-009', 'Yati', '2015-01-01', 1, 7, NULL, NULL),
	(12, 12, 'PG-1807/12', '401-071-010', 'Halimah C', '2016-01-01', 1, 7, NULL, NULL),
	(13, 13, 'PG-1807/13', '401-071-011', 'Suprapti', '2012-01-01', 1, 7, NULL, NULL),
	(14, 14, 'PG-1807/14', '401-071-012', 'Jumiah', '2018-01-01', 1, 7, NULL, NULL),
	(15, 15, 'PG-1807/15', '401-071-013', 'Ani', '2008-01-01', 1, 7, NULL, NULL),
	(16, 16, 'PG-1807/16', '401-071-014', 'Lia', '2017-01-01', 1, 7, NULL, NULL),
	(17, 17, 'PG-1807/17', '401-071-015', 'Ima', '2012-01-01', 1, 7, NULL, NULL),
	(18, 18, 'PG-1807/18', '401-071-016', 'Mai', '2018-01-01', 1, 7, NULL, NULL),
	(19, 19, 'PG-1807/19', '401-071-017', 'Ayube', '2018-01-01', 1, 7, NULL, NULL),
	(20, 20, 'PG-1807/20', '401-071-018', 'Jumayah', '2012-01-01', 1, 7, NULL, NULL),
	(21, 21, 'PG-1807/21', '401-071-019', 'Dila', '2018-01-01', 1, 7, NULL, NULL),
	(22, 22, 'PG-1807/22', '401-071-020', 'Wati', '2018-01-01', 1, 7, NULL, NULL),
	(23, 23, 'PG-1807/23', '401-071-021', 'Ida', '2018-01-01', 1, 7, NULL, NULL),
	(24, 24, 'PG-1807/24', '401-071-022', 'Khoiriyah', '2016-01-01', 1, 7, NULL, NULL),
	(25, 25, 'PG-1807/25', '401-071-023', 'Fida', '2016-01-01', 1, 7, NULL, NULL),
	(26, 26, 'PG-1807/26', '401-06-001', 'Rokayah', '2012-01-01', 1, 6, NULL, NULL),
	(27, 27, 'PG-1807/27', '401-06-002', 'Aditya', '2018-01-01', 1, 6, NULL, NULL),
	(28, 28, 'PG-1807/28', '401-06-003', 'Rizky', '2018-01-01', 1, 6, NULL, NULL),
	(29, 29, 'PG-1807/29', '401-06-004', 'Zainal', '2018-01-01', 1, 6, NULL, NULL);
/*!40000 ALTER TABLE `m_pegawai_pro` ENABLE KEYS */;

-- Dumping structure for table bisnis_tamma.m_potongan
CREATE TABLE IF NOT EXISTS `m_potongan` (
  `c_id` int(10) unsigned NOT NULL AUTO_INCREMENT,
  `c_nama` varchar(100) COLLATE utf8mb4_unicode_ci NOT NULL,
  `c_value` decimal(10,2) NOT NULL,
  `created_at` timestamp NULL DEFAULT NULL,
  `updated_at` timestamp NULL DEFAULT NULL,
  PRIMARY KEY (`c_id`)
) ENGINE=InnoDB DEFAULT CHARSET=utf8mb4 COLLATE=utf8mb4_unicode_ci;

-- Dumping data for table bisnis_tamma.m_potongan: ~0 rows (approximately)
DELETE FROM `m_potongan`;
/*!40000 ALTER TABLE `m_potongan` DISABLE KEYS */;
/*!40000 ALTER TABLE `m_potongan` ENABLE KEYS */;

-- Dumping structure for table bisnis_tamma.m_price
CREATE TABLE IF NOT EXISTS `m_price` (
  `m_pid` int(11) NOT NULL AUTO_INCREMENT,
  `m_pitem` int(11) NOT NULL DEFAULT '0',
  `m_pbuy1` decimal(10,2) NOT NULL DEFAULT '0.00',
  `m_pbuy2` decimal(10,2) NOT NULL DEFAULT '0.00',
  `m_pbuy3` decimal(10,2) NOT NULL DEFAULT '0.00',
  `m_psell1` decimal(10,2) NOT NULL DEFAULT '0.00',
  `m_psell2` decimal(10,2) NOT NULL DEFAULT '0.00',
  `m_psell3` decimal(10,2) NOT NULL DEFAULT '0.00',
  `m_pisactive` varchar(5) NOT NULL DEFAULT 'TRUE',
  `m_pcreated` timestamp NOT NULL DEFAULT CURRENT_TIMESTAMP,
  `m_pupdated` timestamp NULL DEFAULT NULL,
  PRIMARY KEY (`m_pid`),
  UNIQUE KEY `m_pitem` (`m_pitem`)
) ENGINE=InnoDB AUTO_INCREMENT=657 DEFAULT CHARSET=latin1;

-- Dumping data for table bisnis_tamma.m_price: ~656 rows (approximately)
DELETE FROM `m_price`;
/*!40000 ALTER TABLE `m_price` DISABLE KEYS */;
INSERT INTO `m_price` (`m_pid`, `m_pitem`, `m_pbuy1`, `m_pbuy2`, `m_pbuy3`, `m_psell1`, `m_psell2`, `m_psell3`, `m_pisactive`, `m_pcreated`, `m_pupdated`) VALUES
	(1, 1, 0.00, 0.00, 0.00, 0.00, 0.00, 0.00, 'TRUE', '2018-06-05 02:58:18', '2018-07-24 03:04:45'),
	(2, 2, 0.00, 0.00, 0.00, 0.00, 0.00, 0.00, 'TRUE', '2018-06-05 02:58:18', NULL),
	(3, 3, 517500.00, 99999999.99, 99999999.99, 0.00, 0.00, 0.00, 'TRUE', '2018-06-05 02:58:18', '2018-09-29 03:13:39'),
	(4, 4, 11000.00, 0.00, 0.00, 0.00, 0.00, 0.00, 'TRUE', '2018-06-05 02:58:18', NULL),
	(5, 5, 50.00, 0.00, 0.00, 0.00, 0.00, 0.00, 'TRUE', '2018-06-05 02:58:18', NULL),
	(6, 6, 94500.00, 0.00, 0.00, 0.00, 0.00, 0.00, 'TRUE', '2018-06-05 02:58:18', NULL),
	(7, 7, 1.00, 1000.00, 1000.00, 0.00, 0.00, 0.00, 'TRUE', '2018-06-05 02:58:18', '2018-08-11 03:09:42'),
	(8, 8, 6340.00, 0.00, 0.00, 0.00, 0.00, 0.00, 'TRUE', '2018-06-05 02:58:18', NULL),
	(9, 9, 68000.00, 0.00, 0.00, 0.00, 0.00, 0.00, 'TRUE', '2018-06-05 02:58:18', '2018-08-14 06:17:28'),
	(10, 10, 1090.90, 0.00, 0.00, 0.00, 0.00, 0.00, 'TRUE', '2018-06-05 02:58:18', NULL),
	(11, 11, 0.00, 0.00, 0.00, 0.00, 0.00, 0.00, 'TRUE', '2018-06-05 02:58:18', NULL),
	(12, 12, 0.00, 0.00, 0.00, 0.00, 0.00, 0.00, 'TRUE', '2018-06-05 02:58:18', NULL),
	(13, 13, 2000.00, 0.00, 0.00, 0.00, 0.00, 0.00, 'TRUE', '2018-06-05 02:58:18', '2018-08-11 06:48:41'),
	(14, 14, 0.00, 0.00, 0.00, 0.00, 0.00, 0.00, 'TRUE', '2018-06-05 02:58:18', NULL),
	(15, 15, 0.00, 0.00, 0.00, 0.00, 0.00, 0.00, 'TRUE', '2018-06-05 02:58:18', NULL),
	(16, 16, 0.00, 0.00, 0.00, 0.00, 0.00, 0.00, 'TRUE', '2018-06-05 02:58:18', NULL),
	(17, 17, 0.00, 0.00, 0.00, 0.00, 0.00, 0.00, 'TRUE', '2018-06-05 02:58:18', NULL),
	(18, 18, 34000.00, 0.00, 0.00, 0.00, 0.00, 0.00, 'TRUE', '2018-06-05 02:58:18', NULL),
	(19, 19, 57000.00, 0.00, 0.00, 0.00, 0.00, 0.00, 'TRUE', '2018-06-05 02:58:18', NULL),
	(20, 20, 1000.00, 0.00, 0.00, 0.00, 0.00, 0.00, 'TRUE', '2018-06-05 02:58:18', NULL),
	(21, 21, 0.00, 0.00, 0.00, 0.00, 0.00, 0.00, 'TRUE', '2018-06-05 02:58:18', NULL),
	(22, 22, 23000.00, 0.00, 0.00, 0.00, 0.00, 0.00, 'TRUE', '2018-06-05 02:58:18', NULL),
	(23, 23, 6600.00, 0.00, 0.00, 0.00, 0.00, 0.00, 'TRUE', '2018-06-05 02:58:18', NULL),
	(24, 24, 13666.66, 0.00, 0.00, 0.00, 0.00, 0.00, 'TRUE', '2018-06-05 02:58:18', NULL),
	(25, 25, 9466.66, 0.00, 0.00, 0.00, 0.00, 0.00, 'TRUE', '2018-06-05 02:58:18', NULL),
	(26, 26, 57000.00, 0.00, 0.00, 0.00, 0.00, 0.00, 'TRUE', '2018-06-05 02:58:18', NULL),
	(27, 27, 4750.00, 0.00, 0.00, 0.00, 0.00, 0.00, 'TRUE', '2018-06-05 02:58:18', NULL),
	(28, 28, 84400.00, 0.00, 0.00, 0.00, 0.00, 0.00, 'TRUE', '2018-06-05 02:58:18', NULL),
	(29, 29, 6174.93, 0.00, 0.00, 26000.00, 0.00, 0.00, 'TRUE', '2018-06-05 02:58:18', NULL),
	(30, 30, 33583.33, 0.00, 0.00, 0.00, 0.00, 0.00, 'TRUE', '2018-06-05 02:58:18', NULL),
	(31, 31, 122000.00, 0.00, 0.00, 137000.00, 0.00, 0.00, 'TRUE', '2018-06-05 02:58:18', NULL),
	(32, 32, 200000.00, 0.00, 0.00, 0.00, 0.00, 0.00, 'TRUE', '2018-06-05 02:58:18', NULL),
	(33, 33, 5500.00, 0.00, 0.00, 0.00, 0.00, 0.00, 'TRUE', '2018-06-05 02:58:18', NULL),
	(34, 34, 1345.83, 0.00, 0.00, 0.00, 0.00, 0.00, 'TRUE', '2018-06-05 02:58:18', NULL),
	(35, 35, 103000.00, 0.00, 0.00, 0.00, 0.00, 0.00, 'FALSE', '2018-06-05 02:58:18', '2018-07-25 04:56:23'),
	(36, 36, 25000.00, 0.00, 0.00, 0.00, 0.00, 0.00, 'TRUE', '2018-06-05 02:58:18', NULL),
	(37, 37, 16500.00, 0.00, 0.00, 0.00, 0.00, 0.00, 'TRUE', '2018-06-05 02:58:18', '2018-06-28 09:54:18'),
	(38, 38, 10000.00, 0.00, 0.00, 0.00, 0.00, 0.00, 'TRUE', '2018-06-05 02:58:18', NULL),
	(39, 39, 10833.33, 0.00, 0.00, 0.00, 0.00, 0.00, 'TRUE', '2018-06-05 02:58:18', NULL),
	(40, 40, 30000.00, 0.00, 0.00, 0.00, 0.00, 0.00, 'FALSE', '2018-06-05 02:58:18', '2018-07-24 08:29:36'),
	(41, 41, 0.00, 0.00, 0.00, 0.00, 0.00, 0.00, 'FALSE', '2018-06-05 02:58:18', '2018-07-24 08:30:04'),
	(42, 42, 0.00, 0.00, 0.00, 0.00, 0.00, 0.00, 'FALSE', '2018-06-05 02:58:18', '2018-07-24 08:34:06'),
	(43, 43, 43000.00, 0.00, 0.00, 0.00, 0.00, 0.00, 'TRUE', '2018-06-05 02:58:18', NULL),
	(44, 44, 0.00, 0.00, 0.00, 0.00, 0.00, 0.00, 'TRUE', '2018-06-05 02:58:18', NULL),
	(45, 45, 4000.00, 0.00, 0.00, 0.00, 0.00, 0.00, 'TRUE', '2018-06-05 02:58:18', NULL),
	(46, 46, 0.00, 0.00, 0.00, 0.00, 0.00, 0.00, 'TRUE', '2018-06-05 02:58:18', NULL),
	(47, 47, 0.00, 0.00, 0.00, 0.00, 0.00, 0.00, 'TRUE', '2018-06-05 02:58:18', NULL),
	(48, 48, 32615.38, 0.00, 0.00, 0.00, 0.00, 0.00, 'TRUE', '2018-06-05 02:58:18', '2018-08-11 05:08:45'),
	(49, 49, 10.00, 10000.00, 10000.00, 0.00, 0.00, 0.00, 'TRUE', '2018-06-05 02:58:18', '2018-07-27 03:31:22'),
	(50, 50, 0.00, 0.00, 0.00, 0.00, 0.00, 0.00, 'TRUE', '2018-06-05 02:58:18', NULL),
	(51, 51, 0.00, 0.00, 0.00, 0.00, 0.00, 0.00, 'TRUE', '2018-06-05 02:58:18', NULL),
	(52, 52, 0.00, 0.00, 0.00, 0.00, 0.00, 0.00, 'TRUE', '2018-06-05 02:58:18', NULL),
	(53, 53, 15500.00, 0.00, 0.00, 0.00, 0.00, 0.00, 'TRUE', '2018-06-05 02:58:18', NULL),
	(54, 54, 11555.55, 0.00, 0.00, 0.00, 0.00, 0.00, 'TRUE', '2018-06-05 02:58:18', '2018-08-11 04:34:27'),
	(55, 55, 9400.00, 0.00, 0.00, 0.00, 0.00, 0.00, 'TRUE', '2018-06-05 02:58:18', NULL),
	(56, 56, 80.00, 0.00, 0.00, 5750.00, 0.00, 0.00, 'TRUE', '2018-06-05 02:58:18', NULL),
	(57, 57, 180.00, 0.00, 0.00, 160000.00, 0.00, 0.00, 'TRUE', '2018-06-05 02:58:18', NULL),
	(58, 58, 120.00, 0.00, 0.00, 115000.00, 0.00, 0.00, 'TRUE', '2018-06-05 02:58:18', NULL),
	(59, 59, 150.00, 0.00, 0.00, 130000.00, 0.00, 0.00, 'TRUE', '2018-06-05 02:58:18', NULL),
	(60, 60, 170.00, 0.00, 0.00, 150000.00, 0.00, 0.00, 'TRUE', '2018-06-05 02:58:18', NULL),
	(61, 61, 20000.00, 0.00, 0.00, 20000.00, 0.00, 0.00, 'TRUE', '2018-06-05 02:58:18', NULL),
	(62, 62, 16000.00, 0.00, 0.00, 0.00, 0.00, 0.00, 'TRUE', '2018-06-05 02:58:18', NULL),
	(63, 63, 120.00, 0.00, 0.00, 9500.00, 0.00, 0.00, 'TRUE', '2018-06-05 02:58:18', NULL),
	(64, 64, 0.00, 0.00, 0.00, 0.00, 0.00, 0.00, 'TRUE', '2018-06-05 02:58:18', NULL),
	(65, 65, 58000.00, 0.00, 0.00, 0.00, 0.00, 0.00, 'TRUE', '2018-06-05 02:58:18', NULL),
	(66, 66, 24000.00, 0.00, 0.00, 0.00, 0.00, 0.00, 'TRUE', '2018-06-05 02:58:18', NULL),
	(67, 67, 0.00, 0.00, 0.00, 0.00, 0.00, 0.00, 'TRUE', '2018-06-05 02:58:18', NULL),
	(68, 68, 6520.00, 0.00, 0.00, 0.00, 0.00, 0.00, 'TRUE', '2018-06-05 02:58:18', NULL),
	(69, 69, 35000.00, 0.00, 0.00, 0.00, 0.00, 0.00, 'TRUE', '2018-06-05 02:58:18', NULL),
	(70, 70, 35000.00, 0.00, 0.00, 0.00, 0.00, 0.00, 'TRUE', '2018-06-05 02:58:18', NULL),
	(71, 71, 0.00, 0.00, 0.00, 0.00, 0.00, 0.00, 'TRUE', '2018-06-05 02:58:18', '2018-07-09 09:39:15'),
	(72, 72, 144000.00, 0.00, 0.00, 0.00, 0.00, 0.00, 'TRUE', '2018-06-05 02:58:18', NULL),
	(73, 73, 35.71, 12000.00, 12000.00, 9000.00, 0.00, 0.00, 'TRUE', '2018-06-05 02:58:18', '2018-08-23 02:26:04'),
	(74, 74, 110.00, 0.00, 0.00, 8000.00, 0.00, 0.00, 'TRUE', '2018-06-05 02:58:18', NULL),
	(75, 75, 100.00, 0.00, 0.00, 6500.00, 0.00, 0.00, 'TRUE', '2018-06-05 02:58:18', NULL),
	(76, 76, 18000.00, 0.00, 0.00, 0.00, 0.00, 0.00, 'TRUE', '2018-06-05 02:58:18', NULL),
	(77, 77, 180.00, 0.00, 0.00, 0.00, 0.00, 0.00, 'TRUE', '2018-06-05 02:58:18', NULL),
	(78, 78, 21458.33, 0.00, 0.00, 0.00, 0.00, 0.00, 'TRUE', '2018-06-05 02:58:18', NULL),
	(79, 79, 0.00, 0.00, 0.00, 98000.00, 0.00, 0.00, 'TRUE', '2018-06-05 02:58:18', NULL),
	(80, 80, 0.00, 0.00, 0.00, 50000.00, 0.00, 0.00, 'TRUE', '2018-06-05 02:58:18', NULL),
	(81, 81, 0.00, 0.00, 0.00, 28000.00, 0.00, 0.00, 'TRUE', '2018-06-05 02:58:18', NULL),
	(82, 82, 0.00, 0.00, 0.00, 0.00, 0.00, 0.00, 'TRUE', '2018-06-05 02:58:18', NULL),
	(83, 83, 0.00, 0.00, 0.00, 0.00, 0.00, 0.00, 'TRUE', '2018-06-05 02:58:18', NULL),
	(84, 84, 0.00, 0.00, 0.00, 0.00, 0.00, 0.00, 'TRUE', '2018-06-05 02:58:18', NULL),
	(85, 85, 45000.00, 0.00, 0.00, 0.00, 0.00, 0.00, 'TRUE', '2018-06-05 02:58:18', NULL),
	(86, 86, 0.00, 0.00, 0.00, 0.00, 0.00, 0.00, 'TRUE', '2018-06-05 02:58:18', NULL),
	(87, 87, 750.00, 0.00, 0.00, 0.00, 0.00, 0.00, 'TRUE', '2018-06-05 02:58:18', NULL),
	(88, 88, 0.00, 0.00, 0.00, 0.00, 0.00, 0.00, 'TRUE', '2018-06-05 02:58:18', NULL),
	(89, 89, 0.00, 0.00, 0.00, 0.00, 0.00, 0.00, 'TRUE', '2018-06-05 02:58:18', NULL),
	(90, 90, 0.00, 0.00, 0.00, 0.00, 0.00, 0.00, 'TRUE', '2018-06-05 02:58:18', NULL),
	(91, 91, 5000.00, 0.00, 0.00, 0.00, 0.00, 0.00, 'TRUE', '2018-06-05 02:58:18', NULL),
	(92, 92, 11000.00, 0.00, 0.00, 0.00, 0.00, 0.00, 'TRUE', '2018-06-05 02:58:18', NULL),
	(93, 93, 0.00, 0.00, 0.00, 0.00, 0.00, 0.00, 'TRUE', '2018-06-05 02:58:18', NULL),
	(94, 94, 0.00, 0.00, 0.00, 0.00, 0.00, 0.00, 'TRUE', '2018-06-05 02:58:18', NULL),
	(95, 95, 0.00, 0.00, 0.00, 0.00, 0.00, 0.00, 'TRUE', '2018-06-05 02:58:18', NULL),
	(96, 96, 0.00, 0.00, 0.00, 0.00, 0.00, 0.00, 'TRUE', '2018-06-05 02:58:18', NULL),
	(97, 97, 0.00, 0.00, 0.00, 0.00, 0.00, 0.00, 'TRUE', '2018-06-05 02:58:18', NULL),
	(98, 98, 0.00, 0.00, 0.00, 0.00, 0.00, 0.00, 'TRUE', '2018-06-05 02:58:18', NULL),
	(99, 99, 0.00, 0.00, 0.00, 0.00, 0.00, 0.00, 'TRUE', '2018-06-05 02:58:18', NULL),
	(100, 100, 36750.00, 0.00, 0.00, 0.00, 0.00, 0.00, 'TRUE', '2018-06-05 02:58:18', NULL),
	(101, 101, 0.00, 0.00, 0.00, 0.00, 0.00, 0.00, 'TRUE', '2018-06-05 02:58:18', NULL),
	(102, 102, 0.00, 0.00, 0.00, 0.00, 0.00, 0.00, 'TRUE', '2018-06-05 02:58:18', NULL),
	(103, 103, 0.00, 0.00, 0.00, 0.00, 0.00, 0.00, 'TRUE', '2018-06-05 02:58:18', NULL),
	(104, 104, 0.00, 0.00, 0.00, 0.00, 0.00, 0.00, 'TRUE', '2018-06-05 02:58:18', NULL),
	(105, 105, 45000.00, 0.00, 0.00, 0.00, 0.00, 0.00, 'TRUE', '2018-06-05 02:58:18', NULL),
	(106, 106, 42500.00, 0.00, 0.00, 0.00, 0.00, 0.00, 'TRUE', '2018-06-05 02:58:18', NULL),
	(107, 107, 0.00, 0.00, 0.00, 0.00, 0.00, 0.00, 'TRUE', '2018-06-05 02:58:18', NULL),
	(108, 108, 0.00, 0.00, 0.00, 0.00, 0.00, 0.00, 'TRUE', '2018-06-05 02:58:18', NULL),
	(109, 109, 35000.00, 0.00, 0.00, 0.00, 0.00, 0.00, 'TRUE', '2018-06-05 02:58:18', NULL),
	(110, 110, 0.00, 0.00, 0.00, 0.00, 0.00, 0.00, 'TRUE', '2018-06-05 02:58:18', NULL),
	(111, 111, 0.00, 0.00, 0.00, 0.00, 0.00, 0.00, 'TRUE', '2018-06-05 02:58:18', NULL),
	(112, 112, 19800.00, 0.00, 0.00, 0.00, 0.00, 0.00, 'TRUE', '2018-06-05 02:58:18', NULL),
	(113, 113, 0.00, 0.00, 0.00, 0.00, 0.00, 0.00, 'TRUE', '2018-06-05 02:58:18', NULL),
	(114, 114, 0.00, 0.00, 0.00, 0.00, 0.00, 0.00, 'TRUE', '2018-06-05 02:58:18', NULL),
	(115, 115, 0.00, 0.00, 0.00, 0.00, 0.00, 0.00, 'TRUE', '2018-06-05 02:58:18', NULL),
	(116, 116, 39000.00, 0.00, 0.00, 0.00, 0.00, 0.00, 'TRUE', '2018-06-05 02:58:18', NULL),
	(117, 117, 0.00, 0.00, 0.00, 0.00, 0.00, 0.00, 'TRUE', '2018-06-05 02:58:18', NULL),
	(118, 118, 24066.66, 0.00, 0.00, 0.00, 0.00, 0.00, 'TRUE', '2018-06-05 02:58:18', NULL),
	(119, 119, 0.00, 0.00, 0.00, 0.00, 0.00, 0.00, 'TRUE', '2018-06-05 02:58:18', NULL),
	(120, 120, 0.00, 0.00, 0.00, 0.00, 0.00, 0.00, 'TRUE', '2018-06-05 02:58:18', NULL),
	(121, 121, 1345.83, 0.00, 0.00, 0.00, 0.00, 0.00, 'TRUE', '2018-06-05 02:58:18', NULL),
	(122, 122, 0.00, 0.00, 0.00, 0.00, 0.00, 0.00, 'TRUE', '2018-06-05 02:58:18', NULL),
	(123, 123, 0.00, 0.00, 0.00, 0.00, 0.00, 0.00, 'TRUE', '2018-06-05 02:58:18', NULL),
	(124, 124, 0.00, 0.00, 0.00, 0.00, 0.00, 0.00, 'TRUE', '2018-06-05 02:58:18', NULL),
	(125, 125, 20000.00, 0.00, 0.00, 0.00, 0.00, 0.00, 'TRUE', '2018-06-05 02:58:18', NULL),
	(126, 126, 20000.00, 0.00, 0.00, 285000.00, 0.00, 0.00, 'TRUE', '2018-06-05 02:58:18', NULL),
	(127, 127, 0.00, 0.00, 0.00, 825000.00, 0.00, 0.00, 'TRUE', '2018-06-05 02:58:18', NULL),
	(128, 128, 1345.83, 0.00, 0.00, 17000.00, 0.00, 0.00, 'TRUE', '2018-06-05 02:58:18', NULL),
	(129, 129, 0.00, 0.00, 0.00, 825000.00, 0.00, 0.00, 'TRUE', '2018-06-05 02:58:18', NULL),
	(130, 130, 0.00, 0.00, 0.00, 0.00, 0.00, 0.00, 'TRUE', '2018-06-05 02:58:18', NULL),
	(131, 131, 0.00, 0.00, 0.00, 25000.00, 0.00, 0.00, 'TRUE', '2018-06-05 02:58:18', NULL),
	(132, 132, 350.00, 0.00, 0.00, 218000.00, 0.00, 0.00, 'TRUE', '2018-06-05 02:58:18', NULL),
	(133, 133, 1345.83, 0.00, 0.00, 17000.00, 0.00, 0.00, 'TRUE', '2018-06-05 02:58:18', NULL),
	(134, 134, 1345.00, 0.00, 0.00, 17000.00, 0.00, 0.00, 'TRUE', '2018-06-05 02:58:18', NULL),
	(135, 135, 1345.83, 0.00, 0.00, 17000.00, 0.00, 0.00, 'TRUE', '2018-06-05 02:58:18', NULL),
	(136, 136, 1345.83, 0.00, 0.00, 17000.00, 0.00, 0.00, 'TRUE', '2018-06-05 02:58:18', NULL),
	(137, 137, 0.00, 0.00, 0.00, 0.00, 0.00, 0.00, 'TRUE', '2018-06-05 02:58:18', NULL),
	(138, 138, 0.00, 0.00, 0.00, 0.00, 0.00, 0.00, 'TRUE', '2018-06-05 02:58:18', NULL),
	(139, 139, 65500.00, 0.00, 0.00, 109000.00, 0.00, 0.00, 'TRUE', '2018-06-05 02:58:18', NULL),
	(140, 140, 24499.00, 0.00, 0.00, 18300.00, 0.00, 0.00, 'TRUE', '2018-06-05 02:58:18', NULL),
	(141, 141, 0.00, 0.00, 0.00, 700000.00, 0.00, 0.00, 'TRUE', '2018-06-05 02:58:18', NULL),
	(142, 142, 12000.00, 0.00, 0.00, 12350.00, 0.00, 0.00, 'TRUE', '2018-06-05 02:58:18', NULL),
	(143, 143, 1354.33, 0.00, 0.00, 0.00, 0.00, 0.00, 'TRUE', '2018-06-05 02:58:18', NULL),
	(144, 144, 0.00, 0.00, 0.00, 0.00, 0.00, 0.00, 'TRUE', '2018-06-05 02:58:18', NULL),
	(145, 145, 0.00, 0.00, 0.00, 0.00, 0.00, 0.00, 'TRUE', '2018-06-05 02:58:18', NULL),
	(146, 146, 0.00, 0.00, 0.00, 0.00, 0.00, 0.00, 'TRUE', '2018-06-05 02:58:18', NULL),
	(147, 147, 0.00, 0.00, 0.00, 0.00, 0.00, 0.00, 'TRUE', '2018-06-05 02:58:18', NULL),
	(148, 148, 0.00, 0.00, 0.00, 0.00, 0.00, 0.00, 'TRUE', '2018-06-05 02:58:18', NULL),
	(149, 149, 380.00, 0.00, 0.00, 0.00, 0.00, 0.00, 'TRUE', '2018-06-05 02:58:18', NULL),
	(150, 150, 360.00, 0.00, 0.00, 0.00, 0.00, 0.00, 'TRUE', '2018-06-05 02:58:18', NULL),
	(151, 151, 3000.00, 0.00, 0.00, 0.00, 0.00, 0.00, 'TRUE', '2018-06-05 02:58:18', NULL),
	(152, 152, 0.00, 0.00, 0.00, 0.00, 0.00, 0.00, 'TRUE', '2018-06-05 02:58:18', NULL),
	(153, 153, 4400.00, 0.00, 0.00, 0.00, 0.00, 0.00, 'TRUE', '2018-06-05 02:58:18', NULL),
	(154, 154, 60.00, 0.00, 0.00, 0.00, 0.00, 0.00, 'TRUE', '2018-06-05 02:58:18', NULL),
	(155, 155, 35.00, 0.00, 0.00, 0.00, 0.00, 0.00, 'TRUE', '2018-06-05 02:58:18', NULL),
	(156, 156, 25.00, 0.00, 0.00, 0.00, 0.00, 0.00, 'TRUE', '2018-06-05 02:58:18', NULL),
	(157, 157, 0.00, 0.00, 0.00, 0.00, 0.00, 0.00, 'TRUE', '2018-06-05 02:58:18', NULL),
	(158, 158, 6000.00, 0.00, 0.00, 0.00, 0.00, 0.00, 'TRUE', '2018-06-05 02:58:18', NULL),
	(159, 159, 230.00, 0.00, 0.00, 0.00, 0.00, 0.00, 'TRUE', '2018-06-05 02:58:18', NULL),
	(160, 160, 0.00, 0.00, 0.00, 12000.00, 13000.00, 0.00, 'TRUE', '2018-06-05 02:58:18', '2018-07-24 08:00:29'),
	(161, 161, 0.00, 0.00, 0.00, 23000.00, 23500.00, 24000.00, 'TRUE', '2018-06-05 02:58:18', '2018-07-24 02:37:11'),
	(162, 162, 12941.00, 0.00, 0.00, 21000.00, 21500.00, 22000.00, 'TRUE', '2018-06-05 02:58:18', '2018-07-24 07:13:41'),
	(163, 163, 32500.00, 0.00, 0.00, 0.00, 0.00, 10000.00, 'FALSE', '2018-06-05 02:58:18', '2018-07-24 07:17:35'),
	(164, 164, 16000.00, 0.00, 0.00, 0.00, 0.00, 0.00, 'FALSE', '2018-06-05 02:58:18', '2018-07-24 07:17:57'),
	(165, 165, 0.00, 0.00, 0.00, 0.00, 0.00, 5000.00, 'TRUE', '2018-06-05 02:58:18', '2018-07-23 07:11:11'),
	(166, 166, 0.00, 0.00, 0.00, 5000.00, 0.00, 0.00, 'TRUE', '2018-06-05 02:58:18', NULL),
	(167, 167, 0.00, 0.00, 0.00, 0.00, 0.00, 0.00, 'TRUE', '2018-06-05 02:58:18', NULL),
	(168, 168, 0.00, 0.00, 0.00, 0.00, 0.00, 0.00, 'TRUE', '2018-06-05 02:58:18', NULL),
	(169, 169, 3849.49, 0.00, 0.00, 0.00, 0.00, 0.00, 'TRUE', '2018-06-05 02:58:18', NULL),
	(170, 170, 0.00, 0.00, 0.00, 0.00, 0.00, 0.00, 'TRUE', '2018-06-05 02:58:18', NULL),
	(171, 171, 0.00, 0.00, 0.00, 0.00, 0.00, 0.00, 'TRUE', '2018-06-05 02:58:18', NULL),
	(172, 172, 0.00, 0.00, 0.00, 0.00, 0.00, 0.00, 'TRUE', '2018-06-05 02:58:18', NULL),
	(173, 173, 0.00, 0.00, 0.00, 0.00, 0.00, 0.00, 'TRUE', '2018-06-05 02:58:18', NULL),
	(174, 174, 0.00, 0.00, 0.00, 0.00, 0.00, 0.00, 'TRUE', '2018-06-05 02:58:18', NULL),
	(175, 175, 0.00, 0.00, 0.00, 0.00, 0.00, 0.00, 'TRUE', '2018-06-05 02:58:18', NULL),
	(176, 176, 0.00, 0.00, 0.00, 0.00, 0.00, 0.00, 'TRUE', '2018-06-05 02:58:18', '2018-07-24 07:50:42'),
	(177, 177, 0.00, 0.00, 0.00, 0.00, 0.00, 0.00, 'TRUE', '2018-06-05 02:58:18', '2018-07-24 07:49:24'),
	(178, 178, 0.00, 0.00, 0.00, 0.00, 0.00, 0.00, 'TRUE', '2018-06-05 02:58:18', NULL),
	(179, 179, 0.00, 0.00, 0.00, 0.00, 0.00, 0.00, 'TRUE', '2018-06-05 02:58:18', NULL),
	(180, 180, 0.00, 0.00, 0.00, 0.00, 0.00, 0.00, 'TRUE', '2018-06-05 02:58:18', NULL),
	(181, 181, 0.00, 0.00, 0.00, 0.00, 0.00, 0.00, 'TRUE', '2018-06-05 02:58:18', NULL),
	(182, 182, 0.00, 0.00, 0.00, 0.00, 0.00, 0.00, 'TRUE', '2018-06-05 02:58:18', NULL),
	(183, 183, 19000.00, 0.00, 0.00, 0.00, 0.00, 0.00, 'TRUE', '2018-06-05 02:58:18', NULL),
	(184, 184, 18000.00, 0.00, 0.00, 0.00, 0.00, 0.00, 'TRUE', '2018-06-05 02:58:18', NULL),
	(185, 185, 17000.00, 0.00, 0.00, 0.00, 0.00, 0.00, 'TRUE', '2018-06-05 02:58:18', NULL),
	(186, 186, 28000.00, 0.00, 0.00, 34000.00, 34500.00, 35000.00, 'TRUE', '2018-06-05 02:58:18', '2018-07-24 03:14:20'),
	(187, 187, 115000.00, 0.00, 0.00, 150000.00, 153000.00, 156000.00, 'TRUE', '2018-06-05 02:58:18', '2018-07-25 04:37:21'),
	(188, 188, 68400.00, 0.00, 0.00, 0.00, 0.00, 0.00, 'TRUE', '2018-06-05 02:58:18', NULL),
	(189, 189, 190000.00, 0.00, 0.00, 0.00, 0.00, 0.00, 'TRUE', '2018-06-05 02:58:18', NULL),
	(190, 190, 65000.00, 0.00, 0.00, 0.00, 0.00, 0.00, 'TRUE', '2018-06-05 02:58:18', NULL),
	(191, 191, 35000.00, 0.00, 0.00, 0.00, 0.00, 0.00, 'TRUE', '2018-06-05 02:58:18', NULL),
	(192, 192, 18055.55, 0.00, 0.00, 0.00, 0.00, 0.00, 'TRUE', '2018-06-05 02:58:18', NULL),
	(193, 193, 0.00, 0.00, 0.00, 0.00, 0.00, 0.00, 'TRUE', '2018-06-05 02:58:18', NULL),
	(194, 194, 0.00, 0.00, 0.00, 0.00, 0.00, 0.00, 'TRUE', '2018-06-05 02:58:18', NULL),
	(195, 195, 5000.00, 0.00, 0.00, 5000.00, 0.00, 0.00, 'TRUE', '2018-06-05 02:58:18', NULL),
	(196, 196, 0.00, 0.00, 0.00, 0.00, 0.00, 0.00, 'TRUE', '2018-06-05 02:58:18', NULL),
	(197, 197, 15600.00, 0.00, 0.00, 0.00, 0.00, 0.00, 'TRUE', '2018-06-05 02:58:18', NULL),
	(198, 198, 0.00, 0.00, 0.00, 0.00, 0.00, 0.00, 'TRUE', '2018-06-05 02:58:18', NULL),
	(199, 199, 0.00, 0.00, 0.00, 0.00, 0.00, 0.00, 'TRUE', '2018-06-05 02:58:18', NULL),
	(200, 200, 0.00, 0.00, 0.00, 0.00, 0.00, 0.00, 'TRUE', '2018-06-05 02:58:18', NULL),
	(201, 201, 0.00, 0.00, 0.00, 0.00, 0.00, 0.00, 'TRUE', '2018-06-05 02:58:18', NULL),
	(202, 202, 0.00, 0.00, 0.00, 0.00, 0.00, 0.00, 'TRUE', '2018-06-05 02:58:18', NULL),
	(203, 203, 0.00, 0.00, 0.00, 0.00, 0.00, 0.00, 'TRUE', '2018-06-05 02:58:18', NULL),
	(204, 204, 0.00, 0.00, 0.00, 0.00, 0.00, 0.00, 'FALSE', '2018-06-05 02:58:18', '2018-07-24 08:26:55'),
	(205, 205, 0.00, 0.00, 0.00, 0.00, 0.00, 0.00, 'FALSE', '2018-06-05 02:58:18', '2018-07-24 08:26:43'),
	(206, 206, 0.00, 0.00, 0.00, 0.00, 0.00, 0.00, 'TRUE', '2018-06-05 02:58:18', NULL),
	(207, 207, 0.00, 0.00, 0.00, 0.00, 0.00, 0.00, 'TRUE', '2018-06-05 02:58:18', NULL),
	(208, 208, 0.00, 0.00, 0.00, 0.00, 0.00, 0.00, 'TRUE', '2018-06-05 02:58:18', NULL),
	(209, 209, 0.00, 0.00, 0.00, 0.00, 0.00, 0.00, 'TRUE', '2018-06-05 02:58:18', NULL),
	(210, 210, 3500.00, 0.00, 0.00, 0.00, 0.00, 0.00, 'TRUE', '2018-06-05 02:58:18', NULL),
	(211, 211, 0.00, 0.00, 0.00, 0.00, 0.00, 0.00, 'FALSE', '2018-06-05 02:58:18', '2018-07-24 08:35:02'),
	(212, 212, 0.00, 0.00, 0.00, 0.00, 0.00, 0.00, 'FALSE', '2018-06-05 02:58:18', '2018-07-24 08:34:47'),
	(213, 213, 0.00, 0.00, 0.00, 0.00, 0.00, 0.00, 'FALSE', '2018-06-05 02:58:18', '2018-07-24 08:30:54'),
	(214, 214, 0.00, 0.00, 0.00, 0.00, 0.00, 0.00, 'FALSE', '2018-06-05 02:58:18', '2018-07-24 08:11:03'),
	(215, 215, 0.00, 0.00, 0.00, 0.00, 0.00, 0.00, 'TRUE', '2018-06-05 02:58:18', NULL),
	(216, 216, 0.00, 0.00, 0.00, 0.00, 0.00, 0.00, 'TRUE', '2018-06-05 02:58:18', NULL),
	(217, 217, 1345.83, 0.00, 0.00, 0.00, 0.00, 0.00, 'TRUE', '2018-06-05 02:58:18', NULL),
	(218, 218, 0.00, 0.00, 0.00, 3500.00, 0.00, 0.00, 'TRUE', '2018-06-05 02:58:18', NULL),
	(219, 219, 0.00, 0.00, 0.00, 3500.00, 0.00, 0.00, 'TRUE', '2018-06-05 02:58:18', NULL),
	(220, 220, 0.00, 0.00, 0.00, 3500.00, 0.00, 0.00, 'TRUE', '2018-06-05 02:58:18', NULL),
	(221, 221, 0.00, 0.00, 0.00, 3500.00, 0.00, 0.00, 'TRUE', '2018-06-05 02:58:18', NULL),
	(222, 222, 0.00, 0.00, 0.00, 0.00, 0.00, 0.00, 'TRUE', '2018-06-05 02:58:18', NULL),
	(223, 223, 0.00, 0.00, 0.00, 0.00, 0.00, 0.00, 'TRUE', '2018-06-05 02:58:18', NULL),
	(224, 224, 0.00, 0.00, 0.00, 0.00, 0.00, 0.00, 'TRUE', '2018-06-05 02:58:18', NULL),
	(225, 225, 0.00, 0.00, 0.00, 0.00, 0.00, 0.00, 'TRUE', '2018-06-05 02:58:18', NULL),
	(226, 226, 0.00, 0.00, 0.00, 0.00, 0.00, 0.00, 'TRUE', '2018-06-05 02:58:18', NULL),
	(227, 227, 0.00, 0.00, 0.00, 0.00, 0.00, 0.00, 'TRUE', '2018-06-05 02:58:18', NULL),
	(228, 228, 0.00, 0.00, 0.00, 0.00, 0.00, 0.00, 'TRUE', '2018-06-05 02:58:18', NULL),
	(229, 229, 0.00, 0.00, 0.00, 0.00, 0.00, 0.00, 'TRUE', '2018-06-05 02:58:18', NULL),
	(230, 230, 0.00, 0.00, 0.00, 0.00, 0.00, 0.00, 'TRUE', '2018-06-05 02:58:18', NULL),
	(231, 231, 0.00, 0.00, 0.00, 0.00, 0.00, 0.00, 'TRUE', '2018-06-05 02:58:18', NULL),
	(232, 232, 0.00, 0.00, 0.00, 0.00, 0.00, 0.00, 'TRUE', '2018-06-05 02:58:18', NULL),
	(233, 234, 26500.00, 0.00, 0.00, 0.00, 0.00, 0.00, 'TRUE', '2018-06-05 02:58:18', NULL),
	(234, 235, 102000.00, 0.00, 0.00, 115000.00, 117500.00, 120000.00, 'TRUE', '2018-06-05 02:58:18', '2018-07-24 03:26:48'),
	(235, 236, 0.00, 0.00, 0.00, 0.00, 0.00, 36000.00, 'TRUE', '2018-06-05 02:58:18', '2018-07-24 08:09:11'),
	(236, 237, 30000.00, 0.00, 0.00, 0.00, 0.00, 36000.00, 'FALSE', '2018-06-05 02:58:18', '2018-07-24 08:07:51'),
	(237, 238, 6000.00, 0.00, 0.00, 0.00, 0.00, 0.00, 'TRUE', '2018-06-05 02:58:18', NULL),
	(238, 239, 0.00, 0.00, 0.00, 0.00, 0.00, 0.00, 'TRUE', '2018-06-05 02:58:18', '2018-07-24 08:08:18'),
	(239, 240, 12003.00, 0.00, 0.00, 0.00, 0.00, 0.00, 'TRUE', '2018-06-05 02:58:18', '2018-07-24 08:08:47'),
	(240, 241, 23000.00, 0.00, 0.00, 0.00, 0.00, 0.00, 'TRUE', '2018-06-05 02:58:18', NULL),
	(241, 242, 10000.00, 0.00, 0.00, 0.00, 0.00, 0.00, 'TRUE', '2018-06-05 02:58:18', NULL),
	(242, 243, 10900.00, 0.00, 0.00, 0.00, 0.00, 0.00, 'TRUE', '2018-06-05 02:58:18', NULL),
	(243, 244, 16800.00, 0.00, 0.00, 0.00, 0.00, 0.00, 'TRUE', '2018-06-05 02:58:18', NULL),
	(244, 245, 14440.00, 0.00, 0.00, 0.00, 0.00, 0.00, 'TRUE', '2018-06-05 02:58:18', NULL),
	(245, 246, 12825.00, 0.00, 0.00, 0.00, 0.00, 0.00, 'TRUE', '2018-06-05 02:58:18', NULL),
	(246, 247, 22600.00, 0.00, 0.00, 0.00, 0.00, 0.00, 'TRUE', '2018-06-05 02:58:18', NULL),
	(247, 248, 85000.00, 0.00, 0.00, 0.00, 0.00, 0.00, 'TRUE', '2018-06-05 02:58:18', NULL),
	(248, 249, 8000.00, 0.00, 0.00, 0.00, 0.00, 0.00, 'TRUE', '2018-06-05 02:58:18', NULL),
	(249, 250, 10000.00, 0.00, 0.00, 0.00, 0.00, 0.00, 'TRUE', '2018-06-05 02:58:18', NULL),
	(250, 251, 98300.00, 0.00, 0.00, 0.00, 0.00, 0.00, 'TRUE', '2018-06-05 02:58:18', NULL),
	(251, 252, 9400.00, 0.00, 0.00, 0.00, 0.00, 0.00, 'TRUE', '2018-06-05 02:58:18', NULL),
	(252, 253, 7000.00, 0.00, 0.00, 0.00, 0.00, 0.00, 'TRUE', '2018-06-05 02:58:18', NULL),
	(253, 254, 39695.00, 0.00, 0.00, 0.00, 0.00, 0.00, 'TRUE', '2018-06-05 02:58:18', NULL),
	(254, 255, 15000.00, 0.00, 0.00, 0.00, 0.00, 0.00, 'TRUE', '2018-06-05 02:58:18', NULL),
	(255, 256, 225000.00, 0.00, 0.00, 0.00, 0.00, 0.00, 'TRUE', '2018-06-05 02:58:18', NULL),
	(256, 257, 11800.00, 0.00, 0.00, 0.00, 0.00, 0.00, 'TRUE', '2018-06-05 02:58:18', NULL),
	(257, 258, 69400.00, 0.00, 0.00, 0.00, 0.00, 0.00, 'TRUE', '2018-06-05 02:58:18', NULL),
	(258, 259, 4900.00, 0.00, 0.00, 0.00, 0.00, 0.00, 'TRUE', '2018-06-05 02:58:18', NULL),
	(259, 260, 22600.00, 0.00, 0.00, 0.00, 0.00, 0.00, 'TRUE', '2018-06-05 02:58:18', NULL),
	(260, 261, 2040.00, 0.00, 0.00, 0.00, 0.00, 0.00, 'TRUE', '2018-06-05 02:58:18', NULL),
	(261, 262, 2040.00, 0.00, 0.00, 0.00, 0.00, 0.00, 'TRUE', '2018-06-05 02:58:18', NULL),
	(262, 263, 0.00, 0.00, 0.00, 0.00, 0.00, 0.00, 'TRUE', '2018-06-05 02:58:18', '2018-07-24 04:30:00'),
	(263, 264, 10500.00, 0.00, 0.00, 0.00, 0.00, 18000.00, 'TRUE', '2018-06-05 02:58:18', '2018-07-24 04:29:42'),
	(264, 265, 0.00, 0.00, 0.00, 10000.00, 0.00, 0.00, 'TRUE', '2018-06-05 02:58:18', NULL),
	(265, 266, 0.00, 0.00, 0.00, 43000.00, 0.00, 0.00, 'TRUE', '2018-06-05 02:58:18', NULL),
	(266, 267, 0.00, 0.00, 0.00, 0.00, 0.00, 0.00, 'TRUE', '2018-06-05 02:58:18', NULL),
	(267, 268, 17500.00, 0.00, 0.00, 28000.00, 0.00, 24000.00, 'TRUE', '2018-06-05 02:58:18', '2018-07-24 03:30:30'),
	(268, 269, 525000.00, 0.00, 0.00, 4167.00, 0.00, 0.00, 'TRUE', '2018-06-05 02:58:18', NULL),
	(269, 270, 2000.00, 0.00, 0.00, 0.00, 0.00, 0.00, 'TRUE', '2018-06-05 02:58:18', NULL),
	(270, 271, 5000.00, 0.00, 0.00, 0.00, 0.00, 0.00, 'TRUE', '2018-06-05 02:58:18', NULL),
	(271, 272, 0.00, 0.00, 0.00, 0.00, 0.00, 0.00, 'TRUE', '2018-06-05 02:58:18', NULL),
	(272, 273, 200.00, 0.00, 0.00, 0.00, 0.00, 0.00, 'TRUE', '2018-06-05 02:58:18', NULL),
	(273, 274, 0.00, 0.00, 0.00, 0.00, 0.00, 0.00, 'TRUE', '2018-06-05 02:58:18', NULL),
	(274, 275, 14000.00, 0.00, 0.00, 0.00, 0.00, 0.00, 'TRUE', '2018-06-05 02:58:18', NULL),
	(275, 276, 8000.00, 0.00, 0.00, 0.00, 0.00, 0.00, 'TRUE', '2018-06-05 02:58:18', NULL),
	(276, 277, 0.00, 0.00, 0.00, 45000.00, 0.00, 0.00, 'TRUE', '2018-06-05 02:58:18', NULL),
	(277, 278, 52500.00, 0.00, 0.00, 0.00, 0.00, 0.00, 'TRUE', '2018-06-05 02:58:18', NULL),
	(278, 279, 14000.00, 0.00, 0.00, 10000.00, 0.00, 0.00, 'TRUE', '2018-06-05 02:58:18', NULL),
	(279, 280, 100000.00, 0.00, 0.00, 0.00, 0.00, 0.00, 'TRUE', '2018-06-05 02:58:18', NULL),
	(280, 281, 16000.00, 0.00, 0.00, 0.00, 0.00, 0.00, 'TRUE', '2018-06-05 02:58:18', NULL),
	(281, 282, 0.00, 0.00, 0.00, 2000.00, 0.00, 0.00, 'FALSE', '2018-06-05 02:58:18', '2018-07-24 08:03:49'),
	(282, 283, 0.00, 0.00, 0.00, 3200.00, 0.00, 0.00, 'FALSE', '2018-06-05 02:58:18', '2018-07-24 07:55:19'),
	(283, 284, 2000.00, 0.00, 0.00, 2000.00, 0.00, 0.00, 'FALSE', '2018-06-05 02:58:18', '2018-07-24 08:04:29'),
	(284, 285, 1268.00, 0.00, 0.00, 2500.00, 2800.00, 3000.00, 'TRUE', '2018-06-05 02:58:18', '2018-07-24 02:34:50'),
	(285, 286, 0.00, 0.00, 0.00, 1400.00, 0.00, 0.00, 'FALSE', '2018-06-05 02:58:18', '2018-07-24 07:57:00'),
	(286, 287, 1932.00, 0.00, 0.00, 5300.00, 5400.00, 5500.00, 'TRUE', '2018-06-05 02:58:18', '2018-07-24 08:01:41'),
	(287, 288, 0.00, 0.00, 0.00, 12000.00, 12500.00, 13500.00, 'TRUE', '2018-06-05 02:58:18', '2018-07-24 02:38:06'),
	(288, 289, 0.00, 0.00, 0.00, 10000.00, 0.00, 0.00, 'FALSE', '2018-06-05 02:58:18', '2018-07-24 07:55:49'),
	(289, 290, 0.00, 0.00, 0.00, 25000.00, 0.00, 0.00, 'TRUE', '2018-06-05 02:58:18', NULL),
	(290, 291, 0.00, 0.00, 0.00, 4000.00, 0.00, 0.00, 'FALSE', '2018-06-05 02:58:18', '2018-07-24 07:59:30'),
	(291, 292, 0.00, 0.00, 0.00, 16000.00, 0.00, 0.00, 'FALSE', '2018-06-05 02:58:18', '2018-07-24 07:55:34'),
	(292, 293, 4791.00, 0.00, 0.00, 11000.00, 11500.00, 12500.00, 'TRUE', '2018-06-05 02:58:18', '2018-07-24 02:40:32'),
	(293, 294, 0.00, 0.00, 0.00, 10500.00, 0.00, 0.00, 'TRUE', '2018-06-05 02:58:18', '2018-07-24 07:25:15'),
	(294, 295, 0.00, 0.00, 0.00, 12500.00, 0.00, 0.00, 'FALSE', '2018-06-05 02:58:18', '2018-07-24 07:25:49'),
	(295, 296, 0.00, 0.00, 0.00, 22000.00, 22500.00, 23000.00, 'FALSE', '2018-06-05 02:58:18', '2018-07-24 07:23:41'),
	(296, 297, 0.00, 0.00, 0.00, 16000.00, 16500.00, 17000.00, 'TRUE', '2018-06-05 02:58:18', '2018-07-24 02:41:32'),
	(297, 298, 0.00, 0.00, 0.00, 15000.00, 0.00, 0.00, 'FALSE', '2018-06-05 02:58:18', '2018-07-24 07:22:48'),
	(298, 299, 15165.49, 0.00, 0.00, 26000.00, 26500.00, 27000.00, 'TRUE', '2018-06-05 02:58:18', '2018-07-24 02:42:08'),
	(299, 300, 0.00, 0.00, 0.00, 18000.00, 18500.00, 19000.00, 'FALSE', '2018-06-05 02:58:18', '2018-07-24 07:24:08'),
	(300, 301, 633079.00, 0.00, 0.00, 20000.00, 20500.00, 21000.00, 'TRUE', '2018-06-05 02:58:18', '2018-07-24 02:44:03'),
	(301, 302, 20000.00, 0.00, 0.00, 22000.00, 22500.00, 23000.00, 'TRUE', '2018-06-05 02:58:18', '2018-07-24 02:44:42'),
	(302, 303, 7708.05, 0.00, 0.00, 20000.00, 20500.00, 21000.00, 'TRUE', '2018-06-05 02:58:18', '2018-07-24 02:45:19'),
	(303, 304, 5076.00, 0.00, 0.00, 18000.00, 18500.00, 19000.00, 'TRUE', '2018-06-05 02:58:18', '2018-07-24 02:45:48'),
	(304, 305, 0.00, 0.00, 0.00, 16000.00, 0.00, 0.00, 'TRUE', '2018-06-05 02:58:18', '2018-07-24 02:47:09'),
	(305, 306, 0.00, 0.00, 0.00, 0.00, 0.00, 0.00, 'FALSE', '2018-06-05 02:58:18', '2018-07-24 07:27:07'),
	(306, 307, 0.00, 0.00, 0.00, 0.00, 0.00, 0.00, 'FALSE', '2018-06-05 02:58:18', '2018-07-24 07:28:35'),
	(307, 308, 0.00, 0.00, 0.00, 18600.00, 0.00, 0.00, 'FALSE', '2018-06-05 02:58:18', '2018-07-24 07:29:16'),
	(308, 309, 0.00, 0.00, 0.00, 12500.00, 0.00, 0.00, 'FALSE', '2018-06-05 02:58:18', '2018-07-24 07:29:50'),
	(309, 310, 0.00, 0.00, 0.00, 0.00, 0.00, 0.00, 'FALSE', '2018-06-05 02:58:18', '2018-07-24 07:30:21'),
	(310, 311, 15643.33, 0.00, 0.00, 26000.00, 26500.00, 27000.00, 'TRUE', '2018-06-05 02:58:18', '2018-07-24 02:47:50'),
	(311, 312, 8508.00, 0.00, 0.00, 24000.00, 24500.00, 25000.00, 'TRUE', '2018-06-05 02:58:18', '2018-07-24 02:48:12'),
	(312, 313, 0.00, 0.00, 0.00, 22000.00, 22500.00, 23000.00, 'TRUE', '2018-06-05 02:58:18', '2018-07-24 02:48:39'),
	(313, 314, 0.00, 0.00, 0.00, 31000.00, 0.00, 0.00, 'FALSE', '2018-06-05 02:58:18', '2018-07-24 07:31:23'),
	(314, 315, 0.00, 0.00, 0.00, 25000.00, 0.00, 0.00, 'FALSE', '2018-06-05 02:58:18', '2018-07-24 07:32:03'),
	(315, 316, 0.00, 0.00, 0.00, 23000.00, 0.00, 0.00, 'FALSE', '2018-06-05 02:58:18', '2018-07-24 07:32:51'),
	(316, 317, 0.00, 0.00, 0.00, 21000.00, 0.00, 0.00, 'FALSE', '2018-06-05 02:58:18', '2018-07-24 07:33:18'),
	(317, 318, 0.00, 0.00, 0.00, 18000.00, 0.00, 0.00, 'FALSE', '2018-06-05 02:58:18', '2018-07-24 07:33:39'),
	(318, 319, 0.00, 0.00, 0.00, 0.00, 0.00, 0.00, 'FALSE', '2018-06-05 02:58:18', '2018-07-24 07:34:52'),
	(319, 320, 0.00, 0.00, 0.00, 0.00, 0.00, 0.00, 'FALSE', '2018-06-05 02:58:18', '2018-07-24 07:36:04'),
	(320, 321, 0.00, 0.00, 0.00, 0.00, 0.00, 0.00, 'FALSE', '2018-06-05 02:58:18', '2018-07-24 07:36:34'),
	(321, 322, 0.00, 0.00, 0.00, 0.00, 0.00, 0.00, 'FALSE', '2018-06-05 02:58:18', '2018-07-24 07:36:55'),
	(322, 323, 0.00, 0.00, 0.00, 21000.00, 0.00, 0.00, 'FALSE', '2018-06-05 02:58:18', '2018-07-24 07:37:15'),
	(323, 324, 11376.49, 0.00, 0.00, 34000.00, 34500.00, 35000.00, 'TRUE', '2018-06-05 02:58:18', '2018-07-24 02:49:27'),
	(324, 325, 22187.62, 0.00, 0.00, 32000.00, 32500.00, 33000.00, 'TRUE', '2018-06-05 02:58:18', '2018-07-24 02:50:00'),
	(325, 326, 17535.00, 0.00, 0.00, 34000.00, 34500.00, 35000.00, 'TRUE', '2018-06-05 02:58:18', '2018-07-24 02:50:53'),
	(326, 327, 6012.00, 0.00, 0.00, 25000.00, 25500.00, 26000.00, 'TRUE', '2018-06-05 02:58:18', '2018-07-24 02:51:24'),
	(327, 328, 25000.00, 0.00, 0.00, 27000.00, 27500.00, 28000.00, 'TRUE', '2018-06-05 02:58:18', '2018-07-24 02:53:07'),
	(328, 329, 0.00, 0.00, 0.00, 0.00, 0.00, 0.00, 'FALSE', '2018-06-05 02:58:18', '2018-07-24 07:37:49'),
	(329, 330, 0.00, 0.00, 0.00, 0.00, 0.00, 0.00, 'FALSE', '2018-06-05 02:58:18', '2018-07-24 07:38:22'),
	(330, 331, 32000.00, 0.00, 0.00, 34000.00, 34500.00, 35000.00, 'TRUE', '2018-06-05 02:58:18', '2018-07-24 02:53:52'),
	(331, 332, 0.00, 0.00, 0.00, 29000.00, 29500.00, 30000.00, 'TRUE', '2018-06-05 02:58:18', '2018-07-24 07:53:16'),
	(332, 333, 19000.00, 0.00, 0.00, 21000.00, 21500.00, 22000.00, 'TRUE', '2018-06-05 02:58:18', '2018-07-24 02:55:33'),
	(333, 334, 0.00, 0.00, 0.00, 26000.00, 0.00, 0.00, 'FALSE', '2018-06-05 02:58:18', '2018-07-24 07:42:30'),
	(334, 335, 11167.00, 0.00, 0.00, 25000.00, 25500.00, 26000.00, 'TRUE', '2018-06-05 02:58:18', '2018-07-24 02:56:24'),
	(335, 336, 0.00, 0.00, 0.00, 19000.00, 0.00, 0.00, 'FALSE', '2018-06-05 02:58:18', '2018-07-24 07:39:43'),
	(336, 337, 11264.23, 0.00, 0.00, 25000.00, 25500.00, 26000.00, 'TRUE', '2018-06-05 02:58:18', '2018-07-24 02:56:50'),
	(337, 338, 21000.00, 0.00, 0.00, 23000.00, 23500.00, 24000.00, 'TRUE', '2018-06-05 02:58:18', '2018-07-24 02:57:07'),
	(338, 339, 23000.00, 0.00, 0.00, 25000.00, 25500.00, 26000.00, 'TRUE', '2018-06-05 02:58:18', '2018-07-24 02:57:25'),
	(339, 340, 21000.00, 0.00, 0.00, 23000.00, 23500.00, 24000.00, 'TRUE', '2018-06-05 02:58:18', '2018-07-24 02:57:43'),
	(340, 341, 9437.50, 0.00, 0.00, 21000.00, 21500.00, 22000.00, 'TRUE', '2018-06-05 02:58:18', '2018-07-24 02:58:36'),
	(341, 342, 0.00, 0.00, 0.00, 19000.00, 0.00, 0.00, 'FALSE', '2018-06-05 02:58:18', '2018-07-24 07:40:04'),
	(342, 343, 9856.00, 0.00, 0.00, 23000.00, 23500.00, 24000.00, 'TRUE', '2018-06-05 02:58:18', '2018-07-24 02:58:58'),
	(343, 344, 7496.00, 0.00, 0.00, 21000.00, 21500.00, 22000.00, 'TRUE', '2018-06-05 02:58:18', '2018-07-24 02:59:14'),
	(344, 345, 0.00, 0.00, 0.00, 19000.00, 0.00, 0.00, 'FALSE', '2018-06-05 02:58:18', '2018-07-24 07:41:35'),
	(345, 346, 12941.17, 0.00, 0.00, 21000.00, 21500.00, 22000.00, 'TRUE', '2018-06-05 02:58:18', '2018-07-24 02:59:44'),
	(346, 347, 12096.00, 0.00, 0.00, 25000.00, 25500.00, 26000.00, 'TRUE', '2018-06-05 02:58:18', '2018-07-24 03:00:04'),
	(347, 348, 6876.71, 0.00, 0.00, 29000.00, 29500.00, 30000.00, 'TRUE', '2018-06-05 02:58:18', '2018-07-24 03:00:43'),
	(348, 349, 16965.00, 0.00, 0.00, 32000.00, 32500.00, 33000.00, 'TRUE', '2018-06-05 02:58:18', '2018-07-24 03:01:10'),
	(349, 350, 16965.00, 0.00, 0.00, 34000.00, 34500.00, 35000.00, 'TRUE', '2018-06-05 02:58:18', '2018-07-24 03:01:33'),
	(350, 351, 0.00, 0.00, 0.00, 19000.00, 0.00, 0.00, 'FALSE', '2018-06-05 02:58:18', '2018-07-24 07:42:58'),
	(351, 352, 19000.00, 0.00, 0.00, 21000.00, 21500.00, 22000.00, 'TRUE', '2018-06-05 02:58:18', '2018-07-24 03:02:22'),
	(352, 353, 0.00, 0.00, 0.00, 28000.00, 0.00, 0.00, 'FALSE', '2018-06-05 02:58:18', '2018-07-24 07:44:16'),
	(353, 354, 0.00, 0.00, 0.00, 0.00, 0.00, 0.00, 'FALSE', '2018-06-05 02:58:18', '2018-07-24 07:44:48'),
	(354, 355, 0.00, 0.00, 0.00, 21000.00, 21500.00, 22000.00, 'TRUE', '2018-06-05 02:58:18', '2018-07-24 03:02:55'),
	(355, 356, 0.00, 0.00, 0.00, 25000.00, 25500.00, 26000.00, 'TRUE', '2018-06-05 02:58:18', '2018-07-24 03:03:13'),
	(356, 357, 8770.18, 0.00, 0.00, 21000.00, 21500.00, 22000.00, 'TRUE', '2018-06-05 02:58:18', '2018-07-24 03:04:34'),
	(357, 358, 0.00, 0.00, 0.00, 21000.00, 21500.00, 22000.00, 'TRUE', '2018-06-05 02:58:18', '2018-07-24 03:05:20'),
	(358, 359, 21000.00, 0.00, 0.00, 23000.00, 23500.00, 24000.00, 'TRUE', '2018-06-05 02:58:18', '2018-07-24 03:07:08'),
	(359, 360, 0.00, 0.00, 0.00, 21000.00, 0.00, 0.00, 'TRUE', '2018-06-05 02:58:18', NULL),
	(360, 361, 8116.82, 0.00, 0.00, 23000.00, 23500.00, 24000.00, 'TRUE', '2018-06-05 02:58:18', '2018-07-24 03:07:40'),
	(361, 362, 14645.98, 0.00, 0.00, 25000.00, 25500.00, 26000.00, 'TRUE', '2018-06-05 02:58:18', '2018-07-24 03:08:55'),
	(362, 363, 0.00, 0.00, 0.00, 25000.00, 25500.00, 26000.00, 'TRUE', '2018-06-05 02:58:18', '2018-07-24 03:09:52'),
	(363, 364, 15000.00, 0.00, 0.00, 25000.00, 25500.00, 26000.00, 'TRUE', '2018-06-05 02:58:18', '2018-07-24 03:10:14'),
	(364, 365, 0.00, 0.00, 0.00, 23000.00, 23500.00, 24000.00, 'TRUE', '2018-06-05 02:58:18', '2018-07-24 03:11:18'),
	(365, 366, 0.00, 0.00, 0.00, 23000.00, 23500.00, 24000.00, 'TRUE', '2018-06-05 02:58:18', '2018-07-24 03:11:39'),
	(366, 367, 0.00, 0.00, 0.00, 23000.00, 23500.00, 24000.00, 'TRUE', '2018-06-05 02:58:18', '2018-07-24 03:12:41'),
	(367, 368, 0.00, 0.00, 0.00, 25000.00, 0.00, 0.00, 'FALSE', '2018-06-05 02:58:18', '2018-07-24 07:46:31'),
	(368, 369, 0.00, 0.00, 0.00, 30000.00, 0.00, 0.00, 'FALSE', '2018-06-05 02:58:18', '2018-07-24 07:47:18'),
	(369, 370, 3500.00, 0.00, 0.00, 10500.00, 0.00, 0.00, 'TRUE', '2018-06-05 02:58:18', '2018-07-24 07:47:48'),
	(370, 371, 5500.00, 0.00, 0.00, 8500.00, 0.00, 0.00, 'TRUE', '2018-06-05 02:58:18', '2018-07-24 03:13:36'),
	(371, 372, 0.00, 0.00, 0.00, 22500.00, 23500.00, 24500.00, 'TRUE', '2018-06-05 02:58:18', '2018-07-24 08:36:01'),
	(372, 373, 0.00, 0.00, 0.00, 13000.00, 0.00, 0.00, 'FALSE', '2018-06-05 02:58:18', '2018-07-24 08:30:26'),
	(373, 374, 0.00, 0.00, 0.00, 26000.00, 27000.00, 28000.00, 'TRUE', '2018-06-05 02:58:18', '2018-07-24 08:36:30'),
	(374, 375, 0.00, 0.00, 0.00, 15000.00, 0.00, 0.00, 'FALSE', '2018-06-05 02:58:18', '2018-07-24 08:32:57'),
	(375, 376, 0.00, 0.00, 0.00, 12000.00, 0.00, 0.00, 'FALSE', '2018-06-05 02:58:18', '2018-07-24 08:35:33'),
	(376, 377, 106000.00, 0.00, 0.00, 96000.00, 0.00, 0.00, 'FALSE', '2018-06-05 02:58:18', '2018-07-24 08:35:16'),
	(377, 378, 0.00, 0.00, 0.00, 87500.00, 0.00, 0.00, 'FALSE', '2018-06-05 02:58:18', '2018-07-24 08:36:48'),
	(378, 379, 210000.00, 0.00, 0.00, 245000.00, 255000.00, 265000.00, 'TRUE', '2018-06-05 02:58:18', '2018-07-25 04:38:13'),
	(379, 380, 0.00, 0.00, 0.00, 220000.00, 0.00, 0.00, 'FALSE', '2018-06-05 02:58:18', '2018-07-24 08:37:06'),
	(380, 381, 12000.00, 0.00, 0.00, 0.00, 0.00, 14000.00, 'TRUE', '2018-06-05 02:58:18', '2018-07-24 03:32:53'),
	(381, 382, 0.00, 0.00, 0.00, 12500.00, 0.00, 0.00, 'FALSE', '2018-06-05 02:58:18', '2018-07-24 08:37:17'),
	(382, 383, 0.00, 0.00, 0.00, 14000.00, 0.00, 0.00, 'FALSE', '2018-06-05 02:58:18', '2018-07-24 08:37:28'),
	(383, 384, 0.00, 0.00, 0.00, 12000.00, 0.00, 0.00, 'FALSE', '2018-06-05 02:58:18', '2018-07-24 08:37:46'),
	(384, 385, 0.00, 0.00, 0.00, 12000.00, 0.00, 0.00, 'FALSE', '2018-06-05 02:58:18', '2018-07-24 08:38:55'),
	(385, 386, 0.00, 0.00, 0.00, 16000.00, 0.00, 0.00, 'FALSE', '2018-06-05 02:58:18', '2018-07-24 08:39:08'),
	(386, 387, 97000.00, 0.00, 0.00, 112000.00, 113500.00, 115000.00, 'TRUE', '2018-06-05 02:58:18', '2018-07-24 03:33:39'),
	(387, 388, 0.00, 0.00, 0.00, 36000.00, 0.00, 0.00, 'FALSE', '2018-06-05 02:58:18', '2018-07-25 04:44:47'),
	(388, 389, 28675.00, 0.00, 0.00, 35000.00, 0.00, 0.00, 'FALSE', '2018-06-05 02:58:18', '2018-07-25 04:45:04'),
	(389, 390, 0.00, 0.00, 0.00, 36000.00, 0.00, 0.00, 'FALSE', '2018-06-05 02:58:18', '2018-07-24 08:42:47'),
	(390, 391, 110760.00, 0.00, 0.00, 127000.00, 128500.00, 130000.00, 'TRUE', '2018-06-05 02:58:18', '2018-07-25 04:51:24'),
	(391, 392, 0.00, 0.00, 0.00, 0.00, 0.00, 0.00, 'FALSE', '2018-06-05 02:58:18', '2018-07-24 08:43:26'),
	(392, 393, 0.00, 0.00, 0.00, 0.00, 0.00, 0.00, 'FALSE', '2018-06-05 02:58:18', '2018-07-24 08:43:40'),
	(393, 394, 0.00, 0.00, 0.00, 0.00, 0.00, 0.00, 'FALSE', '2018-06-05 02:58:18', '2018-07-24 08:44:01'),
	(394, 395, 0.00, 0.00, 0.00, 0.00, 0.00, 0.00, 'FALSE', '2018-06-05 02:58:18', '2018-07-24 08:44:20'),
	(395, 396, 0.00, 0.00, 0.00, 34000.00, 34500.00, 35000.00, 'TRUE', '2018-06-05 02:58:18', '2018-07-24 03:23:35'),
	(396, 397, 0.00, 0.00, 0.00, 35000.00, 0.00, 0.00, 'FALSE', '2018-06-05 02:58:18', '2018-07-24 08:10:08'),
	(397, 398, 0.00, 0.00, 0.00, 29000.00, 29500.00, 30000.00, 'TRUE', '2018-06-05 02:58:18', '2018-07-24 03:24:11'),
	(398, 399, 0.00, 0.00, 0.00, 0.00, 0.00, 0.00, 'TRUE', '2018-06-05 02:58:18', NULL),
	(399, 400, 50000.00, 0.00, 0.00, 0.00, 0.00, 80000.00, 'TRUE', '2018-06-05 02:58:18', '2018-07-24 03:24:24'),
	(400, 401, 0.00, 0.00, 0.00, 200000.00, 0.00, 0.00, 'TRUE', '2018-06-05 02:58:18', NULL),
	(401, 402, 0.00, 0.00, 0.00, 30500.00, 0.00, 0.00, 'TRUE', '2018-06-05 02:58:18', NULL),
	(402, 403, 0.00, 0.00, 0.00, 3000.00, 0.00, 0.00, 'TRUE', '2018-06-05 02:58:18', NULL),
	(403, 404, 0.00, 0.00, 0.00, 20000.00, 0.00, 0.00, 'FALSE', '2018-06-05 02:58:18', '2018-07-24 08:10:21'),
	(404, 405, 1550000.00, 0.00, 0.00, 1930000.00, 1940000.00, 1950000.00, 'TRUE', '2018-06-05 02:58:18', '2018-07-24 08:24:14'),
	(405, 406, 0.00, 0.00, 0.00, 15000.00, 0.00, 0.00, 'TRUE', '2018-06-05 02:58:18', NULL),
	(406, 407, 0.00, 0.00, 0.00, 28000.00, 29000.00, 30000.00, 'TRUE', '2018-06-05 02:58:18', '2018-07-24 03:35:05'),
	(407, 408, 230.00, 0.00, 0.00, 33000.00, 34000.00, 35000.00, 'TRUE', '2018-06-05 02:58:18', '2018-07-24 03:35:52'),
	(408, 409, 0.00, 0.00, 0.00, 35000.00, 0.00, 0.00, 'TRUE', '2018-06-05 02:58:18', NULL),
	(409, 410, 0.00, 0.00, 0.00, 40000.00, 0.00, 0.00, 'TRUE', '2018-06-05 02:58:18', NULL),
	(410, 411, 0.00, 0.00, 0.00, 0.00, 0.00, 0.00, 'TRUE', '2018-06-05 02:58:18', NULL),
	(411, 412, 0.00, 0.00, 0.00, 0.00, 0.00, 0.00, 'TRUE', '2018-06-05 02:58:18', NULL),
	(412, 413, 0.00, 0.00, 0.00, 0.00, 0.00, 0.00, 'TRUE', '2018-06-05 02:58:18', NULL),
	(413, 414, 0.00, 0.00, 0.00, 500000.00, 0.00, 0.00, 'FALSE', '2018-06-05 02:58:18', '2018-07-24 08:13:52'),
	(414, 415, 0.00, 0.00, 0.00, 315000.00, 320000.00, 325000.00, 'TRUE', '2018-06-05 02:58:18', '2018-07-24 08:14:18'),
	(415, 416, 0.00, 0.00, 0.00, 415000.00, 420000.00, 425000.00, 'TRUE', '2018-06-05 02:58:18', '2018-07-24 03:37:18'),
	(416, 417, 290000.00, 0.00, 0.00, 365000.00, 370000.00, 375000.00, 'TRUE', '2018-06-05 02:58:18', '2018-07-24 03:37:53'),
	(417, 418, 0.00, 0.00, 0.00, 465000.00, 470000.00, 475000.00, 'TRUE', '2018-06-05 02:58:18', '2018-07-24 03:38:18'),
	(418, 419, 335000.00, 0.00, 0.00, 415000.00, 420000.00, 425000.00, 'TRUE', '2018-06-05 02:58:18', '2018-07-24 03:38:50'),
	(419, 420, 435000.00, 0.00, 0.00, 515000.00, 520000.00, 525000.00, 'TRUE', '2018-06-05 02:58:18', '2018-07-24 03:39:30'),
	(420, 422, 0.00, 0.00, 0.00, 18000.00, 0.00, 0.00, 'TRUE', '2018-06-05 02:58:18', NULL),
	(421, 423, 1400000.00, 0.00, 0.00, 1680000.00, 1690000.00, 1700000.00, 'TRUE', '2018-06-05 02:58:18', '2018-07-24 08:18:41'),
	(422, 424, 60000.00, 0.00, 0.00, 200000.00, 0.00, 0.00, 'TRUE', '2018-06-05 02:58:18', NULL),
	(423, 425, 0.00, 0.00, 0.00, 24000.00, 0.00, 0.00, 'TRUE', '2018-06-05 02:58:18', NULL),
	(424, 426, 0.00, 0.00, 0.00, 22000.00, 0.00, 0.00, 'TRUE', '2018-06-05 02:58:18', NULL),
	(425, 427, 0.00, 0.00, 0.00, 110000.00, 0.00, 0.00, 'FALSE', '2018-06-05 02:58:18', '2018-07-24 09:14:01'),
	(426, 428, 0.00, 0.00, 0.00, 400000.00, 0.00, 0.00, 'TRUE', '2018-06-05 02:58:18', NULL),
	(427, 429, 0.00, 0.00, 0.00, 90000.00, 0.00, 0.00, 'TRUE', '2018-06-05 02:58:18', NULL),
	(428, 430, 59280.00, 0.00, 0.00, 77000.00, 78500.00, 80000.00, 'TRUE', '2018-06-05 02:58:18', '2018-07-24 03:40:45'),
	(429, 431, 0.00, 0.00, 0.00, 110000.00, 0.00, 0.00, 'FALSE', '2018-06-05 02:58:18', '2018-07-24 08:45:45'),
	(430, 432, 17500.00, 0.00, 0.00, 19500.00, 19500.00, 19500.00, 'TRUE', '2018-06-05 02:58:18', '2018-07-24 08:05:53'),
	(431, 433, 0.00, 0.00, 0.00, 22000.00, 0.00, 0.00, 'TRUE', '2018-06-05 02:58:18', NULL),
	(432, 434, 0.00, 0.00, 0.00, 2300000.00, 0.00, 0.00, 'FALSE', '2018-06-05 02:58:18', '2018-07-24 08:22:36'),
	(433, 435, 0.00, 0.00, 0.00, 10000.00, 0.00, 0.00, 'FALSE', '2018-06-05 02:58:18', '2018-07-24 08:44:56'),
	(434, 436, 0.00, 0.00, 0.00, 218000.00, 0.00, 0.00, 'FALSE', '2018-06-05 02:58:18', '2018-07-24 08:47:31'),
	(435, 437, 0.00, 0.00, 0.00, 115000.00, 0.00, 0.00, 'FALSE', '2018-06-05 02:58:18', '2018-07-24 09:12:16'),
	(436, 438, 1800.00, 0.00, 0.00, 24000.00, 24500.00, 25000.00, 'TRUE', '2018-06-05 02:58:18', '2018-07-24 03:43:26'),
	(437, 439, 0.00, 0.00, 0.00, 3000000.00, 0.00, 0.00, 'FALSE', '2018-06-05 02:58:18', '2018-07-24 08:20:15'),
	(438, 440, 52910.00, 0.00, 0.00, 67000.00, 68500.00, 70000.00, 'TRUE', '2018-06-05 02:58:18', '2018-07-24 03:44:55'),
	(439, 441, 0.00, 0.00, 0.00, 0.00, 0.00, 0.00, 'TRUE', '2018-06-05 02:58:18', NULL),
	(440, 442, 250000.00, 0.00, 0.00, 266000.00, 267500.00, 269000.00, 'TRUE', '2018-06-05 02:58:18', '2018-07-24 03:45:27'),
	(441, 443, 195000.00, 0.00, 0.00, 221000.00, 222500.00, 224000.00, 'TRUE', '2018-06-05 02:58:18', '2018-07-24 03:46:02'),
	(442, 444, 0.00, 0.00, 0.00, 16000.00, 16000.00, 16000.00, 'TRUE', '2018-06-05 02:58:18', '2018-07-24 08:06:11'),
	(443, 445, 0.00, 0.00, 0.00, 60000.00, 0.00, 0.00, 'TRUE', '2018-06-05 02:58:18', NULL),
	(444, 446, 0.00, 0.00, 0.00, 115000.00, 0.00, 0.00, 'FALSE', '2018-06-05 02:58:18', '2018-07-24 08:45:23'),
	(445, 447, 15500.00, 0.00, 0.00, 16000.00, 16500.00, 17000.00, 'TRUE', '2018-06-05 02:58:18', '2018-07-24 03:46:54'),
	(446, 448, 0.00, 0.00, 0.00, 16500.00, 0.00, 0.00, 'TRUE', '2018-06-05 02:58:18', NULL),
	(447, 449, 10000.00, 0.00, 0.00, 12000.00, 12500.00, 13000.00, 'TRUE', '2018-06-05 02:58:18', '2018-07-24 03:47:35'),
	(448, 450, 201000.00, 0.00, 0.00, 227000.00, 228500.00, 230000.00, 'TRUE', '2018-06-05 02:58:18', '2018-07-25 04:49:30'),
	(449, 451, 0.00, 0.00, 0.00, 122000.00, 0.00, 0.00, 'FALSE', '2018-06-05 02:58:18', '2018-07-24 09:17:55'),
	(450, 452, 0.00, 0.00, 0.00, 0.00, 0.00, 51000.00, 'TRUE', '2018-06-05 02:58:18', '2018-07-24 04:26:06'),
	(451, 453, 41000.00, 0.00, 0.00, 0.00, 0.00, 51000.00, 'TRUE', '2018-06-05 02:58:18', '2018-07-24 04:26:30'),
	(452, 454, 41000.00, 0.00, 0.00, 0.00, 0.00, 51000.00, 'TRUE', '2018-06-05 02:58:18', '2018-07-24 04:26:49'),
	(453, 455, 41000.00, 0.00, 0.00, 51000.00, 0.00, 0.00, 'TRUE', '2018-06-05 02:58:18', NULL),
	(454, 456, 50000.00, 0.00, 0.00, 0.00, 0.00, 0.00, 'FALSE', '2018-06-05 02:58:18', '2018-07-24 08:23:34'),
	(455, 457, 41000.00, 0.00, 0.00, 0.00, 0.00, 51000.00, 'TRUE', '2018-06-05 02:58:18', '2018-07-24 06:00:57'),
	(456, 458, 0.00, 0.00, 0.00, 51000.00, 0.00, 0.00, 'TRUE', '2018-06-05 02:58:18', NULL),
	(457, 459, 41000.00, 0.00, 0.00, 0.00, 0.00, 51000.00, 'TRUE', '2018-06-05 02:58:18', '2018-07-24 06:00:43'),
	(458, 460, 41000.00, 0.00, 0.00, 0.00, 0.00, 51000.00, 'TRUE', '2018-06-05 02:58:18', '2018-07-24 06:00:25'),
	(459, 461, 0.00, 0.00, 0.00, 219000.00, 0.00, 0.00, 'FALSE', '2018-06-05 02:58:18', '2018-07-24 08:47:00'),
	(460, 462, 0.00, 0.00, 0.00, 0.00, 0.00, 0.00, 'TRUE', '2018-06-05 02:58:18', NULL),
	(461, 463, 0.00, 0.00, 0.00, 23600.00, 0.00, 0.00, 'FALSE', '2018-06-05 02:58:18', '2018-07-24 07:56:11'),
	(462, 464, 0.00, 0.00, 0.00, 23600.00, 0.00, 0.00, 'FALSE', '2018-06-05 02:58:18', '2018-07-24 07:56:27'),
	(463, 465, 0.00, 0.00, 0.00, 6000.00, 0.00, 0.00, 'FALSE', '2018-06-05 02:58:18', '2018-07-24 07:56:42'),
	(464, 466, 0.00, 0.00, 0.00, 11700.00, 0.00, 0.00, 'FALSE', '2018-06-05 02:58:18', '2018-07-24 07:57:47'),
	(465, 467, 0.00, 0.00, 0.00, 7900.00, 0.00, 0.00, 'FALSE', '2018-06-05 02:58:18', '2018-07-24 07:57:32'),
	(466, 468, 0.00, 0.00, 0.00, 1900.00, 0.00, 0.00, 'FALSE', '2018-06-05 02:58:18', '2018-07-24 07:57:12'),
	(467, 469, 0.00, 0.00, 0.00, 46200.00, 0.00, 0.00, 'TRUE', '2018-06-05 02:58:18', NULL),
	(468, 470, 0.00, 0.00, 0.00, 22700.00, 0.00, 0.00, 'TRUE', '2018-06-05 02:58:18', NULL),
	(469, 471, 0.00, 0.00, 0.00, 77900.00, 0.00, 0.00, 'TRUE', '2018-06-05 02:58:18', NULL),
	(470, 472, 0.00, 0.00, 0.00, 20700.00, 0.00, 0.00, 'TRUE', '2018-06-05 02:58:18', NULL),
	(471, 473, 0.00, 0.00, 0.00, 28400.00, 0.00, 0.00, 'TRUE', '2018-06-05 02:58:18', NULL),
	(472, 474, 0.00, 0.00, 0.00, 35400.00, 0.00, 0.00, 'TRUE', '2018-06-05 02:58:18', NULL),
	(473, 475, 0.00, 0.00, 0.00, 63100.00, 0.00, 0.00, 'TRUE', '2018-06-05 02:58:18', NULL),
	(474, 476, 0.00, 0.00, 0.00, 42600.00, 0.00, 0.00, 'TRUE', '2018-06-05 02:58:18', NULL),
	(475, 477, 0.00, 0.00, 0.00, 34300.00, 0.00, 0.00, 'TRUE', '2018-06-05 02:58:18', NULL),
	(476, 478, 0.00, 0.00, 0.00, 12400.00, 0.00, 0.00, 'TRUE', '2018-06-05 02:58:18', NULL),
	(477, 479, 0.00, 0.00, 0.00, 16000.00, 0.00, 0.00, 'TRUE', '2018-06-05 02:58:18', NULL),
	(478, 480, 0.00, 0.00, 0.00, 110000.00, 0.00, 0.00, 'FALSE', '2018-06-05 02:58:18', '2018-07-25 04:52:12'),
	(479, 481, 0.00, 0.00, 0.00, 75000.00, 0.00, 0.00, 'FALSE', '2018-06-05 02:58:18', '2018-07-24 08:25:34'),
	(480, 482, 440.00, 0.00, 0.00, 56000.00, 57000.00, 58000.00, 'TRUE', '2018-06-05 02:58:18', '2018-07-24 03:49:48'),
	(481, 483, 0.00, 0.00, 0.00, 55000.00, 0.00, 0.00, 'TRUE', '2018-06-05 02:58:18', NULL),
	(482, 484, 0.00, 0.00, 0.00, 2400000.00, 0.00, 0.00, 'FALSE', '2018-06-05 02:58:18', '2018-07-24 08:16:18'),
	(483, 485, 0.00, 0.00, 0.00, 2200000.00, 0.00, 0.00, 'FALSE', '2018-06-05 02:58:18', '2018-07-24 08:19:56'),
	(484, 486, 11000.00, 0.00, 0.00, 16000.00, 16500.00, 17000.00, 'TRUE', '2018-06-05 02:58:18', '2018-07-24 03:48:53'),
	(485, 487, 90000.00, 0.00, 0.00, 110000.00, 0.00, 0.00, 'FALSE', '2018-06-05 02:58:18', '2018-07-24 09:12:48'),
	(486, 488, 16095.00, 0.00, 0.00, 23000.00, 0.00, 0.00, 'TRUE', '2018-06-05 02:58:18', NULL),
	(487, 489, 21367.50, 0.00, 0.00, 28000.00, 0.00, 0.00, 'TRUE', '2018-06-05 02:58:18', NULL),
	(488, 490, 0.00, 0.00, 0.00, 300000.00, 0.00, 0.00, 'FALSE', '2018-06-05 02:58:18', '2018-07-24 09:10:21'),
	(489, 491, 0.00, 0.00, 0.00, 40000.00, 0.00, 0.00, 'TRUE', '2018-06-05 02:58:18', NULL),
	(490, 492, 0.00, 0.00, 0.00, 45000.00, 0.00, 0.00, 'TRUE', '2018-06-05 02:58:18', NULL),
	(491, 493, 0.00, 0.00, 0.00, 77000.00, 78500.00, 80000.00, 'TRUE', '2018-06-05 02:58:18', '2018-07-24 03:50:26'),
	(492, 494, 0.00, 0.00, 0.00, 110000.00, 0.00, 0.00, 'FALSE', '2018-06-05 02:58:18', '2018-07-24 09:11:33'),
	(493, 495, 0.00, 0.00, 0.00, 113000.00, 0.00, 0.00, 'FALSE', '2018-06-05 02:58:18', '2018-07-24 09:13:17'),
	(494, 496, 65212.50, 0.00, 0.00, 73000.00, 74000.00, 75000.00, 'TRUE', '2018-06-05 02:58:18', '2018-07-24 03:50:59'),
	(495, 497, 0.00, 0.00, 0.00, 375000.00, 0.00, 0.00, 'TRUE', '2018-06-05 02:58:18', NULL),
	(496, 498, 0.00, 0.00, 0.00, 30000.00, 0.00, 0.00, 'TRUE', '2018-06-05 02:58:18', NULL),
	(497, 499, 0.00, 0.00, 0.00, 30000.00, 0.00, 0.00, 'TRUE', '2018-06-05 02:58:18', NULL),
	(498, 500, 0.00, 0.00, 0.00, 102000.00, 0.00, 0.00, 'TRUE', '2018-06-05 02:58:18', NULL),
	(499, 501, 0.00, 0.00, 0.00, 102000.00, 0.00, 0.00, 'TRUE', '2018-06-05 02:58:18', NULL),
	(500, 502, 18000.00, 0.00, 0.00, 19000.00, 19500.00, 20000.00, 'TRUE', '2018-06-05 02:58:18', '2018-07-24 04:29:24'),
	(501, 503, 0.00, 0.00, 0.00, 45000.00, 0.00, 0.00, 'TRUE', '2018-06-05 02:58:18', NULL),
	(502, 504, 0.00, 0.00, 0.00, 45000.00, 0.00, 0.00, 'TRUE', '2018-06-05 02:58:18', NULL),
	(503, 505, 257000.00, 257000.00, 257000.00, 254000.00, 255500.00, 257000.00, 'TRUE', '2018-06-05 02:58:18', '2018-09-21 02:35:04'),
	(504, 506, 0.00, 0.00, 0.00, 425000.00, 0.00, 0.00, 'TRUE', '2018-06-05 02:58:18', NULL),
	(505, 507, 0.00, 0.00, 0.00, 450000.00, 0.00, 0.00, 'TRUE', '2018-06-05 02:58:18', NULL),
	(506, 508, 0.00, 0.00, 0.00, 20000.00, 0.00, 0.00, 'TRUE', '2018-06-05 02:58:18', NULL),
	(507, 509, 0.00, 0.00, 0.00, 30000.00, 30500.00, 31000.00, 'TRUE', '2018-06-05 02:58:18', '2018-07-24 03:52:42'),
	(508, 510, 25000.00, 25000.00, 25000.00, 24000.00, 24500.00, 25000.00, 'TRUE', '2018-06-05 02:58:18', '2018-09-21 02:37:04'),
	(509, 511, 0.00, 0.00, 0.00, 21000.00, 21500.00, 22000.00, 'TRUE', '2018-06-05 02:58:18', '2018-07-24 03:53:52'),
	(510, 512, 0.00, 0.00, 0.00, 14000.00, 14500.00, 15000.00, 'TRUE', '2018-06-05 02:58:18', '2018-07-24 03:54:24'),
	(511, 513, 0.00, 0.00, 0.00, 20000.00, 0.00, 0.00, 'TRUE', '2018-06-05 02:58:18', NULL),
	(512, 514, 31000.00, 31000.00, 31000.00, 30000.00, 30500.00, 31000.00, 'TRUE', '2018-06-05 02:58:18', '2018-09-21 02:38:08'),
	(513, 515, 25000.00, 0.00, 0.00, 28000.00, 28500.00, 29000.00, 'TRUE', '2018-06-05 02:58:18', '2018-07-24 03:56:37'),
	(514, 516, 17000.00, 0.00, 0.00, 17000.00, 17500.00, 18000.00, 'TRUE', '2018-06-05 02:58:18', '2018-07-24 03:57:05'),
	(515, 517, 23000.00, 0.00, 0.00, 24000.00, 24500.00, 25000.00, 'TRUE', '2018-06-05 02:58:18', '2018-07-24 03:57:51'),
	(516, 518, 0.00, 0.00, 0.00, 24000.00, 24500.00, 25000.00, 'TRUE', '2018-06-05 02:58:18', '2018-07-24 03:58:29'),
	(517, 519, 0.00, 0.00, 0.00, 21500.00, 22000.00, 22500.00, 'TRUE', '2018-06-05 02:58:18', '2018-07-24 03:58:59'),
	(518, 520, 27000.00, 0.00, 0.00, 28000.00, 28500.00, 29000.00, 'TRUE', '2018-06-05 02:58:18', '2018-07-24 03:59:25'),
	(519, 521, 0.00, 0.00, 0.00, 17000.00, 17500.00, 18000.00, 'TRUE', '2018-06-05 02:58:18', '2018-07-24 04:00:28'),
	(520, 522, 16000.00, 0.00, 0.00, 17000.00, 17500.00, 18000.00, 'TRUE', '2018-06-05 02:58:18', '2018-07-24 04:00:52'),
	(521, 523, 0.00, 0.00, 0.00, 21000.00, 0.00, 0.00, 'TRUE', '2018-06-05 02:58:18', NULL),
	(522, 524, 22500.00, 22500.00, 22500.00, 21500.00, 22000.00, 22500.00, 'TRUE', '2018-06-05 02:58:18', '2018-09-21 02:38:54'),
	(523, 525, 20000.00, 0.00, 0.00, 12000.00, 12500.00, 13000.00, 'TRUE', '2018-06-05 02:58:18', '2018-07-24 04:01:33'),
	(524, 526, 0.00, 0.00, 0.00, 15000.00, 0.00, 0.00, 'TRUE', '2018-06-05 02:58:18', NULL),
	(525, 527, 0.00, 0.00, 0.00, 225000.00, 0.00, 0.00, 'FALSE', '2018-06-05 02:58:18', '2018-07-24 09:14:50'),
	(526, 528, 10000.00, 0.00, 0.00, 19000.00, 19500.00, 20000.00, 'TRUE', '2018-06-05 02:58:18', '2018-07-24 03:56:08'),
	(527, 529, 57500.00, 0.00, 0.00, 60000.00, 61500.00, 63000.00, 'TRUE', '2018-06-05 02:58:18', '2018-07-24 04:02:24'),
	(528, 530, 45000.00, 0.00, 0.00, 51500.00, 52500.00, 54000.00, 'FALSE', '2018-06-05 02:58:18', '2018-07-24 09:15:26'),
	(529, 531, 0.00, 0.00, 0.00, 102000.00, 103500.00, 105000.00, 'FALSE', '2018-06-05 02:58:18', '2018-09-21 11:36:58'),
	(530, 532, 0.00, 0.00, 0.00, 27500.00, 0.00, 0.00, 'TRUE', '2018-06-05 02:58:18', NULL),
	(531, 533, 0.00, 0.00, 0.00, 15000.00, 0.00, 0.00, 'TRUE', '2018-06-05 02:58:18', NULL),
	(532, 534, 0.00, 0.00, 0.00, 30500.00, 0.00, 0.00, 'TRUE', '2018-06-05 02:58:18', NULL),
	(533, 535, 0.00, 0.00, 0.00, 30000.00, 0.00, 0.00, 'TRUE', '2018-06-05 02:58:18', NULL),
	(534, 536, 0.00, 0.00, 0.00, 800000.00, 0.00, 0.00, 'FALSE', '2018-06-05 02:58:18', '2018-07-24 08:25:51'),
	(535, 537, 15000.00, 0.00, 0.00, 16000.00, 16500.00, 17000.00, 'TRUE', '2018-06-05 02:58:18', '2018-07-24 04:20:27'),
	(536, 538, 0.00, 0.00, 0.00, 535000.00, 0.00, 0.00, 'FALSE', '2018-06-05 02:58:18', '2018-07-24 08:14:48'),
	(537, 539, 0.00, 0.00, 0.00, 48000.00, 0.00, 0.00, 'TRUE', '2018-06-05 02:58:18', NULL),
	(538, 540, 0.00, 0.00, 0.00, 36000.00, 0.00, 0.00, 'TRUE', '2018-06-05 02:58:18', NULL),
	(539, 541, 0.00, 0.00, 0.00, 39000.00, 0.00, 0.00, 'TRUE', '2018-06-05 02:58:18', NULL),
	(540, 542, 0.00, 0.00, 0.00, 47000.00, 0.00, 0.00, 'TRUE', '2018-06-05 02:58:18', NULL),
	(541, 543, 0.00, 0.00, 0.00, 34000.00, 0.00, 0.00, 'TRUE', '2018-06-05 02:58:18', NULL),
	(542, 544, 0.00, 0.00, 0.00, 15000.00, 0.00, 0.00, 'TRUE', '2018-06-05 02:58:18', NULL),
	(543, 545, 6500.00, 0.00, 0.00, 7000.00, 7500.00, 8000.00, 'TRUE', '2018-06-05 02:58:18', '2018-07-24 04:20:56'),
	(544, 546, 0.00, 0.00, 0.00, 6000.00, 0.00, 0.00, 'FALSE', '2018-06-05 02:58:18', '2018-07-24 07:58:04'),
	(545, 547, 0.00, 0.00, 0.00, 0.00, 0.00, 0.00, 'FALSE', '2018-06-05 02:58:18', '2018-07-24 07:58:17'),
	(546, 548, 0.00, 0.00, 0.00, 37000.00, 0.00, 0.00, 'TRUE', '2018-06-05 02:58:18', NULL),
	(547, 549, 0.00, 0.00, 0.00, 90000.00, 0.00, 0.00, 'TRUE', '2018-06-05 02:58:18', NULL),
	(548, 550, 0.00, 0.00, 0.00, 25000.00, 0.00, 0.00, 'TRUE', '2018-06-05 02:58:18', NULL),
	(549, 551, 0.00, 0.00, 0.00, 50000.00, 0.00, 0.00, 'FALSE', '2018-06-05 02:58:18', '2018-07-24 08:20:42'),
	(550, 552, 0.00, 0.00, 0.00, 20000.00, 0.00, 0.00, 'TRUE', '2018-06-05 02:58:18', '2018-07-24 04:21:20'),
	(551, 553, 18000.00, 0.00, 0.00, 17000.00, 0.00, 0.00, 'TRUE', '2018-06-05 02:58:18', NULL),
	(552, 554, 0.00, 0.00, 0.00, 0.00, 0.00, 0.00, 'TRUE', '2018-06-05 02:58:18', NULL),
	(553, 555, 0.00, 0.00, 0.00, 19000.00, 19500.00, 20000.00, 'TRUE', '2018-06-05 02:58:18', '2018-07-24 04:22:20'),
	(554, 556, 18000.00, 0.00, 0.00, 19000.00, 19500.00, 20000.00, 'TRUE', '2018-06-05 02:58:18', '2018-07-24 04:22:37'),
	(555, 557, 0.00, 0.00, 0.00, 19000.00, 19500.00, 20000.00, 'TRUE', '2018-06-05 02:58:18', '2018-07-24 04:23:17'),
	(556, 558, 0.00, 0.00, 0.00, 300000.00, 0.00, 0.00, 'FALSE', '2018-06-05 02:58:18', '2018-07-24 08:15:14'),
	(557, 559, 0.00, 0.00, 0.00, 11000.00, 0.00, 0.00, 'FALSE', '2018-06-05 02:58:18', '2018-07-24 08:05:17'),
	(558, 560, 0.00, 0.00, 0.00, 28000.00, 0.00, 0.00, 'FALSE', '2018-06-05 02:58:18', '2018-07-24 08:09:49'),
	(559, 561, 11000.00, 0.00, 0.00, 12000.00, 12200.00, 12500.00, 'TRUE', '2018-06-05 02:58:18', '2018-07-24 07:59:02'),
	(560, 562, 0.00, 0.00, 0.00, 37000.00, 0.00, 0.00, 'TRUE', '2018-06-05 02:58:18', NULL),
	(561, 563, 216520.00, 0.00, 0.00, 254000.00, 255500.00, 257000.00, 'TRUE', '2018-06-05 02:58:18', '2018-09-21 11:37:26'),
	(562, 564, 0.00, 0.00, 0.00, 30400.00, 0.00, 0.00, 'FALSE', '2018-06-05 02:58:18', '2018-07-25 04:55:24'),
	(563, 565, 0.00, 0.00, 0.00, 30875.00, 0.00, 0.00, 'FALSE', '2018-06-05 02:58:18', '2018-07-24 09:15:50'),
	(564, 566, 0.00, 0.00, 0.00, 29450.00, 0.00, 0.00, 'FALSE', '2018-06-05 02:58:18', '2018-07-25 04:55:47'),
	(565, 567, 0.00, 0.00, 0.00, 117250.00, 0.00, 0.00, 'FALSE', '2018-06-05 02:58:18', '2018-09-21 11:36:09'),
	(566, 568, 0.00, 0.00, 0.00, 125000.00, 0.00, 0.00, 'TRUE', '2018-06-05 02:58:18', NULL),
	(567, 569, 5415.00, 0.00, 0.00, 0.00, 0.00, 0.00, 'TRUE', '2018-06-05 02:58:18', NULL),
	(568, 570, 0.00, 0.00, 0.00, 0.00, 0.00, 0.00, 'TRUE', '2018-06-05 02:58:18', NULL),
	(569, 571, 0.00, 0.00, 0.00, 34000.00, 34500.00, 35000.00, 'TRUE', '2018-06-05 02:58:18', '2018-07-24 04:24:35'),
	(570, 572, 0.00, 0.00, 0.00, 16000.00, 0.00, 0.00, 'TRUE', '2018-06-05 02:58:18', NULL),
	(571, 574, 0.00, 0.00, 0.00, 0.00, 0.00, 0.00, 'FALSE', '2018-06-05 02:58:18', '2018-07-25 08:11:19'),
	(572, 575, 0.00, 0.00, 0.00, 0.00, 0.00, 0.00, 'FALSE', '2018-06-05 02:58:18', '2018-07-25 08:10:31'),
	(573, 576, 0.00, 0.00, 0.00, 0.00, 0.00, 0.00, 'FALSE', '2018-06-05 02:58:18', '2018-07-25 08:11:34'),
	(574, 577, 0.00, 0.00, 0.00, 72000.00, 0.00, 0.00, 'TRUE', '2018-06-05 02:58:18', NULL),
	(575, 578, 0.00, 0.00, 0.00, 72000.00, 0.00, 0.00, 'TRUE', '2018-06-05 02:58:18', NULL),
	(576, 579, 0.00, 0.00, 0.00, 72000.00, 0.00, 0.00, 'TRUE', '2018-06-05 02:58:18', NULL),
	(577, 580, 0.00, 0.00, 0.00, 72000.00, 0.00, 0.00, 'TRUE', '2018-06-05 02:58:18', NULL),
	(578, 581, 0.00, 0.00, 0.00, 72000.00, 0.00, 0.00, 'TRUE', '2018-06-05 02:58:18', NULL),
	(579, 582, 0.00, 0.00, 0.00, 72000.00, 0.00, 0.00, 'TRUE', '2018-06-05 02:58:18', NULL),
	(580, 583, 0.00, 0.00, 0.00, 72000.00, 0.00, 0.00, 'TRUE', '2018-06-05 02:58:18', NULL),
	(581, 584, 0.00, 0.00, 0.00, 72000.00, 0.00, 0.00, 'TRUE', '2018-06-05 02:58:18', NULL),
	(582, 585, 0.00, 0.00, 0.00, 72000.00, 0.00, 0.00, 'TRUE', '2018-06-05 02:58:18', NULL),
	(583, 586, 0.00, 0.00, 0.00, 72000.00, 0.00, 0.00, 'TRUE', '2018-06-05 02:58:18', NULL),
	(584, 587, 0.00, 0.00, 0.00, 72000.00, 0.00, 0.00, 'TRUE', '2018-06-05 02:58:18', NULL),
	(585, 588, 0.00, 0.00, 0.00, 72000.00, 0.00, 0.00, 'TRUE', '2018-06-05 02:58:18', NULL),
	(586, 589, 0.00, 0.00, 0.00, 72000.00, 0.00, 0.00, 'TRUE', '2018-06-05 02:58:18', NULL),
	(587, 590, 0.00, 0.00, 0.00, 72000.00, 0.00, 0.00, 'TRUE', '2018-06-05 02:58:18', NULL),
	(588, 591, 0.00, 0.00, 0.00, 72000.00, 0.00, 0.00, 'TRUE', '2018-06-05 02:58:18', NULL),
	(589, 592, 0.00, 0.00, 0.00, 72000.00, 0.00, 0.00, 'TRUE', '2018-06-05 02:58:18', NULL),
	(590, 593, 0.00, 0.00, 0.00, 35000.00, 0.00, 0.00, 'TRUE', '2018-06-05 02:58:18', NULL),
	(591, 594, 0.00, 0.00, 0.00, 72000.00, 0.00, 0.00, 'TRUE', '2018-06-05 02:58:18', NULL),
	(592, 595, 0.00, 0.00, 0.00, 72000.00, 0.00, 0.00, 'TRUE', '2018-06-05 02:58:18', NULL),
	(593, 596, 0.00, 0.00, 0.00, 72000.00, 0.00, 0.00, 'TRUE', '2018-06-05 02:58:18', NULL),
	(594, 597, 0.00, 0.00, 0.00, 72000.00, 0.00, 0.00, 'TRUE', '2018-06-05 02:58:18', NULL),
	(595, 598, 0.00, 0.00, 0.00, 51000.00, 0.00, 0.00, 'TRUE', '2018-06-05 02:58:18', NULL),
	(596, 599, 41000.00, 0.00, 0.00, 0.00, 0.00, 51000.00, 'TRUE', '2018-06-05 02:58:18', '2018-07-24 05:59:48'),
	(597, 600, 0.00, 0.00, 0.00, 51000.00, 0.00, 0.00, 'TRUE', '2018-06-05 02:58:18', NULL),
	(598, 601, 0.00, 0.00, 0.00, 0.00, 0.00, 51000.00, 'TRUE', '2018-06-05 02:58:18', '2018-07-24 05:59:19'),
	(599, 602, 41000.00, 0.00, 0.00, 0.00, 0.00, 51000.00, 'TRUE', '2018-06-05 02:58:18', '2018-07-24 05:58:41'),
	(600, 603, 0.00, 0.00, 0.00, 0.00, 0.00, 51000.00, 'TRUE', '2018-06-05 02:58:18', '2018-07-24 05:58:03'),
	(601, 604, 41000.00, 0.00, 0.00, 0.00, 0.00, 51000.00, 'TRUE', '2018-06-05 02:58:18', '2018-07-24 05:57:36'),
	(602, 605, 41000.00, 0.00, 0.00, 0.00, 0.00, 51000.00, 'TRUE', '2018-06-05 02:58:18', '2018-07-24 05:57:05'),
	(603, 606, 0.00, 0.00, 0.00, 51000.00, 0.00, 0.00, 'TRUE', '2018-06-05 02:58:18', NULL),
	(604, 607, 0.00, 0.00, 0.00, 51000.00, 0.00, 0.00, 'TRUE', '2018-06-05 02:58:18', NULL),
	(605, 608, 0.00, 0.00, 0.00, 51000.00, 0.00, 0.00, 'TRUE', '2018-06-05 02:58:18', NULL),
	(606, 609, 0.00, 0.00, 0.00, 0.00, 0.00, 51000.00, 'TRUE', '2018-06-05 02:58:18', '2018-07-24 05:56:44'),
	(607, 610, 0.00, 0.00, 0.00, 51000.00, 0.00, 0.00, 'TRUE', '2018-06-05 02:58:18', NULL),
	(608, 611, 0.00, 0.00, 0.00, 72000.00, 0.00, 0.00, 'TRUE', '2018-06-05 02:58:18', NULL),
	(609, 612, 23000.00, 0.00, 0.00, 0.00, 0.00, 51000.00, 'TRUE', '2018-06-05 02:58:18', '2018-07-24 05:56:17'),
	(610, 613, 0.00, 0.00, 0.00, 50000.00, 0.00, 0.00, 'TRUE', '2018-06-05 02:58:18', NULL),
	(611, 614, 0.00, 0.00, 0.00, 50000.00, 0.00, 0.00, 'TRUE', '2018-06-05 02:58:18', NULL),
	(612, 615, 0.00, 0.00, 0.00, 50000.00, 0.00, 0.00, 'TRUE', '2018-06-05 02:58:18', NULL),
	(613, 616, 0.00, 0.00, 0.00, 50000.00, 0.00, 0.00, 'TRUE', '2018-06-05 02:58:18', NULL),
	(614, 617, 0.00, 0.00, 0.00, 50000.00, 0.00, 0.00, 'TRUE', '2018-06-05 02:58:18', NULL),
	(615, 618, 0.00, 0.00, 0.00, 50000.00, 0.00, 0.00, 'TRUE', '2018-06-05 02:58:18', NULL),
	(616, 619, 0.00, 0.00, 0.00, 50000.00, 0.00, 0.00, 'TRUE', '2018-06-05 02:58:18', NULL),
	(617, 620, 0.00, 0.00, 0.00, 50000.00, 0.00, 0.00, 'TRUE', '2018-06-05 02:58:18', NULL),
	(618, 621, 0.00, 0.00, 0.00, 50000.00, 0.00, 0.00, 'TRUE', '2018-06-05 02:58:18', NULL),
	(619, 622, 0.00, 0.00, 0.00, 50000.00, 0.00, 0.00, 'TRUE', '2018-06-05 02:58:18', NULL),
	(620, 623, 0.00, 0.00, 0.00, 50000.00, 0.00, 0.00, 'TRUE', '2018-06-05 02:58:18', NULL),
	(621, 624, 0.00, 0.00, 0.00, 50000.00, 0.00, 0.00, 'TRUE', '2018-06-05 02:58:18', NULL),
	(622, 625, 0.00, 0.00, 0.00, 50000.00, 0.00, 0.00, 'TRUE', '2018-06-05 02:58:18', NULL),
	(623, 626, 0.00, 0.00, 0.00, 50000.00, 0.00, 0.00, 'TRUE', '2018-06-05 02:58:18', NULL),
	(624, 627, 0.00, 0.00, 0.00, 50000.00, 0.00, 0.00, 'TRUE', '2018-06-05 02:58:18', NULL),
	(625, 628, 0.00, 0.00, 0.00, 50000.00, 0.00, 0.00, 'TRUE', '2018-06-05 02:58:18', NULL),
	(626, 629, 0.00, 0.00, 0.00, 50000.00, 0.00, 0.00, 'TRUE', '2018-06-05 02:58:18', NULL),
	(627, 630, 27000.00, 0.00, 0.00, 0.00, 0.00, 51000.00, 'TRUE', '2018-06-05 02:58:18', '2018-07-24 05:55:49'),
	(628, 631, 41000.00, 0.00, 0.00, 0.00, 0.00, 30000.00, 'TRUE', '2018-06-05 02:58:18', '2018-07-24 04:30:43'),
	(629, 632, 23000.00, 0.00, 0.00, 0.00, 0.00, 30000.00, 'TRUE', '2018-06-05 02:58:18', '2018-07-24 04:30:18'),
	(630, 633, 0.00, 0.00, 0.00, 19000.00, 19500.00, 20000.00, 'TRUE', '2018-06-05 02:58:18', '2018-07-24 04:29:03'),
	(631, 634, 0.00, 0.00, 0.00, 0.00, 0.00, 0.00, 'TRUE', '2018-06-05 02:58:18', NULL),
	(632, 635, 0.00, 0.00, 0.00, 0.00, 0.00, 0.00, 'TRUE', '2018-06-05 02:58:18', NULL),
	(633, 636, 0.00, 0.00, 0.00, 0.00, 0.00, 0.00, 'TRUE', '2018-06-05 02:58:18', NULL),
	(634, 637, 21000.00, 21000.00, 21000.00, 20000.00, 20500.00, 21000.00, 'TRUE', '2018-06-05 02:58:18', '2018-09-21 11:34:15'),
	(635, 638, 0.00, 0.00, 0.00, 18000.00, 18500.00, 19000.00, 'TRUE', '2018-06-05 02:58:18', '2018-07-24 04:28:17'),
	(636, 639, 18000.00, 0.00, 0.00, 19000.00, 19500.00, 20000.00, 'TRUE', '2018-06-05 02:58:18', '2018-07-24 04:27:53'),
	(637, 640, 0.00, 0.00, 0.00, 18000.00, 18500.00, 19000.00, 'TRUE', '2018-06-05 02:58:18', '2018-07-24 04:27:32'),
	(638, 641, 0.00, 0.00, 0.00, 19000.00, 19500.00, 20000.00, 'TRUE', '2018-06-05 02:58:18', '2018-07-24 04:27:14'),
	(639, 642, 0.00, 0.00, 0.00, 0.00, 0.00, 0.00, 'TRUE', '2018-06-05 02:58:18', NULL),
	(640, 643, 0.00, 0.00, 0.00, 0.00, 0.00, 0.00, 'TRUE', '2018-06-05 02:58:18', NULL),
	(641, 644, 0.00, 0.00, 0.00, 0.00, 0.00, 0.00, 'TRUE', '2018-06-05 02:58:18', NULL),
	(642, 645, 0.00, 0.00, 0.00, 0.00, 0.00, 0.00, 'TRUE', '2018-06-05 02:58:18', NULL),
	(643, 647, 800.00, 8000.00, 8000.00, 0.00, 0.00, 0.00, 'FALSE', '2018-07-03 04:05:25', '2018-07-04 09:49:53'),
	(644, 648, 3500.00, 42000.00, 42000.00, 0.00, 0.00, 0.00, 'TRUE', '2018-07-03 04:12:09', NULL),
	(645, 651, 1200.00, 24000.00, 60000.00, 0.00, 0.00, 0.00, 'FALSE', '2018-07-03 04:18:37', '2018-07-26 09:39:25'),
	(646, 652, 500.00, 50000.00, 50000.00, 0.00, 0.00, 0.00, 'TRUE', '2018-07-05 06:37:13', '2018-08-21 11:05:29'),
	(647, 653, 0.00, 0.00, 0.00, 0.00, 0.00, 0.00, 'TRUE', '2018-07-10 04:28:04', NULL),
	(648, 654, 32615.38, 32615.38, 32615.38, 0.00, 0.00, 0.00, 'TRUE', '2018-07-25 09:31:38', NULL),
	(649, 655, 551.50, 551.50, 551.50, 0.00, 0.00, 0.00, 'TRUE', '2018-07-25 09:44:42', NULL),
	(650, 656, 100.00, 10000.00, 10000.00, 0.00, 0.00, 0.00, 'TRUE', '2018-07-26 09:48:10', '2018-09-25 16:58:10'),
	(651, 657, 6.40, 6400.00, 160000.00, 0.00, 0.00, 0.00, 'TRUE', '2018-08-03 06:42:57', NULL),
	(652, 658, 230000.00, 230000.00, 230000.00, 0.00, 0.00, 0.00, 'FALSE', '2018-08-03 06:46:48', '2018-09-21 11:33:02'),
	(653, 659, 10.00, 10.00, 10.00, 0.00, 0.00, 0.00, 'TRUE', '2018-08-03 07:58:00', NULL),
	(654, 669, 2000.00, 2000.00, 2000.00, 0.00, 0.00, 0.00, 'TRUE', '2018-08-21 10:47:43', NULL),
	(655, 670, 9600.00, 9600.00, 9600.00, 0.00, 0.00, 0.00, 'TRUE', '2018-08-29 02:40:49', '2018-09-29 03:36:11'),
	(656, 671, 133000.00, 133000.00, 133000.00, 0.00, 0.00, 0.00, 'TRUE', '2018-09-29 01:28:58', '2018-09-29 01:30:21');
/*!40000 ALTER TABLE `m_price` ENABLE KEYS */;

-- Dumping structure for table bisnis_tamma.m_produksi
CREATE TABLE IF NOT EXISTS `m_produksi` (
  `mp_id` int(11) NOT NULL,
  `mp_name` varchar(20) DEFAULT NULL,
  `mp_created` timestamp NULL DEFAULT NULL,
  `mp_updated` timestamp NULL DEFAULT NULL,
  PRIMARY KEY (`mp_id`)
) ENGINE=InnoDB DEFAULT CHARSET=latin1;

-- Dumping data for table bisnis_tamma.m_produksi: ~3 rows (approximately)
DELETE FROM `m_produksi`;
/*!40000 ALTER TABLE `m_produksi` DISABLE KEYS */;
INSERT INTO `m_produksi` (`mp_id`, `mp_name`, `mp_created`, `mp_updated`) VALUES
	(1, 'Produksi 1', '2018-08-06 15:50:15', NULL),
	(2, 'Produksi 2', '2018-08-06 15:50:16', NULL),
	(3, 'Produksi 3', '2018-08-06 15:50:17', NULL);
/*!40000 ALTER TABLE `m_produksi` ENABLE KEYS */;

-- Dumping structure for table bisnis_tamma.m_satuan
CREATE TABLE IF NOT EXISTS `m_satuan` (
  `m_sid` int(11) NOT NULL AUTO_INCREMENT,
  `m_scode` varchar(50) DEFAULT NULL,
  `m_sname` varchar(50) DEFAULT NULL,
  `m_sdetname` varchar(50) DEFAULT NULL,
  `m_screate` timestamp NULL DEFAULT CURRENT_TIMESTAMP,
  `m_supdate` timestamp NULL DEFAULT NULL,
  PRIMARY KEY (`m_sid`)
) ENGINE=InnoDB AUTO_INCREMENT=17 DEFAULT CHARSET=latin1;

-- Dumping data for table bisnis_tamma.m_satuan: ~16 rows (approximately)
DELETE FROM `m_satuan`;
/*!40000 ALTER TABLE `m_satuan` DISABLE KEYS */;
INSERT INTO `m_satuan` (`m_sid`, `m_scode`, `m_sname`, `m_sdetname`, `m_screate`, `m_supdate`) VALUES
	(1, 'ST-00001', 'PACK', 'PACK', '2018-06-06 12:57:10', NULL),
	(2, 'ST-00002', 'UNIT', 'UNIT', '2018-06-06 12:57:34', NULL),
	(3, 'ST-00003', 'KG', 'KILOGRAM', '2018-07-03 15:29:07', NULL),
	(4, 'ST-00004', 'PCS', 'PIECES', '2018-07-03 15:29:22', NULL),
	(5, 'ST-00005', 'KLG', 'KALENG', '2018-07-03 16:16:03', NULL),
	(6, 'ST-00006', 'BTL', 'BOTOL', '2018-07-04 00:39:45', NULL),
	(7, 'ST-00007', 'LTR', 'LITER', '2018-07-04 00:40:08', NULL),
	(8, 'ST-00008', 'GR', 'GRAM', '2018-07-04 00:45:16', NULL),
	(9, 'ST-00009', 'ONS', 'ONS', '2018-07-04 00:45:35', NULL),
	(10, 'ST-00010', 'LBR', 'LEMBAR', '2018-07-04 00:46:03', NULL),
	(11, 'ST-00011', 'MTR', 'METER', '2018-07-04 00:46:22', NULL),
	(12, 'ST-00012', 'PJK', 'PAJAK', '2018-07-04 00:57:22', NULL),
	(13, 'ST-00013', 'ML', NULL, '2018-08-11 03:07:25', NULL),
	(14, 'ST-00014', 'ikat', NULL, '2018-08-11 06:45:58', NULL),
	(15, 'ST-00015', 'LOK', 'LOKASI', '2018-08-21 10:46:35', NULL),
	(16, 'ST-00016', 'GRAM', NULL, '2018-08-29 07:36:39', NULL);
/*!40000 ALTER TABLE `m_satuan` ENABLE KEYS */;

-- Dumping structure for table bisnis_tamma.m_shift
CREATE TABLE IF NOT EXISTS `m_shift` (
  `c_id` int(10) unsigned NOT NULL AUTO_INCREMENT,
  `c_name` varchar(255) COLLATE utf8mb4_unicode_ci NOT NULL,
  `c_start` varchar(255) COLLATE utf8mb4_unicode_ci NOT NULL,
  `c_end` varchar(255) COLLATE utf8mb4_unicode_ci NOT NULL,
  `created_at` timestamp NULL DEFAULT NULL,
  `updated_at` timestamp NULL DEFAULT NULL,
  PRIMARY KEY (`c_id`)
) ENGINE=InnoDB AUTO_INCREMENT=2 DEFAULT CHARSET=utf8mb4 COLLATE=utf8mb4_unicode_ci;

-- Dumping data for table bisnis_tamma.m_shift: ~0 rows (approximately)
DELETE FROM `m_shift`;
/*!40000 ALTER TABLE `m_shift` DISABLE KEYS */;
INSERT INTO `m_shift` (`c_id`, `c_name`, `c_start`, `c_end`, `created_at`, `updated_at`) VALUES
	(1, 'shift 1', '07:00', '16:00', '2018-07-26 10:12:23', '2018-07-26 10:12:23');
/*!40000 ALTER TABLE `m_shift` ENABLE KEYS */;

-- Dumping structure for table bisnis_tamma.m_sub_divisi
CREATE TABLE IF NOT EXISTS `m_sub_divisi` (
  `c_id` int(10) unsigned NOT NULL,
  `c_subdivisi` varchar(255) COLLATE utf8mb4_unicode_ci NOT NULL,
  `created_at` timestamp NULL DEFAULT NULL,
  `updated_at` timestamp NULL DEFAULT NULL,
  PRIMARY KEY (`c_id`)
) ENGINE=InnoDB DEFAULT CHARSET=utf8mb4 COLLATE=utf8mb4_unicode_ci;

-- Dumping data for table bisnis_tamma.m_sub_divisi: ~3 rows (approximately)
DELETE FROM `m_sub_divisi`;
/*!40000 ALTER TABLE `m_sub_divisi` DISABLE KEYS */;
INSERT INTO `m_sub_divisi` (`c_id`, `c_subdivisi`, `created_at`, `updated_at`) VALUES
	(1, 'Leader', '2018-07-26 10:12:23', '2018-07-26 10:12:23'),
	(2, 'Staf', '2018-07-26 10:12:23', '2018-07-26 10:12:23'),
	(3, 'Operasional', '2018-07-26 10:12:23', '2018-07-26 10:12:23');
/*!40000 ALTER TABLE `m_sub_divisi` ENABLE KEYS */;

-- Dumping structure for table bisnis_tamma.m_tunjangan_man
CREATE TABLE IF NOT EXISTS `m_tunjangan_man` (
  `tman_id` int(11) NOT NULL AUTO_INCREMENT COMMENT 'id',
  `tman_levelpeg` varchar(2) COLLATE utf8_unicode_ci NOT NULL COMMENT 'LD: LEADER | ST : STAFF | AL : ALL',
  `tman_nama` varchar(100) COLLATE utf8_unicode_ci NOT NULL,
  `tman_periode` varchar(2) COLLATE utf8_unicode_ci NOT NULL COMMENT 'JM : JAM | HR : HARIAN | MG : MINGGUAN | TH : TAHUNAN | ST : STATIS',
  `tman_value` decimal(10,2) NOT NULL DEFAULT '0.00',
  `tman_created` datetime NOT NULL DEFAULT CURRENT_TIMESTAMP,
  `tman_updated` datetime DEFAULT NULL,
  PRIMARY KEY (`tman_id`)
) ENGINE=InnoDB AUTO_INCREMENT=14 DEFAULT CHARSET=utf8 COLLATE=utf8_unicode_ci COMMENT='tunjangan manajemen';

-- Dumping data for table bisnis_tamma.m_tunjangan_man: ~11 rows (approximately)
DELETE FROM `m_tunjangan_man`;
/*!40000 ALTER TABLE `m_tunjangan_man` DISABLE KEYS */;
INSERT INTO `m_tunjangan_man` (`tman_id`, `tman_levelpeg`, `tman_nama`, `tman_periode`, `tman_value`, `tman_created`, `tman_updated`) VALUES
	(2, 'LD', 'Kehadiran (Leader)', 'HR', 50000.00, '2018-09-30 01:44:39', '2018-09-30 19:31:19'),
	(3, 'ST', 'Kehadiran (Staff)', 'HR', 30000.00, '2018-09-30 01:46:36', '2018-09-30 13:46:36'),
	(4, 'AL', 'Uang Makan', 'HR', 15000.00, '2018-10-05 02:48:18', '2018-10-05 02:48:18'),
	(6, 'AL', 'Tunjangan Anak', 'ST', 100000.00, '2018-10-05 02:50:44', '2018-10-05 02:51:52'),
	(7, 'AL', 'Tunjangan Istri', 'ST', 100000.00, '2018-10-05 02:51:17', '2018-10-05 02:51:17'),
	(8, 'LD', 'Kesehatan (Leader)', 'ST', 100000.00, '2018-10-05 02:52:32', '2018-10-05 02:52:32'),
	(9, 'ST', 'Kesehatan (Staff)', 'ST', 80000.00, '2018-10-05 02:52:57', '2018-10-05 02:52:57'),
	(10, 'AL', 'Transportasi', 'HR', 5000.00, '2018-10-05 02:53:32', '2018-10-05 02:53:32'),
	(11, 'AL', 'Lembur', 'JM', 10000.00, '2018-10-05 02:54:13', '2018-10-05 02:54:13'),
	(12, 'LD', 'Lembur Mingguan (Leader)', 'MG', 100000.00, '2018-10-05 02:54:56', '2018-10-05 02:54:56'),
	(13, 'ST', 'Lembur Mingguan (Staff)', 'MG', 80000.00, '2018-10-05 02:55:20', '2018-10-05 02:55:20');
/*!40000 ALTER TABLE `m_tunjangan_man` ENABLE KEYS */;

-- Dumping structure for table bisnis_tamma.payroll_detail_man
CREATE TABLE IF NOT EXISTS `payroll_detail_man` (
  `id` int(10) unsigned NOT NULL AUTO_INCREMENT,
  `c_payroll_id` int(10) unsigned NOT NULL,
  `c_pegawai_man_id` int(10) unsigned NOT NULL,
  `c_gaji_man_id` int(10) unsigned NOT NULL,
  `c_jumlah` decimal(10,2) NOT NULL DEFAULT '0.00',
  `c_keterangan` varchar(150) COLLATE utf8mb4_unicode_ci NOT NULL,
  `created_at` timestamp NULL DEFAULT NULL,
  `updated_at` timestamp NULL DEFAULT NULL,
  PRIMARY KEY (`id`)
) ENGINE=InnoDB DEFAULT CHARSET=utf8mb4 COLLATE=utf8mb4_unicode_ci;

-- Dumping data for table bisnis_tamma.payroll_detail_man: ~0 rows (approximately)
DELETE FROM `payroll_detail_man`;
/*!40000 ALTER TABLE `payroll_detail_man` DISABLE KEYS */;
/*!40000 ALTER TABLE `payroll_detail_man` ENABLE KEYS */;

-- Dumping structure for table bisnis_tamma.payroll_man
CREATE TABLE IF NOT EXISTS `payroll_man` (
  `c_id` int(10) unsigned NOT NULL AUTO_INCREMENT,
  `c_code` varchar(15) COLLATE utf8mb4_unicode_ci NOT NULL,
  `c_tanggal` date NOT NULL,
  `status` varchar(2) COLLATE utf8mb4_unicode_ci NOT NULL,
  `created_at` timestamp NULL DEFAULT NULL,
  `updated_at` timestamp NULL DEFAULT NULL,
  PRIMARY KEY (`c_id`)
) ENGINE=InnoDB DEFAULT CHARSET=utf8mb4 COLLATE=utf8mb4_unicode_ci;

-- Dumping data for table bisnis_tamma.payroll_man: ~0 rows (approximately)
DELETE FROM `payroll_man`;
/*!40000 ALTER TABLE `payroll_man` DISABLE KEYS */;
/*!40000 ALTER TABLE `payroll_man` ENABLE KEYS */;

-- Dumping structure for table bisnis_tamma.spk_actual
CREATE TABLE IF NOT EXISTS `spk_actual` (
  `ac_id` int(11) NOT NULL AUTO_INCREMENT,
  `ac_spk` int(11) DEFAULT NULL,
  `ac_adonan` decimal(10,2) DEFAULT NULL,
  `ac_adonan_scale` int(5) DEFAULT NULL,
  `ac_kriwilan` decimal(10,2) DEFAULT NULL,
  `ac_kriwilan_scale` int(5) DEFAULT NULL,
  `ac_sampah` decimal(10,2) DEFAULT NULL,
  `ac_sampah_scale` int(5) DEFAULT NULL,
  `ac_insert` timestamp NULL DEFAULT NULL,
  `ac_update` timestamp NULL DEFAULT NULL,
  PRIMARY KEY (`ac_id`)
) ENGINE=InnoDB DEFAULT CHARSET=latin1;

-- Dumping data for table bisnis_tamma.spk_actual: ~0 rows (approximately)
DELETE FROM `spk_actual`;
/*!40000 ALTER TABLE `spk_actual` DISABLE KEYS */;
/*!40000 ALTER TABLE `spk_actual` ENABLE KEYS */;

-- Dumping structure for table bisnis_tamma.spk_formula
CREATE TABLE IF NOT EXISTS `spk_formula` (
  `fr_spk` int(12) DEFAULT NULL,
  `fr_detailid` int(12) DEFAULT NULL,
  `fr_formula` int(12) DEFAULT NULL,
  `fr_value` decimal(10,2) DEFAULT NULL,
  `fr_scale` varchar(50) DEFAULT NULL,
  KEY `FK_spk_formula_d_spk` (`fr_spk`),
  KEY `fr_detailid` (`fr_detailid`),
  CONSTRAINT `FK_spk_formula_d_spk` FOREIGN KEY (`fr_spk`) REFERENCES `d_spk` (`spk_id`)
) ENGINE=InnoDB DEFAULT CHARSET=latin1;

-- Dumping data for table bisnis_tamma.spk_formula: ~10 rows (approximately)
DELETE FROM `spk_formula`;
/*!40000 ALTER TABLE `spk_formula` DISABLE KEYS */;
INSERT INTO `spk_formula` (`fr_spk`, `fr_detailid`, `fr_formula`, `fr_value`, `fr_scale`) VALUES
	(1, 1, 7, 34000.00, '13'),
	(1, 2, 646, 100.00, '8'),
	(1, 3, 70, 3000.00, '8'),
	(1, 4, 71, 800.00, '8'),
	(1, 5, 49, 2400.00, '8'),
	(1, 6, 48, 600.00, '8'),
	(1, 7, 54, 12000.00, '13'),
	(1, 8, 60, 100.00, '10'),
	(1, 9, 73, 2100.00, '10'),
	(1, 10, 3, 80000.00, '8');
/*!40000 ALTER TABLE `spk_formula` ENABLE KEYS */;

/*!40101 SET SQL_MODE=IFNULL(@OLD_SQL_MODE, '') */;
/*!40014 SET FOREIGN_KEY_CHECKS=IF(@OLD_FOREIGN_KEY_CHECKS IS NULL, 1, @OLD_FOREIGN_KEY_CHECKS) */;
/*!40101 SET CHARACTER_SET_CLIENT=@OLD_CHARACTER_SET_CLIENT */;
